{"type":"FeatureCollection","features":[{"type":"Feature","geometry":{"type":"Point","coordinates":[-0.676118201,44.841468219]},"properties":{"commune":"33281","epci":"243300316","departement":"33","region":"75","description":"merignac"}},{"type":"Feature","geometry":{"type":"Point","coordinates":[-0.626315028,44.835409628]},"properties":{"commune":"33281","epci":"243300316","departement":"33","region":"75","description":""}},{"type":"Feature","geometry":{"type":"Point","coordinates":[-0.631639471,44.835188304]},"properties":{"commune":"33281","epci":"243300316","departement":"33","region":"75","description":""}},{"type":"Feature","geometry":{"type":"Point","coordinates":[-0.649982437,44.83331313]},"properties":{"commune":"33281","epci":"243300316","departement":"33","region":"75","description":""}},{"type":"Feature","geometry":{"type":"Point","coordinates":[-0.644386522,44.841363995]},"properties":{"commune":"33281","epci":"243300316","departement":"33","region":"75","description":"Intersection dangereuse "}},{"type":"Feature","geometry":{"type":"Point","coordinates":[-0.660897654,44.85748861]},"properties":{"commune":"33281","epci":"243300316","departement":"33","region":"75","description":"Travers\u00e9e en 2 temps"}},{"type":"Feature","geometry":{"type":"Point","coordinates":[-0.640721201,44.832855642]},"properties":{"commune":"33281","epci":"243300316","departement":"33","region":"75","description":"Temps d\u2019attente long avec le tram "}},{"type":"Feature","geometry":{"type":"Point","coordinates":[-0.616329837,44.838143243]},"properties":{"commune":"33281","epci":"243300316","departement":"33","region":"75","description":"place Mond\u00e9sir"}},{"type":"Feature","geometry":{"type":"Point","coordinates":[-0.687688978,44.829393381]},"properties":{"commune":"33281","epci":"243300316","departement":"33","region":"75","description":"Pas de continuit\u00e9 de pistes. Oblig\u00e9 de traverser la route pour prendre la piste cyclable positionn\u00e9 en face"}},{"type":"Feature","geometry":{"type":"Point","coordinates":[-0.693134828,44.840252192]},"properties":{"commune":"33281","epci":"243300316","departement":"33","region":"75","description":"Piste cyclable tr\u00e8s \u00e9troite, avec peu de protection du cycliste. Beaucoup de camions passent par la. La vitesse de 50 n'est pas respect\u00e9 non plus. "}},{"type":"Feature","geometry":{"type":"Point","coordinates":[-0.678124439,44.851748156]},"properties":{"commune":"33281","epci":"243300316","departement":"33","region":"75","description":"Pas top"}},{"type":"Feature","geometry":{"type":"Point","coordinates":[-0.681715577,44.844700331]},"properties":{"commune":"33281","epci":"243300316","departement":"33","region":"75","description":"Pas top non plus"}},{"type":"Feature","geometry":{"type":"Point","coordinates":[-0.645777924,44.854605273]},"properties":{"commune":"33281","epci":"243300316","departement":"33","region":"75","description":"Dans un sens une bande cyclable \u00e0 contre sens de la circulation et dangereuse ; dans l'autre sens, une bande tr\u00e8s courte qui finit au bout de 20 m sur un trottoir pi\u00e9ton mal entretenu"}},{"type":"Feature","geometry":{"type":"Point","coordinates":[-0.651153517,44.860245494]},"properties":{"commune":"33281","epci":"243300316","departement":"33","region":"75","description":"Aucun am\u00e9nagement alors qu'\u00e9cole primaire et maternelle \u00e0 proximit\u00e9"}},{"type":"Feature","geometry":{"type":"Point","coordinates":[-0.615989405,44.838100605]},"properties":{"commune":"33281","epci":"243300316","departement":"33","region":"75","description":"Rond point dangereux en voiture et encore plus \u00e0 v\u00e9lo "}},{"type":"Feature","geometry":{"type":"Point","coordinates":[-0.620676485,44.837018749]},"properties":{"commune":"33281","epci":"243300316","departement":"33","region":"75","description":null}},{"type":"Feature","geometry":{"type":"Point","coordinates":[-0.673828592,44.832125704]},"properties":{"commune":"33281","epci":"243300316","departement":"33","region":"75","description":"Possibilit\u00e9 de circuler d'un cot\u00e9 \u00e0 l'autre de la rocade et dans la zone commerciale de chemin long"}},{"type":"Feature","geometry":{"type":"Point","coordinates":[-0.658842401,44.846165446]},"properties":{"commune":"33281","epci":"243300316","departement":"33","region":"75","description":"Bande cyclable trop \u00e9troite mal peinture effac\u00e9e "}},{"type":"Feature","geometry":{"type":"Point","coordinates":[-0.662403137,44.842060502]},"properties":{"commune":"33281","epci":"243300316","departement":"33","region":"75","description":"Bande cyclable \u00e9troite et non s\u00e9par\u00e9e sur axe tr\u00e8s passant"}},{"type":"Feature","geometry":{"type":"Point","coordinates":[-0.693638377,44.853199176]},"properties":{"commune":"33281","epci":"243300316","departement":"33","region":"75","description":"beaucoup de circulation et pas d'am\u00e9nagement cyclable"}},{"type":"Feature","geometry":{"type":"Point","coordinates":[-0.626660247,44.835217347]},"properties":{"commune":"33281","epci":"243300316","departement":"33","region":"75","description":""}},{"type":"Feature","geometry":{"type":"Point","coordinates":[-0.643163925,44.85255964]},"properties":{"commune":"33281","epci":"243300316","departement":"33","region":"75","description":"Carrefour dangereux "}},{"type":"Feature","geometry":{"type":"Point","coordinates":[-0.645170221,44.852556055]},"properties":{"commune":"33281","epci":"243300316","departement":"33","region":"75","description":"Carrefour dangereux pour les v\u00e9lox, un temps d\u00e9di\u00e9 \u00e0 la travers\u00e9e des v\u00e9los ne serait pas du luxe"}},{"type":"Feature","geometry":{"type":"Point","coordinates":[-0.644769772,44.85122702]},"properties":{"commune":"33281","epci":"243300316","departement":"33","region":"75","description":"Carrefour probl\u00e9matique en v\u00e9lo lorsqu'il faut tourner \u00e0 gauche. Les voitures roulent vite, et celles qui patientent derri\u00e8re le v\u00e9lo ne sont pas les plus patientes."}},{"type":"Feature","geometry":{"type":"Point","coordinates":[-0.654961558,44.854399221]},"properties":{"commune":"33281","epci":"243300316","departement":"33","region":"75","description":"L'avenue Robinson ne dispose que d'une petite bande v\u00e9lo mais les voitures roulent vite et sont proches."}},{"type":"Feature","geometry":{"type":"Point","coordinates":[-0.632060166,44.835184]},"properties":{"commune":"33281","epci":"243300316","departement":"33","region":"75","description":"Avenue de la Marne - le long du parc de Bourran - Pas d'am\u00e9nagements cyclables et tr\u00e8s forte circulation auto"}},{"type":"Feature","geometry":{"type":"Point","coordinates":[-0.644128445,44.855053772]},"properties":{"commune":"33281","epci":"243300316","departement":"33","region":"75","description":"Avenue de la Lib\u00e9ration - Il y avait des bandes cyclables (certes \u00e9troites), elles ont \u00e9t\u00e9 effac\u00e9es..."}},{"type":"Feature","geometry":{"type":"Point","coordinates":[-0.624728177,44.838711389]},"properties":{"commune":"33281","epci":"243300316","departement":"33","region":"75","description":"Pas d'am\u00e9nagements cyclables sur l'une des liaisons les plus importantes vers Bordeaux"}},{"type":"Feature","geometry":{"type":"Point","coordinates":[-0.616101778,44.838241067]},"properties":{"commune":"33281","epci":"243300316","departement":"33","region":"75","description":"Place mondesir"}},{"type":"Feature","geometry":{"type":"Point","coordinates":[-0.667578522,44.842477317]},"properties":{"commune":"33281","epci":"243300316","departement":"33","region":"75","description":"Cette rue !"}},{"type":"Feature","geometry":{"type":"Point","coordinates":[-0.653676889,44.854051674]},"properties":{"commune":"33281","epci":"243300316","departement":"33","region":"75","description":"Cette rue"}},{"type":"Feature","geometry":{"type":"Point","coordinates":[-0.670758578,44.832034998]},"properties":{"commune":"33281","epci":"243300316","departement":"33","region":"75","description":"Le passage au dessus de la rocade (\u00e9changeur) est hyper dangereux "}},{"type":"Feature","geometry":{"type":"Point","coordinates":[-0.626627742,44.832740599]},"properties":{"commune":"33281","epci":"243300316","departement":"33","region":"75","description":null}},{"type":"Feature","geometry":{"type":"Point","coordinates":[-0.628763302,44.832797122]},"properties":{"commune":"33281","epci":"243300316","departement":"33","region":"75","description":null}},{"type":"Feature","geometry":{"type":"Point","coordinates":[-0.692664925,44.835244791]},"properties":{"commune":"33281","epci":"243300316","departement":"33","region":"75","description":null}},{"type":"Feature","geometry":{"type":"Point","coordinates":[-0.634700186,44.814922058]},"properties":{"commune":"33281","epci":"243300316","departement":"33","region":"75","description":null}},{"type":"Feature","geometry":{"type":"Point","coordinates":[-0.6285024,44.835007163]},"properties":{"commune":"33281","epci":"243300316","departement":"33","region":"75","description":"Route passante sans piste cyclable."}},{"type":"Feature","geometry":{"type":"Point","coordinates":[-0.622804267,44.838587277]},"properties":{"commune":"33281","epci":"243300316","departement":"33","region":"75","description":"Pas de piste s\u00e9par\u00e9e des voitures qui souvent roulent ou bloquent la piste, grand axe de passage aux horaires de bureau"}},{"type":"Feature","geometry":{"type":"Point","coordinates":[-0.609185853,44.837928558]},"properties":{"commune":"33281","epci":"243300316","departement":"33","region":"75","description":"Bande cyclable \u00e9troite et v\u00e9tuste sur une bonne portion, souvent les voitures roulent trop vite et la voie est endommag\u00e9e, pouvant poser des soucis d'\u00e9quilibre aux plus petits et aux v\u00e9los \u00e0 fines roues"}},{"type":"Feature","geometry":{"type":"Point","coordinates":[-0.616019507,44.838348529]},"properties":{"commune":"33281","epci":"243300316","departement":"33","region":"75","description":""}},{"type":"Feature","geometry":{"type":"Point","coordinates":[-0.647489446,44.841838133]},"properties":{"commune":"33281","epci":"243300316","departement":"33","region":"75","description":"Manque une partie cyclable. Aux heures de pointe les v\u00e9los ne passent pas"}},{"type":"Feature","geometry":{"type":"Point","coordinates":[-0.616268081,44.838291428]},"properties":{"commune":"33281","epci":"243300316","departement":"33","region":"75","description":"Vivement que \u00e7a devienne cyclable"}},{"type":"Feature","geometry":{"type":"Point","coordinates":[-0.64375307,44.848078328]},"properties":{"commune":"33281","epci":"243300316","departement":"33","region":"75","description":null}},{"type":"Feature","geometry":{"type":"Point","coordinates":[-0.671987993,44.817554936]},"properties":{"commune":"33281","epci":"243300316","departement":"33","region":"75","description":"Vitesse excessive des automobilistes"}},{"type":"Feature","geometry":{"type":"Point","coordinates":[-0.635105031,44.839270555]},"properties":{"commune":"33281","epci":"243300316","departement":"33","region":"75","description":"Ce carrefour est toujours tr\u00e8s dangereux avec des v\u00e9hicules qui doublent ceux \u00e0 l'arr\u00eat (pour vers rue Robert Baillon) par la bande cyclable sans regarder dans leur r\u00e9troviseur la pr\u00e9sence de v\u00e9los"}},{"type":"Feature","geometry":{"type":"Point","coordinates":[-0.65580049,44.841495908]},"properties":{"commune":"33281","epci":"243300316","departement":"33","region":"75","description":"Plus de piste cyclable avec bcp de voitures qui se garent pour aller aux petits commerces \u00e0 proximit\u00e9 sans faire attention \u00e0 la pr\u00e9sence de v\u00e9los."}},{"type":"Feature","geometry":{"type":"Point","coordinates":[-0.663603604,44.82617347]},"properties":{"commune":"33281","epci":"243300316","departement":"33","region":"75","description":"Piste cyclable s\u00e9par\u00e9e de la route mais trottoirs \u00e0 franchir pour monter descendre = d\u00e9g\u00e2ts sur les roues"}},{"type":"Feature","geometry":{"type":"Point","coordinates":[-0.668161435,44.833735536]},"properties":{"commune":"33281","epci":"243300316","departement":"33","region":"75","description":null}},{"type":"Feature","geometry":{"type":"Point","coordinates":[-0.66816817,44.828167672]},"properties":{"commune":"33281","epci":"243300316","departement":"33","region":"75","description":""}},{"type":"Feature","geometry":{"type":"Point","coordinates":[-0.672283813,44.827938579]},"properties":{"commune":"33281","epci":"243300316","departement":"33","region":"75","description":null}},{"type":"Feature","geometry":{"type":"Point","coordinates":[-0.75219125,44.840224329]},"properties":{"commune":"33281","epci":"243300316","departement":"33","region":"75","description":"Travers\u00e9e du rond point"}},{"type":"Feature","geometry":{"type":"Point","coordinates":[-0.716649262,44.801071206]},"properties":{"commune":"33281","epci":"243300316","departement":"33","region":"75","description":null}},{"type":"Feature","geometry":{"type":"Point","coordinates":[-0.75058179,44.840743026]},"properties":{"commune":"33281","epci":"243300316","departement":"33","region":"75","description":"Petite piste cyclables mais pas s\u00e9curis\u00e9 car les voitures roulent vite "}},{"type":"Feature","geometry":{"type":"Point","coordinates":[-0.660738845,44.857457177]},"properties":{"commune":"33281","epci":"243300316","departement":"33","region":"75","description":"Feu voiture peu respect\u00e9"}},{"type":"Feature","geometry":{"type":"Point","coordinates":[-0.676588641,44.832320654]},"properties":{"commune":"33281","epci":"243300316","departement":"33","region":"75","description":"Travers\u00e9e en v\u00e9lo tr\u00e8s dangereuse car aucun am\u00e9nagement."}},{"type":"Feature","geometry":{"type":"Point","coordinates":[-0.666978481,44.84606055]},"properties":{"commune":"33281","epci":"243300316","departement":"33","region":"75","description":"Cette rue, qui abrite une \u00e9cole, pose de s\u00e9rieux probl\u00e8mes de s\u00e9curit\u00e9 : absence de piste cyclable, trafic motoris\u00e9 intense et rapide, encombrement des trottoirs et incivilit\u00e9s fr\u00e9quentes. La pr\u00e9sence d'enfants cyclistes et de pi\u00e9tons, y compris avec des poussettes, rend la situation particuli\u00e8rement dangereuse. De plus, les barri\u00e8res aux passages pi\u00e9tons entravent la travers\u00e9e des v\u00e9los ( a pieds) et des poussettes."}},{"type":"Feature","geometry":{"type":"Point","coordinates":[-0.632203112,44.835189725]},"properties":{"commune":"33281","epci":"243300316","departement":"33","region":"75","description":"Pas de piste cyclable ici"}},{"type":"Feature","geometry":{"type":"Point","coordinates":[-0.616793109,44.838288586]},"properties":{"commune":"33281","epci":"243300316","departement":"33","region":"75","description":"Stationnement sur la piste cyclable Syst\u00e9matique des voitures car la poste et des DAB sont \u00e0 c\u00f4t\u00e9."}},{"type":"Feature","geometry":{"type":"Point","coordinates":[-0.616862019,44.836539297]},"properties":{"commune":"33281","epci":"243300316","departement":"33","region":"75","description":"Lorsque l on attend au c\u00e9dez le passage rue du B\u00e9arn les v\u00e9hicules qui remontent ou descendent l avenue Mar\u00e9chal Gallieni et qui tournent rue du B\u00e9arn risquent de nous percuter fr\u00e9quemment."}},{"type":"Feature","geometry":{"type":"Point","coordinates":[-0.61530884,44.836157731]},"properties":{"commune":"33281","epci":"243300316","departement":"33","region":"75","description":"Similaire au point num\u00e9ro 2 . Les v\u00e9hicules qui remontent la rue de la source et tournent rue Tocqueville pensent qu ils sont seuls ne nous voient pas au c\u00e9dez le passage et risque collision frontale."}},{"type":"Feature","geometry":{"type":"Point","coordinates":[-0.706317455,44.811035472]},"properties":{"commune":"33281","epci":"243300316","departement":"33","region":"75","description":"Virage sec, faible visibilit\u00e9 de nuit ou quand il pleut beaucoup\/ il y a d\u00fb brouillard. Il faudrait un panneau r\u00e9fl\u00e9chissant ou un \u00e9clairage ponctuel."}},{"type":"Feature","geometry":{"type":"Point","coordinates":[-0.643497579,44.858264782]},"properties":{"commune":"33281","epci":"243300316","departement":"33","region":"75","description":"Peinture vieillissante et effac\u00e9e qui ne permet plus la bonne visibilit\u00e9 de la bande cyclable. La bande cyclable se transforme r\u00e9guli\u00e8rement en uniquement les symboles cyclistes et des chevrons sans qu'il n'y ai de pointill\u00e9s continues pour mat\u00e9rialiser la bande sur tout le long de la voie"}},{"type":"Feature","geometry":{"type":"Point","coordinates":[-0.635632784,44.832456627]},"properties":{"commune":"33281","epci":"243300316","departement":"33","region":"75","description":"rue Alfred de Vigny \nbeaucoup de circulation et deux bandes cyclables avec un voie double sens au milieu qui oblige les voitures qui se croisent \u00e0 se d\u00e9caler sur les bandes cyclables. Tr\u00e8s dangereux pour es v\u00e9los"}},{"type":"Feature","geometry":{"type":"Point","coordinates":[-0.678774048,44.832281052]},"properties":{"commune":"33281","epci":"243300316","departement":"33","region":"75","description":"Acc\u00e8s quasi impossible \u00e0 v\u00e9lo \u00e0 la zone commerciale et d'activit\u00e9 lorsqu'on arrive par le nord"}},{"type":"Feature","geometry":{"type":"Point","coordinates":[-0.654789579,44.849244408]},"properties":{"commune":"33281","epci":"243300316","departement":"33","region":"75","description":"Refus de la Mairie de supprimer des stationnement automobiles r\u00e9tr\u00e9cissant la chauss\u00e9e et mettant les cyclistes en danger."}},{"type":"Feature","geometry":{"type":"Point","coordinates":[-0.633615383,44.824132494]},"properties":{"commune":"33281","epci":"243300316","departement":"33","region":"75","description":null}},{"type":"Feature","geometry":{"type":"Point","coordinates":[-0.616289823,44.838233822]},"properties":{"commune":"33281","epci":"243300316","departement":"33","region":"75","description":"Absolument pas adapt\u00e9e aux v\u00e9los, extr\u00eamement dangereux malgr\u00e9 la vigilance et la bienveillance de nombreux automobilistes "}},{"type":"Feature","geometry":{"type":"Point","coordinates":[-0.61113191,44.838237505]},"properties":{"commune":"33281","epci":"243300316","departement":"33","region":"75","description":"Voitures qui circulent tr\u00e8s vite et pas de bande cyclable sur toute la route "}},{"type":"Feature","geometry":{"type":"Point","coordinates":[-0.630940124,44.837918654]},"properties":{"commune":"33281","epci":"243300316","departement":"33","region":"75","description":null}},{"type":"Feature","geometry":{"type":"Point","coordinates":[-0.643641197,44.856246923]},"properties":{"commune":"33281","epci":"243300316","departement":"33","region":"75","description":"Rond point tr\u00e8s dangereux avec des accidents de voitures r\u00e9guliers. C\u2019est toujours angoissant d\u2019y passer \u00e0 v\u00e9lo. Ma compagne a \u00e9t\u00e9 percut\u00e9 \u00e0 cet endroit par un bus. C\u2019est un miracle si elle s\u2019en est sortie vivante."}},{"type":"Feature","geometry":{"type":"Point","coordinates":[-0.668706791,44.829181685]},"properties":{"commune":"33281","epci":"243300316","departement":"33","region":"75","description":"Zone industrielle de chemin long, absolument pas \u00e9quip\u00e9e en voie cyclable"}},{"type":"Feature","geometry":{"type":"Point","coordinates":[-0.621619819,44.838287401]},"properties":{"commune":"33281","epci":"243300316","departement":"33","region":"75","description":"Bande cyclable trop proche des voitures"}},{"type":"Feature","geometry":{"type":"Point","coordinates":[-0.631939978,44.830107411]},"properties":{"commune":"33281","epci":"243300316","departement":"33","region":"75","description":"voie pas assez large pour voitures et v\u00e9los =>30km\/h devrait \u00eatre impos\u00e9 par des ralentisseurs car les voitures doublent les v\u00e9los \u00e0 pleine vitesse et peuvent croiser des v\u00e9los en face"}},{"type":"Feature","geometry":{"type":"Point","coordinates":[-0.741967103,44.842573623]},"properties":{"commune":"33281","epci":"243300316","departement":"33","region":"75","description":"Piste cyclable tr\u00e8s sale "}},{"type":"Feature","geometry":{"type":"Point","coordinates":[-0.659476196,44.83147343]},"properties":{"commune":"33281","epci":"243300316","departement":"33","region":"75","description":"av Kennedy : intersections dangereuses"}},{"type":"Feature","geometry":{"type":"Point","coordinates":[-0.655552182,44.849406962]},"properties":{"commune":"33281","epci":"243300316","departement":"33","region":"75","description":"Piste cyclable qui entra\u00eene un r\u00e9tr\u00e9cissement de la route pour les voitures qui du coup ne respectent pas la piste cyclable "}},{"type":"Feature","geometry":{"type":"Point","coordinates":[-0.627287327,44.835016434]},"properties":{"commune":"33281","epci":"243300316","departement":"33","region":"75","description":"Piste cyclable utilis\u00e9e comme parking par les voitures "}},{"type":"Feature","geometry":{"type":"Point","coordinates":[-0.614208825,44.827173375]},"properties":{"commune":"33281","epci":"243300316","departement":"33","region":"75","description":"Entre l\u2019arr\u00eat Saint-Augustin et Fran\u00e7ois Mitterrand, fin de continuit\u00e9 cyclable. Beaucoup de cyclistes pr\u00e9f\u00e8rent monter sur le trottoir plut\u00f4t que de rouler avec les voitures. Et dans le sens Pellegrin vers St-Augustin puis vers Mitterrand, une bidirectionnelle partag\u00e9e avec les pi\u00e9tons se termine au carrefour de St-Augustin. Beaucoup de cycliste choisissent de continuer sur le trottoir pour rejoindre les prochaines rues adjacentes ou le prochain carrefour."}},{"type":"Feature","geometry":{"type":"Point","coordinates":[-0.679733593,44.825464114]},"properties":{"commune":"33281","epci":"243300316","departement":"33","region":"75","description":"Route pour acc\u00e9der au bourghail. Des motards \u00e0 pleine vitesse et en wheeling y sont tr\u00e8s r\u00e9guli\u00e8rement "}},{"type":"Feature","geometry":{"type":"Point","coordinates":[-0.674760548,44.832194457]},"properties":{"commune":"33281","epci":"243300316","departement":"33","region":"75","description":"Pas de voie cyclable pour traverser sur le pont et poursuivre sur la D1563 vers l'a\u00e9roport "}},{"type":"Feature","geometry":{"type":"Point","coordinates":[-0.635652438,44.85083465]},"properties":{"commune":"33281","epci":"243300316","departement":"33","region":"75","description":"Autour du parc de bourran \nProbl\u00e8me d\u2019\u00e9clairage des pistes"}},{"type":"Feature","geometry":{"type":"Point","coordinates":[-0.647035137,44.841348343]},"properties":{"commune":"33281","epci":"243300316","departement":"33","region":"75","description":"Pas d'am\u00e9nagement cyclable sur 500m entre le carefour de merignac centre et la piste s\u00e9par\u00e9e rejoignant le lyc\u00e9e de M\u00e9rignac. Cela cr\u00e9e un goulot o\u00f9 des voiture se retrouve coinc\u00e9 derri\u00e8re les v\u00e9los sans possibilit\u00e9s de d\u00e9passement, ce qui provoque une situation tr\u00e8s stressante en tant que cycliste"}},{"type":"Feature","geometry":{"type":"Point","coordinates":[-0.645192131,44.85254439]},"properties":{"commune":"33281","epci":"243300316","departement":"33","region":"75","description":"Carrefour dangereux "}},{"type":"Feature","geometry":{"type":"Point","coordinates":[-0.658584863,44.818882945]},"properties":{"commune":"33281","epci":"243300316","departement":"33","region":"75","description":"Rev\u00eatement inconfortable (plaques de b\u00e9ton disjointes)"}},{"type":"Feature","geometry":{"type":"Point","coordinates":[-0.639966175,44.840653161]},"properties":{"commune":"33281","epci":"243300316","departement":"33","region":"75","description":"Perte de priorit\u00e9 "}},{"type":"Feature","geometry":{"type":"Point","coordinates":[-0.645355929,44.83253982]},"properties":{"commune":"33281","epci":"243300316","departement":"33","region":"75","description":"Situation peu claire pour les cyclistes \u00e0 cause des travaux "}},{"type":"Feature","geometry":{"type":"Point","coordinates":[-0.661510395,44.814030618]},"properties":{"commune":"33281","epci":"243300316","departement":"33","region":"75","description":"Rev\u00eatement effroyable!"}},{"type":"Feature","geometry":{"type":"Point","coordinates":[-0.623466652,44.816197954]},"properties":{"commune":"33281","epci":"243300316","departement":"33","region":"75","description":"Les voitures cherchent souvent \u00e0 doubler dans cette zone en d\u00e9pit des am\u00e9nagements destin\u00e9s \u00e0 les ralentir."}},{"type":"Feature","geometry":{"type":"Point","coordinates":[-0.614368786,44.826942189]},"properties":{"commune":"33281","epci":"243300316","departement":"33","region":"75","description":"chauss\u00e9e d\u00e9grad\u00e9e"}},{"type":"Feature","geometry":{"type":"Point","coordinates":[-0.631963313,44.824633922]},"properties":{"commune":"33281","epci":"243300316","departement":"33","region":"75","description":"chauss\u00e9e d\u00e9grad\u00e9"}},{"type":"Feature","geometry":{"type":"Point","coordinates":[-0.671354629,44.817588061]},"properties":{"commune":"33281","epci":"243300316","departement":"33","region":"75","description":""}},{"type":"Feature","geometry":{"type":"Point","coordinates":[-0.744084659,44.842914168]},"properties":{"commune":"33281","epci":"243300316","departement":"33","region":"75","description":"vers merignac"}},{"type":"Feature","geometry":{"type":"Point","coordinates":[-0.745131588,44.841646423]},"properties":{"commune":"33281","epci":"243300316","departement":"33","region":"75","description":"Les voitures roulent vite"}},{"type":"Feature","geometry":{"type":"Point","coordinates":[-0.616079389,44.838487884]},"properties":{"commune":"33281","epci":"243300316","departement":"33","region":"75","description":"Constamment des v\u00e9hicules sur la piste, partage de la voirie avec les v\u00e9hicules motoris\u00e9s catastrophique"}},{"type":"Feature","geometry":{"type":"Point","coordinates":[-0.725559139,44.816701597]},"properties":{"commune":"33281","epci":"243300316","departement":"33","region":"75","description":null}},{"type":"Feature","geometry":{"type":"Point","coordinates":[-0.747228773,44.841379962]},"properties":{"commune":"33281","epci":"243300316","departement":"33","region":"75","description":""}},{"type":"Feature","geometry":{"type":"Point","coordinates":[-0.737329345,44.844958638]},"properties":{"commune":"33281","epci":"243300316","departement":"33","region":"75","description":""}},{"type":"Feature","geometry":{"type":"Point","coordinates":[-0.748857986,44.841472768]},"properties":{"commune":"33281","epci":"243300316","departement":"33","region":"75","description":"piste partag\u00e9e avec la toute"}},{"type":"Feature","geometry":{"type":"Point","coordinates":[-0.709814234,44.817244663]},"properties":{"commune":"33281","epci":"243300316","departement":"33","region":"75","description":null}},{"type":"Feature","geometry":{"type":"Point","coordinates":[-0.621399096,44.838585031]},"properties":{"commune":"33281","epci":"243300316","departement":"33","region":"75","description":null}},{"type":"Feature","geometry":{"type":"Point","coordinates":[-0.625561763,44.838737099]},"properties":{"commune":"33281","epci":"243300316","departement":"33","region":"75","description":null}},{"type":"Feature","geometry":{"type":"Point","coordinates":[-0.617872051,44.829374357]},"properties":{"commune":"33281","epci":"243300316","departement":"33","region":"75","description":"Itin\u00e9raire de shunt voiture, voie \u00e0 double sens. sentiment d'ins\u00e9curit\u00e9 fort de circuler en v\u00e9lo dans le sens Nord vers sud car le shunt est du sud vers le nord (vers place mond\u00e9sir) et les gens roulent vite"}},{"type":"Feature","geometry":{"type":"Point","coordinates":[-0.621240228,44.834806305]},"properties":{"commune":"33281","epci":"243300316","departement":"33","region":"75","description":"Horrible, tr\u00e8s serr\u00e9, les voitures accelerent"}},{"type":"Feature","geometry":{"type":"Point","coordinates":[-0.620152224,44.837030154]},"properties":{"commune":"33281","epci":"243300316","departement":"33","region":"75","description":"Les voitures vont tr\u00e8s tr\u00e8s vite"}},{"type":"Feature","geometry":{"type":"Point","coordinates":[-0.613822464,44.83045713]},"properties":{"commune":"33281","epci":"243300316","departement":"33","region":"75","description":"Dangereux partout"}},{"type":"Feature","geometry":{"type":"Point","coordinates":[-0.665310966,44.829770187]},"properties":{"commune":"33281","epci":"243300316","departement":"33","region":"75","description":""}},{"type":"Feature","geometry":{"type":"Point","coordinates":[-0.615040899,44.833034333]},"properties":{"commune":"33281","epci":"243300316","departement":"33","region":"75","description":"On g\u00e8ne les voitures qui ont tendance a doubler sans respecter la distance de s\u00e9curit\u00e9."}},{"type":"Feature","geometry":{"type":"Point","coordinates":[-0.671911316,44.81771103]},"properties":{"commune":"33281","epci":"243300316","departement":"33","region":"75","description":"Probl\u00e8me de continuit\u00e9 de piste pour traverser la rocade "}},{"type":"Feature","geometry":{"type":"Point","coordinates":[-0.656665244,44.832624791]},"properties":{"commune":"33281","epci":"243300316","departement":"33","region":"75","description":"Piste a terminer"}},{"type":"Feature","geometry":{"type":"Point","coordinates":[-0.63722498,44.834432538]},"properties":{"commune":"33281","epci":"243300316","departement":"33","region":"75","description":"Piste pas assez large. Voitures toujours dessus au feu rouge "}},{"type":"Feature","geometry":{"type":"Point","coordinates":[-0.623614113,44.816372806]},"properties":{"commune":"33281","epci":"243300316","departement":"33","region":"75","description":"Axe important non am\u00e9nag\u00e9"}},{"type":"Feature","geometry":{"type":"Point","coordinates":[-0.615123174,44.826674609]},"properties":{"commune":"33281","epci":"243300316","departement":"33","region":"75","description":"Zone super dangereuse en direction de l'h\u00f4pital :\n-Signal\u00e9tique mal comprise par les automobilistes, et parfois par les cyclistes (combien de klaxons j'ai eu pour me dire que je prenais la mauvaise bande cyclable, alors que celle sug\u00e9r\u00e9e permet de tourner \u00e0 gauche en s\u00e9curit\u00e9, l'autre couramment prise permet d'aller tout droit)\n- Queue de poisson dangereuse par les automobilistes tournant \u00e0 droite\n- Apr\u00e8s l'intersection, conflit entre v\u00e9lo et voiture car il n'y a plus de pistes cyclables. "}},{"type":"Feature","geometry":{"type":"Point","coordinates":[-0.632367286,44.835221739]},"properties":{"commune":"33281","epci":"243300316","departement":"33","region":"75","description":"Pas de pistes cyclables, manque de s\u00e9curit\u00e9.pas tr\u00e8s agr\u00e9ables quand on sent les conducteurs derri\u00e8re qui attendent de doubler."}},{"type":"Feature","geometry":{"type":"Point","coordinates":[-0.646412605,44.851103685]},"properties":{"commune":"33281","epci":"243300316","departement":"33","region":"75","description":"Pour entrer dans l'\u00e9cole, on passe par une entr\u00e9e pi\u00e9tons et v\u00e9los \u00e9triqu\u00e9e, et sur la place de la poste, des voitures font des marches arri\u00e8re, se garent sur les trottoirs, il y a des pi\u00e9tons. Avec des enfants, \u00e7a demande beaucoup de concentration."}},{"type":"Feature","geometry":{"type":"Point","coordinates":[-0.632520107,44.835307778]},"properties":{"commune":"33281","epci":"243300316","departement":"33","region":"75","description":"Chauss\u00e9e partage avec les v\u00e9hicules motoris\u00e9s pour se rendre vers Bordeaux, puis piste bien trop \u00e9troite et dangereuse ou les v\u00e9hicules n'h\u00e9sitent pas \u00e0 fr\u00f4ler les cyclistes"}},{"type":"Feature","geometry":{"type":"Point","coordinates":[-0.67951529,44.848001414]},"properties":{"commune":"33281","epci":"243300316","departement":"33","region":"75","description":"Giratoire terrifiant, la piste s'arr\u00eate compl\u00e8tement d'un coup juste avant dans les deux sens. Il faut se faufiler dans les bouchons en heure de pointe ou s'ins\u00e9rer dans un traffic dense et rapide le reste du temps"}},{"type":"Feature","geometry":{"type":"Point","coordinates":[-0.621995031,44.828562789]},"properties":{"commune":"33281","epci":"243300316","departement":"33","region":"75","description":"R\u00e9duction du profil en travers de la rue, rue tr\u00e8s \u00e9troite \u00e0 double sens de circulation, sans am\u00e9nagement cyclable et trafic important."}},{"type":"Feature","geometry":{"type":"Point","coordinates":[-0.634114811,44.824245785]},"properties":{"commune":"33281","epci":"243300316","departement":"33","region":"75","description":"VDO. Ca pourrait \u00eatre un havre de paix mais le manque d'entretien et le fait d'avoir un seul rond point as la hollandaise pose des probl\u00e8mes de conprehension des priorit\u00e9s. "}},{"type":"Feature","geometry":{"type":"Point","coordinates":[-0.677466702,44.832427288]},"properties":{"commune":"33281","epci":"243300316","departement":"33","region":"75","description":"Il n\u2019y a aucune indication d\u2019interdiction pour les v\u00e9los sur ce pont. Si l\u2019on part de d\u00e9cathlon pour aller vers la ZA chemin long ce pont est dangereux pour les v\u00e9los "}},{"type":"Feature","geometry":{"type":"Point","coordinates":[-0.620967769,44.834123893]},"properties":{"commune":"33281","epci":"243300316","departement":"33","region":"75","description":"Cette v\u00e9lo rue est assez peu respect\u00e9e malheureusement.\nUne meilleure sensibilisation des automobilistes permettrait qu'ils sachent que c'en est une"}},{"type":"Feature","geometry":{"type":"Point","coordinates":[-0.634433157,44.839326845]},"properties":{"commune":"33281","epci":"243300316","departement":"33","region":"75","description":"Passage pi\u00e9ton mortel ! Par deux fois en v\u00e9lo je me suis arr\u00eat\u00e9 pour laisser passer des pi\u00e9tons (code de la route), des VL n'ont pas compris, puis h\u00e9sit\u00e9 et acc\u00e9l\u00e9r\u00e9 en rasant les pi\u00e9tons... Trop d'informations \u00e0 g\u00e9rer et m\u00e9connaissance du code. Manque de r\u00e9pression."}},{"type":"Feature","geometry":{"type":"Point","coordinates":[-0.617131332,44.833450029]},"properties":{"commune":"33281","epci":"243300316","departement":"33","region":"75","description":"Cours d'Ornano :  Rue \u00e0 sens unique, assez \u00e9troite, ne permettant pas une piste cyclable sur le cot\u00e9 (d'o\u00f9 le sigle \"v\u00e9lo\" clairement inscrit au milieu de la chauss\u00e9e. Cohabitation avec les voitures difficile, elles ne respectent que tr\u00e8s rarement les distances de s\u00e9curit\u00e9 quand elles doublent un v\u00e9lo ou la limitation de vitesse \u00e0 30Km\/h."}},{"type":"Feature","geometry":{"type":"Point","coordinates":[-0.691927637,44.847186076]},"properties":{"commune":"33281","epci":"243300316","departement":"33","region":"75","description":"se faire doubler le matin dans les ronds points proches des entreprises de l'aeroparc car les gens sont en retard \u00e0 cause des bouchons"}},{"type":"Feature","geometry":{"type":"Point","coordinates":[-0.621630431,44.826750501]},"properties":{"commune":"33281","epci":"243300316","departement":"33","region":"75","description":"Piste cyclable qui aboutit sur un trottoir "}},{"type":"Feature","geometry":{"type":"Point","coordinates":[-0.646459655,44.844684626]},"properties":{"commune":"33281","epci":"243300316","departement":"33","region":"75","description":"Proximit\u00e9 dangereuse avec les voitures (surtout pour s'engager vers l'\u00e9cole)"}},{"type":"Feature","geometry":{"type":"Point","coordinates":[-0.616096122,44.838362511]},"properties":{"commune":"33281","epci":"243300316","departement":"33","region":"75","description":"Carrefour absolument pas adapt\u00e9 aux v\u00e9los. Dangereux"}},{"type":"Feature","geometry":{"type":"Point","coordinates":[-0.638648908,44.828174008]},"properties":{"commune":"33281","epci":"243300316","departement":"33","region":"75","description":"Pas de trottoir. Piste cyclable partag\u00e9e avec pietons poussettes et uber eats. Alors qu un trottoir est interdit aux cyclistes. Il faut fabriquer un trottoir pietons ici."}},{"type":"Feature","geometry":{"type":"Point","coordinates":[-0.693814522,44.853545567]},"properties":{"commune":"33281","epci":"243300316","departement":"33","region":"75","description":"Nombreux camions - pas de bande ou piste s\u00e9curis\u00e9e"}},{"type":"Feature","geometry":{"type":"Point","coordinates":[-0.693567868,44.84060479]},"properties":{"commune":"33281","epci":"243300316","departement":"33","region":"75","description":"Bande cyclable tr\u00e8s peu large et mal entretenue"}},{"type":"Feature","geometry":{"type":"Point","coordinates":[-0.658488918,44.819101211]},"properties":{"commune":"33281","epci":"243300316","departement":"33","region":"75","description":"La travers\u00e9e de l'avenue Fran\u00e7ois Mitterrand est d\u00e9sagr\u00e9able car, m\u00eame si nombreux sont les automobilistes \u00e0 nous laisser passer il est assez fr\u00e9quent d'avoir des insultes de la part de l'automobiliste suivant qui a du s'arr\u00eater. De plus, si on a le malheur de passer sur le rond point (ce que j'ai fais du fait de travaux sur la piste ces dernier temps), alors l\u00e0, c'est insulte et queue de poisson."}},{"type":"Feature","geometry":{"type":"Point","coordinates":[-0.692582282,44.849978808]},"properties":{"commune":"33281","epci":"243300316","departement":"33","region":"75","description":"La zone a\u00e9roportuaire de M\u00e9rignac est un bel exemple de la vision du v\u00e9lo en france. On fait de belles pistes partag\u00e9es avec les pi\u00e9tons pour \u00e9viter que les cyclistes ne g\u00eanent les automobilistes. Mais, \u00e0 chaque rond-point, la travers\u00e9e est hasardeuse. M\u00eame si je pr\u00e9f\u00e8re passer lorsque cela ne g\u00eane personne, de nombreux automobilistes nous laisse passer et se mettent en danger car les suivant qui arrivent vite, n'ont pas forc\u00e9ment le temps de s'arr\u00eater. Deux fois, j'ai \u00e9t\u00e9 t\u00e9moin d'accrochages."}},{"type":"Feature","geometry":{"type":"Point","coordinates":[-0.616338051,44.838375523]},"properties":{"commune":"33281","epci":"243300316","departement":"33","region":"75","description":"Dangereux"}},{"type":"Feature","geometry":{"type":"Point","coordinates":[-0.616989747,44.835297262]},"properties":{"commune":"33281","epci":"243300316","departement":"33","region":"75","description":"Itin\u00e9raire de shunt voiture, voie \u00e0 sens unique sans itin\u00e9raire de double sens cyclable. sentiment d'ins\u00e9curit\u00e9 fort de circuler en v\u00e9lo car le shunt est du sud vers le nord (vers place mond\u00e9sir) et les gens roulent vite."}},{"type":"Feature","geometry":{"type":"Point","coordinates":[-0.615986887,44.838095473]},"properties":{"commune":"33281","epci":"243300316","departement":"33","region":"75","description":"Place mond\u00e9sir difficile \u00e0 circuler en v\u00e9lo dans toutes les directions, carrefour tr\u00e8s routier m\u00eame dans le projet futur!"}},{"type":"Feature","geometry":{"type":"Point","coordinates":[-0.643877602,44.856199168]},"properties":{"commune":"33281","epci":"243300316","departement":"33","region":"75","description":""}},{"type":"Feature","geometry":{"type":"Point","coordinates":[-0.667344833,44.833647392]},"properties":{"commune":"33281","epci":"243300316","departement":"33","region":"75","description":null}},{"type":"Feature","geometry":{"type":"Point","coordinates":[-0.647982396,44.83291368]},"properties":{"commune":"33281","epci":"243300316","departement":"33","region":"75","description":null}},{"type":"Feature","geometry":{"type":"Point","coordinates":[-0.61653649,44.838338086]},"properties":{"commune":"33281","epci":"243300316","departement":"33","region":"75","description":""}},{"type":"Feature","geometry":{"type":"Point","coordinates":[-0.671999481,44.817590293]},"properties":{"commune":"33281","epci":"243300316","departement":"33","region":"75","description":"Carrefour dangereux sur toute l'avenue "}},{"type":"Feature","geometry":{"type":"Point","coordinates":[-0.676302744,44.832327964]},"properties":{"commune":"33281","epci":"243300316","departement":"33","region":"75","description":"Passage tr\u00e8s dangereux \u00e0 v\u00e9lo, alternative extr\u00eamement longue "}},{"type":"Feature","geometry":{"type":"Point","coordinates":[-0.683017212,44.832873838]},"properties":{"commune":"33281","epci":"243300316","departement":"33","region":"75","description":"Cette route coupe m\u00e9rignac en deux "}},{"type":"Feature","geometry":{"type":"Point","coordinates":[-0.663029772,44.84195144]},"properties":{"commune":"33281","epci":"243300316","departement":"33","region":"75","description":"Bande cyclable dangereuse"}},{"type":"Feature","geometry":{"type":"Point","coordinates":[-0.628311146,44.834955871]},"properties":{"commune":"33281","epci":"243300316","departement":"33","region":"75","description":"Circulation rapide marquage velo inutile \n"}},{"type":"Feature","geometry":{"type":"Point","coordinates":[-0.658869887,44.84613516]},"properties":{"commune":"33281","epci":"243300316","departement":"33","region":"75","description":"Bande cyclable effacer et trop etrointe"}},{"type":"Feature","geometry":{"type":"Point","coordinates":[-0.642807242,44.84103932]},"properties":{"commune":"33281","epci":"243300316","departement":"33","region":"75","description":"Absence d'am\u00e9nagement avenue de verdun"}},{"type":"Feature","geometry":{"type":"Point","coordinates":[-0.680223598,44.816098746]},"properties":{"commune":"33281","epci":"243300316","departement":"33","region":"75","description":"vitesse excessive des automobilistes. Circulation importante aux heures de pointe"}},{"type":"Feature","geometry":{"type":"Point","coordinates":[-0.74802499,44.841206319]},"properties":{"commune":"33281","epci":"243300316","departement":"33","region":"75","description":"Pas de piste cyclable "}},{"type":"Feature","geometry":{"type":"Point","coordinates":[-0.658310187,44.833105973]},"properties":{"commune":"33281","epci":"243300316","departement":"33","region":"75","description":null}},{"type":"Feature","geometry":{"type":"Point","coordinates":[-0.641155239,44.836049894]},"properties":{"commune":"33281","epci":"243300316","departement":"33","region":"75","description":"le feu v\u00e9lo est pr\u00e9sent mais les cyclistes doivent souvent attendre un cycle complet pour avoir le feu clignotant : beaucoup de cyclistes passent donc au rouge pour gagner du temps ; les automobilistes qui tournent \u00e0 droite leur coupent la route\u2026"}},{"type":"Feature","geometry":{"type":"Point","coordinates":[-0.695294444,44.816639193]},"properties":{"commune":"33281","epci":"243300316","departement":"33","region":"75","description":""}},{"type":"Feature","geometry":{"type":"Point","coordinates":[-0.692827907,44.844102584]},"properties":{"commune":"33281","epci":"243300316","departement":"33","region":"75","description":""}},{"type":"Feature","geometry":{"type":"Point","coordinates":[-0.665547009,44.831777614]},"properties":{"commune":"33281","epci":"243300316","departement":"33","region":"75","description":""}},{"type":"Feature","geometry":{"type":"Point","coordinates":[-0.665832676,44.815748547]},"properties":{"commune":"33281","epci":"243300316","departement":"33","region":"75","description":""}},{"type":"Feature","geometry":{"type":"Point","coordinates":[-0.684698573,44.832814615]},"properties":{"commune":"33281","epci":"243300316","departement":"33","region":"75","description":"Travers\u00e9e de la rocade"}},{"type":"Feature","geometry":{"type":"Point","coordinates":[-0.63062148,44.83501222]},"properties":{"commune":"33281","epci":"243300316","departement":"33","region":"75","description":"Pas de piste cyclable, pas de respect de la zone 30 "}},{"type":"Feature","geometry":{"type":"Point","coordinates":[-0.620094613,44.825176415]},"properties":{"commune":"33281","epci":"243300316","departement":"33","region":"75","description":"Pas de respect zone 30 voiture fr\u00f4le et freine devant les cyclistes"}},{"type":"Feature","geometry":{"type":"Point","coordinates":[-0.620001447,44.838619917]},"properties":{"commune":"33281","epci":"243300316","departement":"33","region":"75","description":null}},{"type":"Feature","geometry":{"type":"Point","coordinates":[-0.616089267,44.838275749]},"properties":{"commune":"33281","epci":"243300316","departement":"33","region":"75","description":"il y a tout le temps des travaux ou des voitures en stationnement sur la bande cyclable"}},{"type":"Feature","geometry":{"type":"Point","coordinates":[-0.658844359,44.841662325]},"properties":{"commune":"33281","epci":"243300316","departement":"33","region":"75","description":""}},{"type":"Feature","geometry":{"type":"Point","coordinates":[-0.66751141,44.836672542]},"properties":{"commune":"33281","epci":"243300316","departement":"33","region":"75","description":""}},{"type":"Feature","geometry":{"type":"Point","coordinates":[-0.647225589,44.841854424]},"properties":{"commune":"33281","epci":"243300316","departement":"33","region":"75","description":"Pas de pistes "}},{"type":"Feature","geometry":{"type":"Point","coordinates":[-0.670949669,44.843630821]},"properties":{"commune":"33281","epci":"243300316","departement":"33","region":"75","description":"Motards sur piste cyclables"}},{"type":"Feature","geometry":{"type":"Point","coordinates":[-0.669342422,44.842728842]},"properties":{"commune":"33281","epci":"243300316","departement":"33","region":"75","description":"Motards sur piste cyclable"}},{"type":"Feature","geometry":{"type":"Point","coordinates":[-0.658626321,44.817708974]},"properties":{"commune":"33281","epci":"243300316","departement":"33","region":"75","description":"Chemin du Monteil \u00e9troit et sans am\u00e9nagement cyclable. Il est agr\u00e9able hors des heures de pointe mais est une vrais roulette russe aux heures de pointe car nombreux sont les automobiliste a ne pas savoir ce que veux dire \"zone 30\" et ne pas savoir d\u00e9passer un cycliste en s\u00e9curit\u00e9."}},{"type":"Feature","geometry":{"type":"Point","coordinates":[-0.739040551,44.842294563]},"properties":{"commune":"33281","epci":"243300316","departement":"33","region":"75","description":null}},{"type":"Feature","geometry":{"type":"Point","coordinates":[-0.687656966,44.829489733]},"properties":{"commune":"33281","epci":"243300316","departement":"33","region":"75","description":"Les automobilistes ne font absolument pas attention aux v\u00e9los. Il faudrait une signal\u00e9tique plus voyante ou mettre les v\u00e9los en priorit\u00e9 comme au rond point de pique caillou "}},{"type":"Feature","geometry":{"type":"Point","coordinates":[-0.693945749,44.835703881]},"properties":{"commune":"33281","epci":"243300316","departement":"33","region":"75","description":"Piste cyclable seulement d\u2019un c\u00f4t\u00e9 sur cette partie"}},{"type":"Feature","geometry":{"type":"Point","coordinates":[-0.633485853,44.817716511]},"properties":{"commune":"33281","epci":"243300316","departement":"33","region":"75","description":"difficile de rejoindre le chemin en terre qui longe Luchez Halde, quand on arrive du Burck : pas de bonne visibilit\u00e9 des voitures qui arrivent de l'avenue Gambetta : danger"}},{"type":"Feature","geometry":{"type":"Point","coordinates":[-0.642406123,44.861175138]},"properties":{"commune":"33281","epci":"243300316","departement":"33","region":"75","description":"Rond point circulant, v\u00e9lo peu pris au s\u00e9rieux ou contr\u00f4le r\u00e9tro peu effectu\u00e9, incivilit\u00e9 routi\u00e8re et refus de priorit\u00e9, monnaie courante"}},{"type":"Feature","geometry":{"type":"Point","coordinates":[-0.628656967,44.834939007]},"properties":{"commune":"33281","epci":"243300316","departement":"33","region":"75","description":"Limitation \u00e0 30 km\/h jamais respect\u00e9e par voitures et motos qui doublent en passant souvent trop pr\u00eat des v\u00e9los "}},{"type":"Feature","geometry":{"type":"Point","coordinates":[-0.72383756,44.812683491]},"properties":{"commune":"33281","epci":"243300316","departement":"33","region":"75","description":"De Saint jean d'illac \u00e0 M\u00e9rignac "}},{"type":"Feature","geometry":{"type":"Point","coordinates":[-0.753150272,44.84900811]},"properties":{"commune":"33281","epci":"243300316","departement":"33","region":"75","description":""}},{"type":"Feature","geometry":{"type":"Point","coordinates":[-0.683804961,44.853191558]},"properties":{"commune":"33281","epci":"243300316","departement":"33","region":"75","description":"Compliqu\u00e9 de traverser cet \u00e2ge passant pour rejoindre la piste cyclable de l'autre c\u00f4t\u00e9 de la rue\n"}},{"type":"Feature","geometry":{"type":"Point","coordinates":[-0.641781323,44.840814909]},"properties":{"commune":"33281","epci":"243300316","departement":"33","region":"75","description":"pas de pistes ni de bandes cyclables alors qu'il s'agit d'un axe majeur pour aller au centre de M\u00e9rignac"}},{"type":"Feature","geometry":{"type":"Point","coordinates":[-0.616459395,44.838225123]},"properties":{"commune":"33281","epci":"243300316","departement":"33","region":"75","description":"carrefour tr\u00e8s dangereux \u00e0 v\u00e9lo"}},{"type":"Feature","geometry":{"type":"Point","coordinates":[-0.641466516,44.849339112]},"properties":{"commune":"33281","epci":"243300316","departement":"33","region":"75","description":"pas de bandes cyclables"}},{"type":"Feature","geometry":{"type":"Point","coordinates":[-0.648839465,44.841601315]},"properties":{"commune":"33281","epci":"243300316","departement":"33","region":"75","description":"Pas de piste pour les v\u00e9los. "}},{"type":"Feature","geometry":{"type":"Point","coordinates":[-0.644214452,44.841339928]},"properties":{"commune":"33281","epci":"243300316","departement":"33","region":"75","description":"Bande cyclable d\u00e9t\u00e9rior\u00e9e et pas respect\u00e9e par les automobilistes "}},{"type":"Feature","geometry":{"type":"Point","coordinates":[-0.756237116,44.84646302]},"properties":{"commune":"33281","epci":"243300316","departement":"33","region":"75","description":"tr\u00e8s dangereux"}},{"type":"Feature","geometry":{"type":"Point","coordinates":[-0.745714578,44.841912018]},"properties":{"commune":"33281","epci":"243300316","departement":"33","region":"75","description":"Pas de piste prot\u00e9g\u00e9 "}},{"type":"Feature","geometry":{"type":"Point","coordinates":[-0.64745101,44.862290851]},"properties":{"commune":"33281","epci":"243300316","departement":"33","region":"75","description":null}},{"type":"Feature","geometry":{"type":"Point","coordinates":[-0.744872274,44.842427745]},"properties":{"commune":"33281","epci":"243300316","departement":"33","region":"75","description":"Pas de piste cyclable uniquement une bande mat\u00e9rialis\u00e9 par une trace au sol...il y a de nombreux camions et la route n'est pas entretenu "}},{"type":"Feature","geometry":{"type":"Point","coordinates":[-0.623944829,44.83607717]},"properties":{"commune":"33281","epci":"243300316","departement":"33","region":"75","description":""}},{"type":"Feature","geometry":{"type":"Point","coordinates":[-0.631533982,44.830006525]},"properties":{"commune":"33281","epci":"243300316","departement":"33","region":"75","description":""}},{"type":"Feature","geometry":{"type":"Point","coordinates":[-0.644797604,44.851158631]},"properties":{"commune":"33281","epci":"243300316","departement":"33","region":"75","description":""}},{"type":"Feature","geometry":{"type":"Point","coordinates":[-0.749054452,44.841320245]},"properties":{"commune":"33281","epci":"243300316","departement":"33","region":"75","description":"Bande cyclable dangereuse "}},{"type":"Feature","geometry":{"type":"Point","coordinates":[-0.695408421,44.849868029]},"properties":{"commune":"33281","epci":"243300316","departement":"33","region":"75","description":"Voie bus pas empruntable par les v\u00e9los "}},{"type":"Feature","geometry":{"type":"Point","coordinates":[-0.751763641,44.840573405]},"properties":{"commune":"33281","epci":"243300316","departement":"33","region":"75","description":"Plus de piste assez s\u00e9curis\u00e9 "}},{"type":"Feature","geometry":{"type":"Point","coordinates":[-0.718332702,44.846934642]},"properties":{"commune":"33281","epci":"243300316","departement":"33","region":"75","description":"Pas de voie cyclable en sortant du rond-point, la route se r\u00e9tr\u00e9ci et une grosse flaque d\u2019eau se forme d\u00e8s qu\u2019il pleut. C\u2019est tr\u00e8s dangereux "}},{"type":"Feature","geometry":{"type":"Point","coordinates":[-0.693959267,44.836758953]},"properties":{"commune":"33281","epci":"243300316","departement":"33","region":"75","description":"Insertion impossible et pas de bande ni piste cyclable vers le haillan "}},{"type":"Feature","geometry":{"type":"Point","coordinates":[-0.674752129,44.832203076]},"properties":{"commune":"33281","epci":"243300316","departement":"33","region":"75","description":"Pas de piste ni bande pour traverser la rocade ici"}},{"type":"Feature","geometry":{"type":"Point","coordinates":[-0.65052144,44.835366665]},"properties":{"commune":"33281","epci":"243300316","departement":"33","region":"75","description":"Acc\u00e8s dangereux et pas s\u00e9curis\u00e9 au lyc\u00e9e. Inadmissible ! "}},{"type":"Feature","geometry":{"type":"Point","coordinates":[-0.65741076,44.822661658]},"properties":{"commune":"33281","epci":"243300316","departement":"33","region":"75","description":""}},{"type":"Feature","geometry":{"type":"Point","coordinates":[-0.671896252,44.8175197]},"properties":{"commune":"33281","epci":"243300316","departement":"33","region":"75","description":"Aucune visibilit\u00e9 des v\u00e9hicules arrivant de Bordeaux "}},{"type":"Feature","geometry":{"type":"Point","coordinates":[-0.671386838,44.817510614]},"properties":{"commune":"33281","epci":"243300316","departement":"33","region":"75","description":"Travers\u00e9e de route (suivi de la piste cyclable)"}},{"type":"Feature","geometry":{"type":"Point","coordinates":[-0.674723263,44.817084178]},"properties":{"commune":"33281","epci":"243300316","departement":"33","region":"75","description":"Travers\u00e9e de route (suivi de la piste cyclable)"}},{"type":"Feature","geometry":{"type":"Point","coordinates":[-0.680260447,44.81607997]},"properties":{"commune":"33281","epci":"243300316","departement":"33","region":"75","description":"Travers\u00e9e de route (suivi de la piste cyclable)"}},{"type":"Feature","geometry":{"type":"Point","coordinates":[-0.639976705,44.830568599]},"properties":{"commune":"33281","epci":"243300316","departement":"33","region":"75","description":null}},{"type":"Feature","geometry":{"type":"Point","coordinates":[-0.613671449,44.828283888]},"properties":{"commune":"33281","epci":"243300316","departement":"33","region":"75","description":""}},{"type":"Feature","geometry":{"type":"Point","coordinates":[-0.638591643,44.856669432]},"properties":{"commune":"33281","epci":"243300316","departement":"33","region":"75","description":"bande cyclable tr\u00e8s \u00e9troite"}},{"type":"Feature","geometry":{"type":"Point","coordinates":[-0.647964482,44.862526483]},"properties":{"commune":"33281","epci":"243300316","departement":"33","region":"75","description":"partage des voies avec voiture et bus G tr\u00e8s mal pens\u00e9 avec une largeur de bande cyclable qui varie constamment"}},{"type":"Feature","geometry":{"type":"Point","coordinates":[-0.660543818,44.857456235]},"properties":{"commune":"33281","epci":"243300316","departement":"33","region":"75","description":"imposer une travers\u00e9e de la chauss\u00e9e avec des feux o\u00f9 les voitures sont ultra prioritaires fait perdre beaucoup de temps"}},{"type":"Feature","geometry":{"type":"Point","coordinates":[-0.614121938,44.826783669]},"properties":{"commune":"33281","epci":"243300316","departement":"33","region":"75","description":""}},{"type":"Feature","geometry":{"type":"Point","coordinates":[-0.642371657,44.836552703]},"properties":{"commune":"33281","epci":"243300316","departement":"33","region":"75","description":""}},{"type":"Feature","geometry":{"type":"Point","coordinates":[-0.615752567,44.83834961]},"properties":{"commune":"33281","epci":"243300316","departement":"33","region":"75","description":""}},{"type":"Feature","geometry":{"type":"Point","coordinates":[-0.670537522,44.842306312]},"properties":{"commune":"33281","epci":"243300316","departement":"33","region":"75","description":"Voie v\u00e9lo traversant l'avenue Jean Perrin \u00e0 hauteur du rond-point \u00e9changeur 10, beaucoup de conducteurs refusent ou forcent le passage alors qu'un v\u00e9lo est engag\u00e9 pour traverser ( sens a\u00e9roport vers M\u00e9rignac)"}},{"type":"Feature","geometry":{"type":"Point","coordinates":[-0.640795618,44.823828369]},"properties":{"commune":"33281","epci":"243300316","departement":"33","region":"75","description":"Avenue Fran\u00e7ois Mitterrand de Bordeaux \u00e0 M\u00e9rignac est dans un \u00e9tat LAMENTABLE, un vrai calvaire pour les cyclistes. Les bosses, les dalles qui se soul\u00e8vent et les ronds points o\u00f9 les usagers motoris\u00e9s ne respectent pas la priorit\u00e9 en font une avenue d\u00e9plorable \u00e0 emprunter."}},{"type":"Feature","geometry":{"type":"Point","coordinates":[-0.615985172,44.838365248]},"properties":{"commune":"33281","epci":"243300316","departement":"33","region":"75","description":"Voitures gar\u00e9es sur la voie cyclable au nord, vitesse excessive, densit\u00e9 de voitures"}},{"type":"Feature","geometry":{"type":"Point","coordinates":[-0.628329191,44.834975459]},"properties":{"commune":"33281","epci":"243300316","departement":"33","region":"75","description":"Je crois que malheureusement, la peinture au sol ici est compt\u00e9e dans les \"am\u00e9nagements v\u00e9lo\" de la ville. Risible."}},{"type":"Feature","geometry":{"type":"Point","coordinates":[-0.638292697,44.827094323]},"properties":{"commune":"33281","epci":"243300316","departement":"33","region":"75","description":"Partage de la voirie avec les pi\u00e9tons "}},{"type":"Feature","geometry":{"type":"Point","coordinates":[-0.651901138,44.850677824]},"properties":{"commune":"33281","epci":"243300316","departement":"33","region":"75","description":""}},{"type":"Feature","geometry":{"type":"Point","coordinates":[-0.634872842,44.835311342]},"properties":{"commune":"33281","epci":"243300316","departement":"33","region":"75","description":"La sortie du rond point est dangereuse pour les v\u00e9los car les automobiles acc\u00e9l\u00e8rent et serrent \u00e0 droite"}},{"type":"Feature","geometry":{"type":"Point","coordinates":[-0.628201642,44.834816616]},"properties":{"commune":"33281","epci":"243300316","departement":"33","region":"75","description":"Cette voie est mal \u00e9clair\u00e9e la nuit, la chauss\u00e9e est d\u00e9form\u00e9e et les v\u00e9hicules fr\u00f4lent beaucoup les cyclistes (pas de bande cyclable)"}},{"type":"Feature","geometry":{"type":"Point","coordinates":[-0.675042195,44.82735659]},"properties":{"commune":"33281","epci":"243300316","departement":"33","region":"75","description":"La coactivit\u00e9 entre les pi\u00e9tons et les cyclistes est dangereuse sur cette zone"}},{"type":"Feature","geometry":{"type":"Point","coordinates":[-0.660688597,44.81913002]},"properties":{"commune":"33281","epci":"243300316","departement":"33","region":"75","description":"piste d\u00e9grad\u00e9e qui abime les v\u00e9los"}},{"type":"Feature","geometry":{"type":"Point","coordinates":[-0.65622532,44.821213515]},"properties":{"commune":"33281","epci":"243300316","departement":"33","region":"75","description":"rev\u00eatement extr\u00eamement d\u00e9grad\u00e9. Voitures, camions et bus circulent tr\u00e8s vite malgr\u00e9 la limitation \u00e0 30."}},{"type":"Feature","geometry":{"type":"Point","coordinates":[-0.674260553,44.817435834]},"properties":{"commune":"33281","epci":"243300316","departement":"33","region":"75","description":null}},{"type":"Feature","geometry":{"type":"Point","coordinates":[-0.630629263,44.83495367]},"properties":{"commune":"33281","epci":"243300316","departement":"33","region":"75","description":""}},{"type":"Feature","geometry":{"type":"Point","coordinates":[-0.645185551,44.841458297]},"properties":{"commune":"33281","epci":"243300316","departement":"33","region":"75","description":""}},{"type":"Feature","geometry":{"type":"Point","coordinates":[-0.620415689,44.826517564]},"properties":{"commune":"33281","epci":"243300316","departement":"33","region":"75","description":""}},{"type":"Feature","geometry":{"type":"Point","coordinates":[-0.614764134,44.8329515]},"properties":{"commune":"33281","epci":"243300316","departement":"33","region":"75","description":null}},{"type":"Feature","geometry":{"type":"Point","coordinates":[-0.628697368,44.835052883]},"properties":{"commune":"33281","epci":"243300316","departement":"33","region":"75","description":"Pas de voie cyclable et les voitures ne respectent pas les 30 km h"}},{"type":"Feature","geometry":{"type":"Point","coordinates":[-0.616131106,44.838488937]},"properties":{"commune":"33281","epci":"243300316","departement":"33","region":"75","description":""}},{"type":"Feature","geometry":{"type":"Point","coordinates":[-0.636588024,44.823741855]},"properties":{"commune":"33281","epci":"243300316","departement":"33","region":"75","description":"Voitures grillent souvent la priorit\u00e9 aux v\u00e9los alors que plein d\u2019affichages indiquent qu\u2019ils sont prioritaires sur les passages pi\u00e9tons ici "}},{"type":"Feature","geometry":{"type":"Point","coordinates":[-0.671459509,44.816449794]},"properties":{"commune":"33281","epci":"243300316","departement":"33","region":"75","description":null}},{"type":"Feature","geometry":{"type":"Point","coordinates":[-0.622248369,44.838556057]},"properties":{"commune":"33281","epci":"243300316","departement":"33","region":"75","description":"Les v\u00e9hicules motoris\u00e9s circulent encore trop vite et la bande cyclable est minuscule "}},{"type":"Feature","geometry":{"type":"Point","coordinates":[-0.629366008,44.834954438]},"properties":{"commune":"33281","epci":"243300316","departement":"33","region":"75","description":"Les automobilistes et motards roulent bien plus vites que 30 km\/h, et les cyclistes ne sont pas prot\u00e9g\u00e9s"}},{"type":"Feature","geometry":{"type":"Point","coordinates":[-0.641961404,44.832533912]},"properties":{"commune":"33281","epci":"243300316","departement":"33","region":"75","description":"Un certain nombre des voitures coupe la bande cyclable sans regarder s'il y a un cycliste, ce qui est assez dangereux "}},{"type":"Feature","geometry":{"type":"Point","coordinates":[-0.666389281,44.857398827]},"properties":{"commune":"33281","epci":"243300316","departement":"33","region":"75","description":"Changement de c\u00f4t\u00e9 pour passer le pont"}},{"type":"Feature","geometry":{"type":"Point","coordinates":[-0.714690529,44.812400948]},"properties":{"commune":"33281","epci":"243300316","departement":"33","region":"75","description":""}},{"type":"Feature","geometry":{"type":"Point","coordinates":[-0.632019354,44.835159396]},"properties":{"commune":"33281","epci":"243300316","departement":"33","region":"75","description":"Pas de piste cyclable "}},{"type":"Feature","geometry":{"type":"Point","coordinates":[-0.617139082,44.833975254]},"properties":{"commune":"33281","epci":"243300316","departement":"33","region":"75","description":"Rue d\u2019Ornano\nSens unique\nRue \u00e9troite et longue \nLes automobilistes press\u00e9s le matin s\u2019\u00e9nervent facilement quand ils doivent suivre un v\u00e9lo "}},{"type":"Feature","geometry":{"type":"Point","coordinates":[-0.643511898,44.840764423]},"properties":{"commune":"33281","epci":"243300316","departement":"33","region":"75","description":"Avenue de Verdun, chauss\u00e9e d\u00e9grad\u00e9e du 509 au 399"}},{"type":"Feature","geometry":{"type":"Point","coordinates":[-0.628331367,44.834626701]},"properties":{"commune":"33281","epci":"243300316","departement":"33","region":"75","description":null}},{"type":"Feature","geometry":{"type":"Point","coordinates":[-0.629055628,44.837971167]},"properties":{"commune":"33281","epci":"243300316","departement":"33","region":"75","description":null}},{"type":"Feature","geometry":{"type":"Point","coordinates":[-0.643662683,44.842006577]},"properties":{"commune":"33281","epci":"243300316","departement":"33","region":"75","description":"Cours de l\u2019Yser et centre ville"}},{"type":"Feature","geometry":{"type":"Point","coordinates":[-0.675532622,44.845907208]},"properties":{"commune":"33281","epci":"243300316","departement":"33","region":"75","description":"Aux ronds point de la zone industrielles"}},{"type":"Feature","geometry":{"type":"Point","coordinates":[-0.618303933,44.830830022]},"properties":{"commune":"33281","epci":"243300316","departement":"33","region":"75","description":"La rue Paul doumer est dans un \u00e9tat catastrophique "}},{"type":"Feature","geometry":{"type":"Point","coordinates":[-0.692002052,44.845278671]},"properties":{"commune":"33281","epci":"243300316","departement":"33","region":"75","description":"Rond point d'acc\u00e8s Dassault aviation, beaucoup d'usages motoris\u00e9s ne laisse pas la priorit\u00e9 quand un v\u00e9lo s'engage sur les voies qui lui sont d\u00e9di\u00e9s pour traverser ce rond-point "}},{"type":"Feature","geometry":{"type":"Point","coordinates":[-0.646718295,44.84186354]},"properties":{"commune":"33281","epci":"243300316","departement":"33","region":"75","description":"Queue de poisson potentiel \u00e0 l'intersection"}},{"type":"Feature","geometry":{"type":"Point","coordinates":[-0.647801745,44.841808986]},"properties":{"commune":"33281","epci":"243300316","departement":"33","region":"75","description":"Pas d'am\u00e9nagement "}},{"type":"Feature","geometry":{"type":"Point","coordinates":[-0.686726724,44.837425965]},"properties":{"commune":"33281","epci":"243300316","departement":"33","region":"75","description":"R\u00e9gime de priorit\u00e9 inadapt\u00e9 "}},{"type":"Feature","geometry":{"type":"Point","coordinates":[-0.617760929,44.83795966]},"properties":{"commune":"33281","epci":"243300316","departement":"33","region":"75","description":"Etat des pistes"}},{"type":"Feature","geometry":{"type":"Point","coordinates":[-0.672036499,44.817600295]},"properties":{"commune":"33281","epci":"243300316","departement":"33","region":"75","description":"traffic intense"}},{"type":"Feature","geometry":{"type":"Point","coordinates":[-0.726241524,44.814112051]},"properties":{"commune":"33281","epci":"243300316","departement":"33","region":"75","description":"route de saint jean d'illac dangereuse en velo"}},{"type":"Feature","geometry":{"type":"Point","coordinates":[-0.708901995,44.81590041]},"properties":{"commune":"33281","epci":"243300316","departement":"33","region":"75","description":"bande cyclable s\u00e9par\u00e9e par un mini-trottoir pas tr\u00e8s rassurant avec les enfants"}},{"type":"Feature","geometry":{"type":"Point","coordinates":[-0.665778249,44.81785334]},"properties":{"commune":"33281","epci":"243300316","departement":"33","region":"75","description":"Hors chauss\u00e9e principale, voie \u00e9troite, insuffisante pour v\u00e9lo + pi\u00e9ton"}},{"type":"Feature","geometry":{"type":"Point","coordinates":[-0.61629364,44.82646649]},"properties":{"commune":"33281","epci":"243300316","departement":"33","region":"75","description":"Piste v\u00e9lo alternant \u00e0 droite et \u00e0 gauche de la chauss\u00e9e, itin\u00e9raire peu visible pour un cycliste non habitu\u00e9 des lieux, et plusieurs passages o\u00f9 il est pr\u00e9f\u00e9rable d'emprunter le trottoir."}},{"type":"Feature","geometry":{"type":"Point","coordinates":[-0.624472229,44.826372323]},"properties":{"commune":"33281","epci":"243300316","departement":"33","region":"75","description":"un passage apr\u00e8s Pellegrin jusqu'\u00e0 Peychotte sans piste cyclable dangereux car sans espace "}},{"type":"Feature","geometry":{"type":"Point","coordinates":[-0.671932729,44.817489724]},"properties":{"commune":"33281","epci":"243300316","departement":"33","region":"75","description":"Rond Point"}},{"type":"Feature","geometry":{"type":"Point","coordinates":[-0.681037677,44.815982039]},"properties":{"commune":"33281","epci":"243300316","departement":"33","region":"75","description":"Rond point"}},{"type":"Feature","geometry":{"type":"Point","coordinates":[-0.652620807,44.843615186]},"properties":{"commune":"33281","epci":"243300316","departement":"33","region":"75","description":"Merignac dans sa globalite"}},{"type":"Feature","geometry":{"type":"Point","coordinates":[-0.644838528,44.823221109]},"properties":{"commune":"33281","epci":"243300316","departement":"33","region":"75","description":"Piste extr\u00eamement d\u00e9t\u00e9rior\u00e9e (pianotage des dalles b\u00e9ton)"}},{"type":"Feature","geometry":{"type":"Point","coordinates":[-0.704787802,44.800452408]},"properties":{"commune":"33281","epci":"243300316","departement":"33","region":"75","description":"Bande cyclable tr\u00e8s agr\u00e9able. A entretenir et \u00e0 maintenir \u00e0 terme. "}},{"type":"Feature","geometry":{"type":"Point","coordinates":[-0.683361637,44.81517311]},"properties":{"commune":"33281","epci":"243300316","departement":"33","region":"75","description":"Zone de stagnation d'eau lors de fortes pluies. Profil en long de la piste a r\u00e9hausser. "}},{"type":"Feature","geometry":{"type":"Point","coordinates":[-0.638291129,44.833777412]},"properties":{"commune":"33281","epci":"243300316","departement":"33","region":"75","description":"Effacement de la piste cyclable alors qu'elle \u00e9tait pr\u00e9sente avant ... pourquoi ?"}},{"type":"Feature","geometry":{"type":"Point","coordinates":[-0.646794034,44.841816076]},"properties":{"commune":"33281","epci":"243300316","departement":"33","region":"75","description":"Aucun am\u00e9nagement en centre ville "}},{"type":"Feature","geometry":{"type":"Point","coordinates":[-0.662069848,44.849686427]},"properties":{"commune":"33281","epci":"243300316","departement":"33","region":"75","description":"Absence de bande ou piste cyclable + stationnement longitudinal VL altern\u00e9."}},{"type":"Feature","geometry":{"type":"Point","coordinates":[-0.643118348,44.840983379]},"properties":{"commune":"33281","epci":"243300316","departement":"33","region":"75","description":"Absence d'am\u00e9nagement cyclable, rue \u00e9troite, nombreuses intersections avec carrefour \u00e0 feux et trafic important du centre de M\u00e9rignac jusqu'\u00e0 la place Mond\u00e9sir."}},{"type":"Feature","geometry":{"type":"Point","coordinates":[-0.637140605,44.824004388]},"properties":{"commune":"33281","epci":"243300316","departement":"33","region":"75","description":"Lieu de l\u2019accident d\u00e9crit pr\u00e9c\u00e9demment. V\u00e9lo d\u00e9truit et personne projet\u00e9 sur plusieurs m\u00e8tres. "}},{"type":"Feature","geometry":{"type":"Point","coordinates":[-0.692129753,44.834625019]},"properties":{"commune":"33281","epci":"243300316","departement":"33","region":"75","description":"Succession de 2 rond points avec beaucoup de v\u00e9hicules motorises"}},{"type":"Feature","geometry":{"type":"Point","coordinates":[-0.616270853,44.838505317]},"properties":{"commune":"33281","epci":"243300316","departement":"33","region":"75","description":"Aucun am\u00e9nagement adapt\u00e9 aux v\u00e9los "}},{"type":"Feature","geometry":{"type":"Point","coordinates":[-0.638567318,44.856372334]},"properties":{"commune":"33281","epci":"243300316","departement":"33","region":"75","description":"Voie cyclable trop \u00e9troite"}},{"type":"Feature","geometry":{"type":"Point","coordinates":[-0.657745637,44.847672744]},"properties":{"commune":"33281","epci":"243300316","departement":"33","region":"75","description":"Bande cyclable tr\u00e8s \u00e9troite alors que les voitures doubles en phase d'acc\u00e9l\u00e9ration et ne respectent pas les distances minimale de s\u00e9curit\u00e9 pour doubler.\n\u00c0 l'arriv\u00e9 au carrefour, en venant du nord aucun am\u00e9nagement s\u00e9curis\u00e9 pour tourner \u00e0 gauche alors que c'est la route permettant de rejoindre des points cl\u00e9s de la ville : mairie et parc, maison des associations, salle Pin Galant, nombreux \u00e9quipements sportifs..."}},{"type":"Feature","geometry":{"type":"Point","coordinates":[-0.645472768,44.853994168]},"properties":{"commune":"33281","epci":"243300316","departement":"33","region":"75","description":"Interruption de la piste cyclable"}},{"type":"Feature","geometry":{"type":"Point","coordinates":[-0.639685351,44.840211671]},"properties":{"commune":"33281","epci":"243300316","departement":"33","region":"75","description":""}},{"type":"Feature","geometry":{"type":"Point","coordinates":[-0.646985611,44.83711167]},"properties":{"commune":"33281","epci":"243300316","departement":"33","region":"75","description":""}},{"type":"Feature","geometry":{"type":"Point","coordinates":[-0.667014884,44.841682922]},"properties":{"commune":"33281","epci":"243300316","departement":"33","region":"75","description":""}},{"type":"Feature","geometry":{"type":"Point","coordinates":[-0.645159841,44.85274815]},"properties":{"commune":"33281","epci":"243300316","departement":"33","region":"75","description":"Carrefour dangereux, puis avenue de la for\u00eat piste en tr\u00e8s mauvais \u00e9tat et s arr\u00eatant nette"}},{"type":"Feature","geometry":{"type":"Point","coordinates":[-0.639368525,44.847670287]},"properties":{"commune":"33281","epci":"243300316","departement":"33","region":"75","description":"Rue du liveau pas de piste cyclable,route serr\u00e9e, les voitures rasent"}},{"type":"Feature","geometry":{"type":"Point","coordinates":[-0.653026978,44.862352498]},"properties":{"commune":"33281","epci":"243300316","departement":"33","region":"75","description":"Voitures gar\u00e9es sur la route ce qui resserre la chauss\u00e9e aux voitures qui rasent les v\u00e9los "}},{"type":"Feature","geometry":{"type":"Point","coordinates":[-0.617162245,44.838525447]},"properties":{"commune":"33281","epci":"243300316","departement":"33","region":"75","description":""}},{"type":"Feature","geometry":{"type":"Point","coordinates":[-0.692972647,44.851138872]},"properties":{"commune":"33281","epci":"243300316","departement":"33","region":"75","description":null}},{"type":"Feature","geometry":{"type":"Point","coordinates":[-0.649073117,44.841619217]},"properties":{"commune":"33281","epci":"243300316","departement":"33","region":"75","description":null}},{"type":"Feature","geometry":{"type":"Point","coordinates":[-0.666945026,44.846865228]},"properties":{"commune":"33281","epci":"243300316","departement":"33","region":"75","description":"\u00c9cole sans voies s\u00e9curis\u00e9es.\nLes voitures roulent toutes au del\u00e0 de la limitation de vitesse, doublant entre les terre-pleins."}},{"type":"Feature","geometry":{"type":"Point","coordinates":[-0.642753537,44.856211626]},"properties":{"commune":"33281","epci":"243300316","departement":"33","region":"75","description":"Bande cyclable trop \u00e9troite. "}},{"type":"Feature","geometry":{"type":"Point","coordinates":[-0.66609451,44.833463095]},"properties":{"commune":"33281","epci":"243300316","departement":"33","region":"75","description":"Reve bizarre ou il faut changer de c\u00f4t\u00e9 mais on ne sait pas trop comment. "}},{"type":"Feature","geometry":{"type":"Point","coordinates":[-0.615900664,44.83832687]},"properties":{"commune":"33281","epci":"243300316","departement":"33","region":"75","description":"Mondesir on ne presente plus ce rond point autoroute. "}},{"type":"Feature","geometry":{"type":"Point","coordinates":[-0.744889877,44.842190764]},"properties":{"commune":"33281","epci":"243300316","departement":"33","region":"75","description":"Bande cyclable dangeureuse"}},{"type":"Feature","geometry":{"type":"Point","coordinates":[-0.616681015,44.838369225]},"properties":{"commune":"33281","epci":"243300316","departement":"33","region":"75","description":"La place Mond\u00e9sir est une horreur \u00e0 v\u00e9lo. M\u00eame seule je la trouve incompr\u00e9hensible et dangereuse. "}},{"type":"Feature","geometry":{"type":"Point","coordinates":[-0.630677141,44.839251535]},"properties":{"commune":"33281","epci":"243300316","departement":"33","region":"75","description":"Cette avenue est tr\u00e8s passante et quand le parc est ferm\u00e9 c'est le plus court chemin pour aller de Bordeaux \u00e0 M\u00e9rignac centre. Les voitures roulent vite et rasent les cyclistes de pr\u00e8s. "}},{"type":"Feature","geometry":{"type":"Point","coordinates":[-0.630328523,44.834947798]},"properties":{"commune":"33281","epci":"243300316","departement":"33","region":"75","description":"Avrnue de la Marne : pas d'am\u00e9nagement prot\u00e9g\u00e9, des voitures qui roulent vite et rasent de pr\u00e8s : impossible d'y circuler avec un enfant. "}},{"type":"Feature","geometry":{"type":"Point","coordinates":[-0.635215519,44.839232044]},"properties":{"commune":"33281","epci":"243300316","departement":"33","region":"75","description":"Alternance de la voie sur trottoir et chauss\u00e9e"}},{"type":"Feature","geometry":{"type":"Point","coordinates":[-0.653809695,44.856613922]},"properties":{"commune":"33281","epci":"243300316","departement":"33","region":"75","description":"Alternance retour chauss\u00e9e"}},{"type":"Feature","geometry":{"type":"Point","coordinates":[-0.61571569,44.826847947]},"properties":{"commune":"33281","epci":"243300316","departement":"33","region":"75","description":"Contresens autoris\u00e9 \u00e0 v\u00e9lo mais peu indiqu\u00e9 au sol et rue \u00e9troite. V\u00e9hicules circulent rapidement et semblent \u00e9tonn\u00e9s de la pr\u00e9sence de cyclistes. Virage dangereux"}},{"type":"Feature","geometry":{"type":"Point","coordinates":[-0.630110844,44.839334608]},"properties":{"commune":"33281","epci":"243300316","departement":"33","region":"75","description":"Avenue de Verdun : voie avec beaucoup de circulation et partag\u00e9e avec automobilistes, peu s\u00e9curis\u00e9e "}},{"type":"Feature","geometry":{"type":"Point","coordinates":[-0.614261978,44.827267692]},"properties":{"commune":"33281","epci":"243300316","departement":"33","region":"75","description":"Tron\u00e7on tr\u00e8s court sans piste cyclable mais o\u00f9 les automobilistes essaient syst\u00e9matiquement de doubler alors que l'espace ne le permet pas "}},{"type":"Feature","geometry":{"type":"Point","coordinates":[-0.69246095,44.835180001]},"properties":{"commune":"33281","epci":"243300316","departement":"33","region":"75","description":null}},{"type":"Feature","geometry":{"type":"Point","coordinates":[-0.693210042,44.835461226]},"properties":{"commune":"33281","epci":"243300316","departement":"33","region":"75","description":null}},{"type":"Feature","geometry":{"type":"Point","coordinates":[-0.693782878,44.836304892]},"properties":{"commune":"33281","epci":"243300316","departement":"33","region":"75","description":null}},{"type":"Feature","geometry":{"type":"Point","coordinates":[-0.692417241,44.849393867]},"properties":{"commune":"33281","epci":"243300316","departement":"33","region":"75","description":"Rond point tr\u00e8s dangereux et passages r\u00e9guliers d'un c\u00f4t\u00e9 ou non de la route"}},{"type":"Feature","geometry":{"type":"Point","coordinates":[-0.643817961,44.848538814]},"properties":{"commune":"33281","epci":"243300316","departement":"33","region":"75","description":"Manque de s\u00e9curit\u00e9 place mon d\u00e9sir et le bas avenue de Verdun "}},{"type":"Feature","geometry":{"type":"Point","coordinates":[-0.632501367,44.844246014]},"properties":{"commune":"33281","epci":"243300316","departement":"33","region":"75","description":"Une meilleure communication sur l'utilisation des chaussidoux est n\u00e9cessaire "}},{"type":"Feature","geometry":{"type":"Point","coordinates":[-0.615664929,44.838302577]},"properties":{"commune":"33281","epci":"243300316","departement":"33","region":"75","description":"Manque de s\u00e9curit\u00e9 place mon d\u00e9sir et le bas avenue de Verdun "}},{"type":"Feature","geometry":{"type":"Point","coordinates":[-0.614246323,44.834070542]},"properties":{"commune":"33281","epci":"243300316","departement":"33","region":"75","description":"peu de pistes cyclables correctement identifi\u00e9es"}},{"type":"Feature","geometry":{"type":"Point","coordinates":[-0.639641816,44.823724798]},"properties":{"commune":"33281","epci":"243300316","departement":"33","region":"75","description":"piste cyclable de l'avenue Fran\u00e7ois Mitterand dans un \u00e9tat de sol dangereux pour les v\u00e9los  (racines, plaque de sol disjointes ,...)"}},{"type":"Feature","geometry":{"type":"Point","coordinates":[-0.631181371,44.829862356]},"properties":{"commune":"33281","epci":"243300316","departement":"33","region":"75","description":"Avenue des Eyquems , beaucoup de circulation et deux bandes cyclables avec un voie double sens au milieu qui oblige les voitures qui se croisent \u00e0 se d\u00e9caler sur les bandes cyclables. Tr\u00e8s dangereux pour es v\u00e9los"}},{"type":"Feature","geometry":{"type":"Point","coordinates":[-0.63984302,44.840254154]},"properties":{"commune":"33281","epci":"243300316","departement":"33","region":"75","description":""}},{"type":"Feature","geometry":{"type":"Point","coordinates":[-0.65945527,44.857348618]},"properties":{"commune":"33281","epci":"243300316","departement":"33","region":"75","description":""}},{"type":"Feature","geometry":{"type":"Point","coordinates":[-0.619024713,44.838578087]},"properties":{"commune":"33281","epci":"243300316","departement":"33","region":"75","description":null}},{"type":"Feature","geometry":{"type":"Point","coordinates":[-0.609432107,44.838026801]},"properties":{"commune":"33281","epci":"243300316","departement":"33","region":"75","description":null}},{"type":"Feature","geometry":{"type":"Point","coordinates":[-0.647079439,44.841654106]},"properties":{"commune":"33281","epci":"243300316","departement":"33","region":"75","description":""}},{"type":"Feature","geometry":{"type":"Point","coordinates":[-0.665959824,44.841607494]},"properties":{"commune":"33281","epci":"243300316","departement":"33","region":"75","description":""}},{"type":"Feature","geometry":{"type":"Point","coordinates":[-0.619916294,44.837158837]},"properties":{"commune":"33281","epci":"243300316","departement":"33","region":"75","description":"Axe dangereux"}},{"type":"Feature","geometry":{"type":"Point","coordinates":[-0.672970489,44.843483955]},"properties":{"commune":"33281","epci":"243300316","departement":"33","region":"75","description":"Impossible de passer au feu vert pi\u00e9tons, les v\u00e9hicules venant de M\u00e9rignac et prenant la rocade vers Pessac ne c\u00e8dent JAMAIS la priorit\u00e9"}},{"type":"Feature","geometry":{"type":"Point","coordinates":[-0.667119638,44.857746618]},"properties":{"commune":"33281","epci":"243300316","departement":"33","region":"75","description":"En trois ans, \u00e0 cet endroit, deux fois en contact avec des v\u00e9hicules traversant la piste cyclable pour entrer dans les parkings, sans se soucier des cyclistes. Heureusement je roule \u00e0 10 km\/h, donc pas de s\u00e9quelles !"}},{"type":"Feature","geometry":{"type":"Point","coordinates":[-0.679280747,44.847826469]},"properties":{"commune":"33281","epci":"243300316","departement":"33","region":"75","description":"Traverser du rond-point difficile"}},{"type":"Feature","geometry":{"type":"Point","coordinates":[-0.63086267,44.834881497]},"properties":{"commune":"33281","epci":"243300316","departement":"33","region":"75","description":"trafic voiture important, largeur de chauss\u00e9e de 7m"}},{"type":"Feature","geometry":{"type":"Point","coordinates":[-0.67043526,44.842235463]},"properties":{"commune":"33281","epci":"243300316","departement":"33","region":"75","description":"longue descente avec cedez le passage en fin de pente; traffic motoris\u00e9 sortant du rond point direct sur 2 vois, 4 vois a travers\u00e9 en 2 fois. Motoris\u00e9 souvent sympat mais travers\u00e9 tr\u00e9s dengereuse car masqu\u00e9 par le traffic."}},{"type":"Feature","geometry":{"type":"Point","coordinates":[-0.667475938,44.841560609]},"properties":{"commune":"33281","epci":"243300316","departement":"33","region":"75","description":"flux continue de motoris\u00e9, toune a gauche compliqu\u00e9 pour les cycle; refus de c\u00e9der la prio tr\u00e9s fr\u00e9quent."}},{"type":"Feature","geometry":{"type":"Point","coordinates":[-0.624950989,44.838713541]},"properties":{"commune":"33281","epci":"243300316","departement":"33","region":"75","description":"Bandes cyclables tr\u00e8s \u00e9troites"}},{"type":"Feature","geometry":{"type":"Point","coordinates":[-0.623571444,44.816294596]},"properties":{"commune":"33281","epci":"243300316","departement":"33","region":"75","description":"vitesse motoris\u00e9 >> 30 KmH"}},{"type":"Feature","geometry":{"type":"Point","coordinates":[-0.74781701,44.831555363]},"properties":{"commune":"33281","epci":"243300316","departement":"33","region":"75","description":null}},{"type":"Feature","geometry":{"type":"Point","coordinates":[-0.67536478,44.832201547]},"properties":{"commune":"33281","epci":"243300316","departement":"33","region":"75","description":null}},{"type":"Feature","geometry":{"type":"Point","coordinates":[-0.67536478,44.832201547]},"properties":{"commune":"33281","epci":"243300316","departement":"33","region":"75","description":"traverser ce pont qui enjambe la rocade \u00e0 cause des bretelles d'acc\u00e8s \u00e0 celle ci"}},{"type":"Feature","geometry":{"type":"Point","coordinates":[-0.614187196,44.826989942]},"properties":{"commune":"33281","epci":"243300316","departement":"33","region":"75","description":"interruption de la piste cyclable sur cette courte portion (environ 200 m)"}},{"type":"Feature","geometry":{"type":"Point","coordinates":[-0.632586563,44.835438674]},"properties":{"commune":"33281","epci":"243300316","departement":"33","region":"75","description":""}},{"type":"Feature","geometry":{"type":"Point","coordinates":[-0.663807951,44.829138779]},"properties":{"commune":"33281","epci":"243300316","departement":"33","region":"75","description":""}},{"type":"Feature","geometry":{"type":"Point","coordinates":[-0.656390712,44.849320461]},"properties":{"commune":"33281","epci":"243300316","departement":"33","region":"75","description":""}},{"type":"Feature","geometry":{"type":"Point","coordinates":[-0.616647892,44.838038496]},"properties":{"commune":"33281","epci":"243300316","departement":"33","region":"75","description":"Place Mond\u00e9sir : carrefour dangereux avec plusieurs voies qui se croisent "}},{"type":"Feature","geometry":{"type":"Point","coordinates":[-0.623525744,44.836238468]},"properties":{"commune":"33281","epci":"243300316","departement":"33","region":"75","description":"Avenue de la Marne : bande cyclable tr\u00e8s \u00e9troite, les voitures ou camions d\u00e9bordent souvent dessus "}},{"type":"Feature","geometry":{"type":"Point","coordinates":[-0.632055518,44.837569825]},"properties":{"commune":"33281","epci":"243300316","departement":"33","region":"75","description":null}},{"type":"Feature","geometry":{"type":"Point","coordinates":[-0.628414496,44.832728597]},"properties":{"commune":"33281","epci":"243300316","departement":"33","region":"75","description":null}},{"type":"Feature","geometry":{"type":"Point","coordinates":[-0.659642259,44.84481898]},"properties":{"commune":"33281","epci":"243300316","departement":"33","region":"75","description":"Se rendre dans la zone du Haillan n\u2019est pas chose facile \u00e0 v\u00e9lo (alors qu\u2019il y a \u00e9norm\u00e9ment de travail entre Dassault, Thales, Safran, etc.)"}},{"type":"Feature","geometry":{"type":"Point","coordinates":[-0.617526998,44.838416474]},"properties":{"commune":"33281","epci":"243300316","departement":"33","region":"75","description":"De la place Mond\u00e9sir \u00e0 M\u00e9rignac centre "}},{"type":"Feature","geometry":{"type":"Point","coordinates":[-0.62953425,44.829339362]},"properties":{"commune":"33281","epci":"243300316","departement":"33","region":"75","description":"Avenue des Eyquems : nouveau marquage et r\u00e8gle de circulation = danger pour les cyclistes"}},{"type":"Feature","geometry":{"type":"Point","coordinates":[-0.64367935,44.841699213]},"properties":{"commune":"33281","epci":"243300316","departement":"33","region":"75","description":null}},{"type":"Feature","geometry":{"type":"Point","coordinates":[-0.64795082,44.832836066]},"properties":{"commune":"33281","epci":"243300316","departement":"33","region":"75","description":null}},{"type":"Feature","geometry":{"type":"Point","coordinates":[-0.646707342,44.836926653]},"properties":{"commune":"33281","epci":"243300316","departement":"33","region":"75","description":""}},{"type":"Feature","geometry":{"type":"Point","coordinates":[-0.632138671,44.835238392]},"properties":{"commune":"33281","epci":"243300316","departement":"33","region":"75","description":""}},{"type":"Feature","geometry":{"type":"Point","coordinates":[-0.639906123,44.84029522]},"properties":{"commune":"33281","epci":"243300316","departement":"33","region":"75","description":null}},{"type":"Feature","geometry":{"type":"Point","coordinates":[-0.645194822,44.852569769]},"properties":{"commune":"33281","epci":"243300316","departement":"33","region":"75","description":null}},{"type":"Feature","geometry":{"type":"Point","coordinates":[-0.616086027,44.838438636]},"properties":{"commune":"33281","epci":"243300316","departement":"33","region":"75","description":null}},{"type":"Feature","geometry":{"type":"Point","coordinates":[-0.61436417,44.827003345]},"properties":{"commune":"33281","epci":"243300316","departement":"33","region":"75","description":""}},{"type":"Feature","geometry":{"type":"Point","coordinates":[-0.613528221,44.827579936]},"properties":{"commune":"33281","epci":"243300316","departement":"33","region":"75","description":"les voitures doublent les v\u00e9los pour arriver avant au feu rouge au niveau de la fin de la bande cyclable et du r\u00e9tr\u00e9cissement de chauss\u00e9e pour arriver avant les v\u00e9los au niveau du feu rouge"}},{"type":"Feature","geometry":{"type":"Point","coordinates":[-0.64533318,44.841497588]},"properties":{"commune":"33281","epci":"243300316","departement":"33","region":"75","description":null}},{"type":"Feature","geometry":{"type":"Point","coordinates":[-0.644273932,44.840586323]},"properties":{"commune":"33281","epci":"243300316","departement":"33","region":"75","description":null}},{"type":"Feature","geometry":{"type":"Point","coordinates":[-0.664774524,44.829214632]},"properties":{"commune":"33281","epci":"243300316","departement":"33","region":"75","description":""}},{"type":"Feature","geometry":{"type":"Point","coordinates":[-0.632082891,44.841415758]},"properties":{"commune":"33281","epci":"243300316","departement":"33","region":"75","description":""}},{"type":"Feature","geometry":{"type":"Point","coordinates":[-0.632082891,44.832285573]},"properties":{"commune":"33281","epci":"243300316","departement":"33","region":"75","description":""}},{"type":"Feature","geometry":{"type":"Point","coordinates":[-0.613746246,44.82728147]},"properties":{"commune":"33281","epci":"243300316","departement":"33","region":"75","description":"Croisement tram + voitures, pas de zone de stockage pour tourner \u00e0 gauche"}},{"type":"Feature","geometry":{"type":"Point","coordinates":[-0.628090373,44.825284808]},"properties":{"commune":"33281","epci":"243300316","departement":"33","region":"75","description":"Travers\u00e9e de v\u00e9lo "}},{"type":"Feature","geometry":{"type":"Point","coordinates":[-0.628154746,44.825791474]},"properties":{"commune":"33281","epci":"243300316","departement":"33","region":"75","description":"Presque accident x3 car voiture passe \u00e0 l'orange et feu v\u00e9lo vert "}},{"type":"Feature","geometry":{"type":"Point","coordinates":[-0.649509602,44.826383416]},"properties":{"commune":"33281","epci":"243300316","departement":"33","region":"75","description":"Travers\u00e9e v\u00e9lo piste cyclable v\u00e9hicules roulent v\u00eete enfants attendent leur bus pour \u00e9cole sur la voie cyclable. Pr\u00e9c\u00e9demment existence d'un feu tricolore actionnable par pi\u00e9ton et v\u00e9lo c'\u00e9tait tr\u00e8s s\u00e9curisant mais a \u00e9t\u00e9 enlev\u00e9 "}},{"type":"Feature","geometry":{"type":"Point","coordinates":[-0.646828092,44.842473071]},"properties":{"commune":"33281","epci":"243300316","departement":"33","region":"75","description":"M\u00e9rignac, pire ville cyclable car tout simplement pas d'infra "}},{"type":"Feature","geometry":{"type":"Point","coordinates":[-0.690095175,44.835635816]},"properties":{"commune":"33281","epci":"243300316","departement":"33","region":"75","description":null}},{"type":"Feature","geometry":{"type":"Point","coordinates":[-0.615467036,44.838501851]},"properties":{"commune":"33281","epci":"243300316","departement":"33","region":"75","description":"Dangereux"}},{"type":"Feature","geometry":{"type":"Point","coordinates":[-0.653642793,44.841340212]},"properties":{"commune":"33281","epci":"243300316","departement":"33","region":"75","description":"Refus de priorit\u00e9 r\u00e9curent "}},{"type":"Feature","geometry":{"type":"Point","coordinates":[-0.65305653,44.838856086]},"properties":{"commune":"33281","epci":"243300316","departement":"33","region":"75","description":"Refus de priorit\u00e9 "}},{"type":"Feature","geometry":{"type":"Point","coordinates":[-0.646681099,44.841472438]},"properties":{"commune":"33281","epci":"243300316","departement":"33","region":"75","description":"Sur les 200 m\u00e8tres menant \u00e0 l\u2019\u00e9glise de M\u00e9rignac la piste cyclable dispara\u00eet, obligeant tout cycliste \u00e0 rouler sur la m\u00eame voie que les voitures."}},{"type":"Feature","geometry":{"type":"Point","coordinates":[-0.665016664,44.857000026]},"properties":{"commune":"33281","epci":"243300316","departement":"33","region":"75","description":null}},{"type":"Feature","geometry":{"type":"Point","coordinates":[-0.666331643,44.858168052]},"properties":{"commune":"33281","epci":"243300316","departement":"33","region":"75","description":"voie v\u00e9lo s\u00e9par\u00e9e mais absence de signalisation (pas de feux v\u00e9los)"}},{"type":"Feature","geometry":{"type":"Point","coordinates":[-0.671131063,44.828016493]},"properties":{"commune":"33281","epci":"243300316","departement":"33","region":"75","description":"absence d'am\u00e9nagements cyclables"}},{"type":"Feature","geometry":{"type":"Point","coordinates":[-0.7188817,44.84692881]},"properties":{"commune":"33281","epci":"243300316","departement":"33","region":"75","description":"arriv\u00e9e sur rond point dangereuse "}},{"type":"Feature","geometry":{"type":"Point","coordinates":[-0.615959332,44.838074294]},"properties":{"commune":"33281","epci":"243300316","departement":"33","region":"75","description":"Peu d'am\u00e9nagements cyclables. Trop d'esapce pour les voiture"}},{"type":"Feature","geometry":{"type":"Point","coordinates":[-0.61765627,44.831044942]},"properties":{"commune":"33281","epci":"243300316","departement":"33","region":"75","description":"Vitesse exessive des VL.\nPas de doble sesn cyclable. Il faudrait r\u00e9duire le trafic VL et ajouter des \u00e9l\u00e9ments de mod\u00e9ration de vitesse."}},{"type":"Feature","geometry":{"type":"Point","coordinates":[-0.608100266,44.837434555]},"properties":{"commune":"33281","epci":"243300316","departement":"33","region":"75","description":"L'ensemble de l'avenue D'ARES"}},{"type":"Feature","geometry":{"type":"Point","coordinates":[-0.752093612,44.840241642]},"properties":{"commune":"33281","epci":"243300316","departement":"33","region":"75","description":"rond point sur d\u00e9partementale"}},{"type":"Feature","geometry":{"type":"Point","coordinates":[-0.739823871,44.843020798]},"properties":{"commune":"33281","epci":"243300316","departement":"33","region":"75","description":"d\u00e9partementale avec piste cyclable \u00e9troite et soleil de face le matin"}},{"type":"Feature","geometry":{"type":"Point","coordinates":[-0.749770161,44.843053615]},"properties":{"commune":"33281","epci":"243300316","departement":"33","region":"75","description":"Bandes cyclables vers M\u00e9rignac peu s\u00e9curisantes ! "}},{"type":"Feature","geometry":{"type":"Point","coordinates":[-0.742951118,44.843773721]},"properties":{"commune":"33281","epci":"243300316","departement":"33","region":"75","description":""}},{"type":"Feature","geometry":{"type":"Point","coordinates":[-0.609392546,44.837999133]},"properties":{"commune":"33281","epci":"243300316","departement":"33","region":"75","description":"Bande cyclable tr\u00e8s fine, dans la courbessans s\u00e9paration avec les v\u00e9hicules motoris\u00e9s ."}},{"type":"Feature","geometry":{"type":"Point","coordinates":[-0.625244806,44.83448314]},"properties":{"commune":"33281","epci":"243300316","departement":"33","region":"75","description":"De la place Mond\u00e9sir vers Carrefour Soleil"}},{"type":"Feature","geometry":{"type":"Point","coordinates":[-0.677042073,44.835640471]},"properties":{"commune":"33281","epci":"243300316","departement":"33","region":"75","description":"travers\u00e9e de rocade"}},{"type":"Feature","geometry":{"type":"Point","coordinates":[-0.647051733,44.831712046]},"properties":{"commune":"33281","epci":"243300316","departement":"33","region":"75","description":"Feu tricolore 4 chemins - voitures qui ne respectent pas la voie bus\/v\u00e9lo et bloquent l'acc\u00e8s \u00e0 la piste cyclable"}},{"type":"Feature","geometry":{"type":"Point","coordinates":[-0.625044264,44.837012384]},"properties":{"commune":"33281","epci":"243300316","departement":"33","region":"75","description":"St Augustin\/Parc Bourran : circulation \u00e0 contre sens autoris\u00e9e mais peu pratique car peu de place sur la chauss\u00e9e du fait de voitures stationn\u00e9es + voitures imposantes qui circulent"}},{"type":"Feature","geometry":{"type":"Point","coordinates":[-0.691101332,44.844568939]},"properties":{"commune":"33281","epci":"243300316","departement":"33","region":"75","description":null}},{"type":"Feature","geometry":{"type":"Point","coordinates":[-0.641277294,44.850689518]},"properties":{"commune":"33281","epci":"243300316","departement":"33","region":"75","description":null}},{"type":"Feature","geometry":{"type":"Point","coordinates":[-0.619325118,44.834424834]},"properties":{"commune":"33281","epci":"243300316","departement":"33","region":"75","description":""}},{"type":"Feature","geometry":{"type":"Point","coordinates":[-0.692675017,44.850145553]},"properties":{"commune":"33281","epci":"243300316","departement":"33","region":"75","description":"Franchissement tr\u00e8s dangereux"}},{"type":"Feature","geometry":{"type":"Point","coordinates":[-0.671790113,44.849960007]},"properties":{"commune":"33281","epci":"243300316","departement":"33","region":"75","description":"Secteur sud-est de la zone indutrielle du phare. Plus de continuit\u00e9 et certains rev\u00e8tements tr\u00e8s habim\u00e9s par les v\u00e9hicules motoris\u00e9s et notamment les poids lourds."}},{"type":"Feature","geometry":{"type":"Point","coordinates":[-0.64717864,44.841977662]},"properties":{"commune":"33281","epci":"243300316","departement":"33","region":"75","description":"centre ville, fin de continut\u00e9, pav\u00e9s glissants"}},{"type":"Feature","geometry":{"type":"Point","coordinates":[-0.630803959,44.83481004]},"properties":{"commune":"33281","epci":"243300316","departement":"33","region":"75","description":"limitation de vitesse non respect\u00e9e pas les v\u00e9hicules motoris\u00e9, d\u00e9bordement sur ligne continue."}},{"type":"Feature","geometry":{"type":"Point","coordinates":[-0.671615693,44.857916794]},"properties":{"commune":"33281","epci":"243300316","departement":"33","region":"75","description":null}},{"type":"Feature","geometry":{"type":"Point","coordinates":[-0.646764262,44.842004224]},"properties":{"commune":"33281","epci":"243300316","departement":"33","region":"75","description":""}},{"type":"Feature","geometry":{"type":"Point","coordinates":[-0.62868734,44.834746644]},"properties":{"commune":"33281","epci":"243300316","departement":"33","region":"75","description":"Interruption de toute piste cyclable sur une rue \u00e9troite et peu \u00e9clair\u00e9e "}},{"type":"Feature","geometry":{"type":"Point","coordinates":[-0.678395732,44.817833868]},"properties":{"commune":"33281","epci":"243300316","departement":"33","region":"75","description":"Zone industrielle un enfer pour les v\u00e9lo, pas du tout adapt\u00e9 "}},{"type":"Feature","geometry":{"type":"Point","coordinates":[-0.630689974,44.835001676]},"properties":{"commune":"33281","epci":"243300316","departement":"33","region":"75","description":"Aucun am\u00e9nagement cyclable sur un axe roulant pour les v\u00e9los et les voitures"}},{"type":"Feature","geometry":{"type":"Point","coordinates":[-0.616172231,44.838103203]},"properties":{"commune":"33281","epci":"243300316","departement":"33","region":"75","description":"\u00c9norm\u00e9ment de conflits entre tous les usagers"}},{"type":"Feature","geometry":{"type":"Point","coordinates":[-0.64803818,44.832909236]},"properties":{"commune":"33281","epci":"243300316","departement":"33","region":"75","description":"Attends interminable aux feux v\u00e9los (3min mini, ~1,5 cycles de voitures)"}},{"type":"Feature","geometry":{"type":"Point","coordinates":[-0.612072246,44.837815806]},"properties":{"commune":"33281","epci":"243300316","departement":"33","region":"75","description":""}},{"type":"Feature","geometry":{"type":"Point","coordinates":[-0.614286666,44.827117043]},"properties":{"commune":"33281","epci":"243300316","departement":"33","region":"75","description":"Bande cyclable dangereuse (non respect\u00e9e des automobilistes)."}},{"type":"Feature","geometry":{"type":"Point","coordinates":[-0.665344901,44.818530248]},"properties":{"commune":"33281","epci":"243300316","departement":"33","region":"75","description":"Mauvais entretien des infrastructures (le b\u00e9ton est devenu une marche d'escalier)."}},{"type":"Feature","geometry":{"type":"Point","coordinates":[-0.69256156,44.835021695]},"properties":{"commune":"33281","epci":"243300316","departement":"33","region":"75","description":"L'am\u00e9nagement n'est pas continu, obligation de circuler sur la chauss\u00e9e avec les voitures ici. Tr\u00e8s dangereux, d'autant que la circulation est rapide et qu'il y a eu un accident avec un cycliste."}},{"type":"Feature","geometry":{"type":"Point","coordinates":[-0.665576927,44.821690225]},"properties":{"commune":"33281","epci":"243300316","departement":"33","region":"75","description":"Bande cyclable dangereuse en sortie de rond point, conflit entre usagers. Mettre un s\u00e9parateur en b\u00e9ton au sol."}},{"type":"Feature","geometry":{"type":"Point","coordinates":[-0.616129934,44.838242904]},"properties":{"commune":"33281","epci":"243300316","departement":"33","region":"75","description":""}},{"type":"Feature","geometry":{"type":"Point","coordinates":[-0.640011824,44.840211874]},"properties":{"commune":"33281","epci":"243300316","departement":"33","region":"75","description":""}},{"type":"Feature","geometry":{"type":"Point","coordinates":[-0.680596415,44.845971161]},"properties":{"commune":"33281","epci":"243300316","departement":"33","region":"75","description":"Etat de la piste catastrophique (d\u00e9formations importantes)"}},{"type":"Feature","geometry":{"type":"Point","coordinates":[-0.659452241,44.857834729]},"properties":{"commune":"33281","epci":"243300316","departement":"33","region":"75","description":""}},{"type":"Feature","geometry":{"type":"Point","coordinates":[-0.746307953,44.841638782]},"properties":{"commune":"33281","epci":"243300316","departement":"33","region":"75","description":""}},{"type":"Feature","geometry":{"type":"Point","coordinates":[-0.677040915,44.85783841]},"properties":{"commune":"33281","epci":"243300316","departement":"33","region":"75","description":"rond point de la mort"}},{"type":"Feature","geometry":{"type":"Point","coordinates":[-0.75087291,44.840788296]},"properties":{"commune":"33281","epci":"243300316","departement":"33","region":"75","description":null}},{"type":"Feature","geometry":{"type":"Point","coordinates":[-0.621644022,44.836615918]},"properties":{"commune":"33281","epci":"243300316","departement":"33","region":"75","description":"Ensemble de l'avenue : la piste cyclable n'existe pas autour du parc du Bourran (c\u00f4t\u00e9 ouest) puis apr\u00e8s la voie ferr\u00e9e, elle est tr\u00e8s fine et coinc\u00e9e entre une avenue passante et des stationnements"}},{"type":"Feature","geometry":{"type":"Point","coordinates":[-0.643708241,44.841184021]},"properties":{"commune":"33281","epci":"243300316","departement":"33","region":"75","description":"Pas de piste cyclable, route circulante"}},{"type":"Feature","geometry":{"type":"Point","coordinates":[-0.743263699,44.843334754]},"properties":{"commune":"33281","epci":"243300316","departement":"33","region":"75","description":null}},{"type":"Feature","geometry":{"type":"Point","coordinates":[-0.615864647,44.838453466]},"properties":{"commune":"33281","epci":"243300316","departement":"33","region":"75","description":""}},{"type":"Feature","geometry":{"type":"Point","coordinates":[-0.619925483,44.838628741]},"properties":{"commune":"33281","epci":"243300316","departement":"33","region":"75","description":""}},{"type":"Feature","geometry":{"type":"Point","coordinates":[-0.626550198,44.838849671]},"properties":{"commune":"33281","epci":"243300316","departement":"33","region":"75","description":""}},{"type":"Feature","geometry":{"type":"Point","coordinates":[-0.629796343,44.835096012]},"properties":{"commune":"33281","epci":"243300316","departement":"33","region":"75","description":""}},{"type":"Feature","geometry":{"type":"Point","coordinates":[-0.627601224,44.835229337]},"properties":{"commune":"33281","epci":"243300316","departement":"33","region":"75","description":""}},{"type":"Feature","geometry":{"type":"Point","coordinates":[-0.616954955,44.838179468]},"properties":{"commune":"33281","epci":"243300316","departement":"33","region":"75","description":null}},{"type":"Feature","geometry":{"type":"Point","coordinates":[-0.628895779,44.834957387]},"properties":{"commune":"33281","epci":"243300316","departement":"33","region":"75","description":"Rue tr\u00e8s passante avec AUCUN am\u00e9nagement pour les v\u00e9los."}},{"type":"Feature","geometry":{"type":"Point","coordinates":[-0.641950397,44.839465137]},"properties":{"commune":"33281","epci":"243300316","departement":"33","region":"75","description":null}},{"type":"Feature","geometry":{"type":"Point","coordinates":[-0.672694979,44.81740177]},"properties":{"commune":"33281","epci":"243300316","departement":"33","region":"75","description":"Passage des ronds points"}},{"type":"Feature","geometry":{"type":"Point","coordinates":[-0.671771265,44.817641285]},"properties":{"commune":"33281","epci":"243300316","departement":"33","region":"75","description":"Les ronds points "}},{"type":"Feature","geometry":{"type":"Point","coordinates":[-0.659203964,44.857215711]},"properties":{"commune":"33281","epci":"243300316","departement":"33","region":"75","description":"Les bandes cyclables dans les 2 sens sont dangereuse"}},{"type":"Feature","geometry":{"type":"Point","coordinates":[-0.650579094,44.833218874]},"properties":{"commune":"33281","epci":"243300316","departement":"33","region":"75","description":"TOUTE LA ROUTE"}},{"type":"Feature","geometry":{"type":"Point","coordinates":[-0.613284583,44.838322061]},"properties":{"commune":"33281","epci":"243300316","departement":"33","region":"75","description":"travaux depuis toujours sur la voie cyclable, obligation de se mettre sur la route"}},{"type":"Feature","geometry":{"type":"Point","coordinates":[-0.659402292,44.83234995]},"properties":{"commune":"33281","epci":"243300316","departement":"33","region":"75","description":""}},{"type":"Feature","geometry":{"type":"Point","coordinates":[-0.634229622,44.835374775]},"properties":{"commune":"33281","epci":"243300316","departement":"33","region":"75","description":"L'avenue de la marne en entier "}},{"type":"Feature","geometry":{"type":"Point","coordinates":[-0.644049661,44.837134155]},"properties":{"commune":"33281","epci":"243300316","departement":"33","region":"75","description":"Manque de lumi\u00e8re et piste pas bien entretenue"}},{"type":"Feature","geometry":{"type":"Point","coordinates":[-0.618149563,44.827690817]},"properties":{"commune":"33281","epci":"243300316","departement":"33","region":"75","description":null}},{"type":"Feature","geometry":{"type":"Point","coordinates":[-0.61623681,44.837538559]},"properties":{"commune":"33281","epci":"243300316","departement":"33","region":"75","description":null}},{"type":"Feature","geometry":{"type":"Point","coordinates":[-0.614682822,44.832848031]},"properties":{"commune":"33281","epci":"243300316","departement":"33","region":"75","description":null}},{"type":"Feature","geometry":{"type":"Point","coordinates":[-0.657424828,44.841483913]},"properties":{"commune":"33281","epci":"243300316","departement":"33","region":"75","description":"Partage voie entre voitures et v\u00e9los : pas de s\u00e9paration "}},{"type":"Feature","geometry":{"type":"Point","coordinates":[-0.668392915,44.842319049]},"properties":{"commune":"33281","epci":"243300316","departement":"33","region":"75","description":"Partage voie entre voitures et v\u00e9los : pas de s\u00e9paration + voie congestionn\u00e9e tr\u00e8s souvent"}},{"type":"Feature","geometry":{"type":"Point","coordinates":[-0.645693461,44.843393663]},"properties":{"commune":"33281","epci":"243300316","departement":"33","region":"75","description":"de M\u00e9rignac Centre \u00e0 Bruges : transversale pour rejoindre la voie verte "}},{"type":"Feature","geometry":{"type":"Point","coordinates":[-0.640445338,44.848163299]},"properties":{"commune":"33281","epci":"243300316","departement":"33","region":"75","description":"souvent d\u00e9passement dans le virage sans visibilit\u00e9.\nEt plus loin, la route zigzague et les gens vont droit et se rapprochent dangereusement."}},{"type":"Feature","geometry":{"type":"Point","coordinates":[-0.616112553,44.838294428]},"properties":{"commune":"33281","epci":"243300316","departement":"33","region":"75","description":""}},{"type":"Feature","geometry":{"type":"Point","coordinates":[-0.670508591,44.838782746]},"properties":{"commune":"33281","epci":"243300316","departement":"33","region":"75","description":null}},{"type":"Feature","geometry":{"type":"Point","coordinates":[-0.655152911,44.849350528]},"properties":{"commune":"33281","epci":"243300316","departement":"33","region":"75","description":""}},{"type":"Feature","geometry":{"type":"Point","coordinates":[-0.660868519,44.830939711]},"properties":{"commune":"33281","epci":"243300316","departement":"33","region":"75","description":""}},{"type":"Feature","geometry":{"type":"Point","coordinates":[-0.639557892,44.841717075]},"properties":{"commune":"33281","epci":"243300316","departement":"33","region":"75","description":" L'itin\u00e9raire pour aller de Pessac au M\u00e9doc est fastidieux et tortueux et passe sur des axes \u00e0 circulation importante. "}},{"type":"Feature","geometry":{"type":"Point","coordinates":[-0.629267799,44.834948501]},"properties":{"commune":"33281","epci":"243300316","departement":"33","region":"75","description":"pas de piste d\u00e9di\u00e9, fort trafic"}},{"type":"Feature","geometry":{"type":"Point","coordinates":[-0.646293475,44.839651739]},"properties":{"commune":"33281","epci":"243300316","departement":"33","region":"75","description":"Manque l'ouverture d'un parcours entre parc bourran et ici sur la dev\u00e8ze canalis\u00e9e"}},{"type":"Feature","geometry":{"type":"Point","coordinates":[-0.679782169,44.83545539]},"properties":{"commune":"33281","epci":"243300316","departement":"33","region":"75","description":"TR\u00e8s p\u00e9nible d'\u00eatre oblig\u00e9 de traverser quand on va \u00e0 l'a\u00e9roport"}},{"type":"Feature","geometry":{"type":"Point","coordinates":[-0.646997625,44.841824246]},"properties":{"commune":"33281","epci":"243300316","departement":"33","region":"75","description":null}},{"type":"Feature","geometry":{"type":"Point","coordinates":[-0.641568693,44.840726281]},"properties":{"commune":"33281","epci":"243300316","departement":"33","region":"75","description":"Pas de voie reservee"}},{"type":"Feature","geometry":{"type":"Point","coordinates":[-0.653555641,44.841358554]},"properties":{"commune":"33281","epci":"243300316","departement":"33","region":"75","description":"Rond point catastrophique  comme.les autres."}},{"type":"Feature","geometry":{"type":"Point","coordinates":[-0.609689983,44.838085433]},"properties":{"commune":"33281","epci":"243300316","departement":"33","region":"75","description":null}},{"type":"Feature","geometry":{"type":"Point","coordinates":[-0.620705321,44.838581934]},"properties":{"commune":"33281","epci":"243300316","departement":"33","region":"75","description":null}},{"type":"Feature","geometry":{"type":"Point","coordinates":[-0.613019432,44.838231435]},"properties":{"commune":"33281","epci":"243300316","departement":"33","region":"75","description":null}},{"type":"Feature","geometry":{"type":"Point","coordinates":[-0.752450741,44.840380885]},"properties":{"commune":"33281","epci":"243300316","departement":"33","region":"75","description":"Le passage cyclable sur le trottoir est dangereux car il n'y a pas de bonne visibilit\u00e9 vers les voitures sortant de Martignas et celles arrivant de la d213 qui arrivent tr\u00e8s vite.\nPrendre le rond point comme.un voiture est souvent plus s\u00fbr "}},{"type":"Feature","geometry":{"type":"Point","coordinates":[-0.647688612,44.841866637]},"properties":{"commune":"33281","epci":"243300316","departement":"33","region":"75","description":"Pas de piste cyclable "}},{"type":"Feature","geometry":{"type":"Point","coordinates":[-0.680601492,44.844019529]},"properties":{"commune":"33281","epci":"243300316","departement":"33","region":"75","description":null}},{"type":"Feature","geometry":{"type":"Point","coordinates":[-0.657731956,44.85698351]},"properties":{"commune":"33281","epci":"243300316","departement":"33","region":"75","description":"Travers\u00e9e d'un gros axe certes avec feu v\u00e9lo mais peu respect\u00e9 par les automobilistes "}},{"type":"Feature","geometry":{"type":"Point","coordinates":[-0.657129157,44.848418808]},"properties":{"commune":"33281","epci":"243300316","departement":"33","region":"75","description":"Piste \u00e9troite avec nombreux v\u00e9hicules qui grillent les feux et s'arr\u00eatent dans les sas v\u00e9lo "}},{"type":"Feature","geometry":{"type":"Point","coordinates":[-0.646563889,44.862406555]},"properties":{"commune":"33281","epci":"243300316","departement":"33","region":"75","description":"Reve1, portions en bande cyclable dangereuse et non conforme \u00e0 la charte ReVE"}},{"type":"Feature","geometry":{"type":"Point","coordinates":[-0.641629716,44.840766286]},"properties":{"commune":"33281","epci":"243300316","departement":"33","region":"75","description":"Pas de piste cyclable sur l\u2019Av de Verdun."}},{"type":"Feature","geometry":{"type":"Point","coordinates":[-0.65457116,44.841367703]},"properties":{"commune":"33281","epci":"243300316","departement":"33","region":"75","description":"Piste cyclable non s\u00e9par\u00e9e et trafic motoris\u00e9 trop important sur Av Yser."}},{"type":"Feature","geometry":{"type":"Point","coordinates":[-0.652404803,44.844935401]},"properties":{"commune":"33281","epci":"243300316","departement":"33","region":"75","description":"Route avec un tr\u00e8s fort d\u00e9vers, tr\u00e8s difficile pour des tricycles."}},{"type":"Feature","geometry":{"type":"Point","coordinates":[-0.619583049,44.838559197]},"properties":{"commune":"33281","epci":"243300316","departement":"33","region":"75","description":null}},{"type":"Feature","geometry":{"type":"Point","coordinates":[-0.615966542,44.833225942]},"properties":{"commune":"33281","epci":"243300316","departement":"33","region":"75","description":"D\u00e9passements dangereux quotidiens alors que le m\u00e8tre de s\u00e9curit\u00e9 ne peut \u00eatre respect\u00e9"}},{"type":"Feature","geometry":{"type":"Point","coordinates":[-0.633395802,44.817700781]},"properties":{"commune":"33281","epci":"243300316","departement":"33","region":"75","description":"difficult\u00e9 avec tr\u00e8s mauvaise visibilit\u00e9 pour acc\u00e9der au chemin de terre (pi\u00e9tons\/cyclistes) qui longe de terrain du Luchey Halde, depuis l'angle de l'Avenue Gambetta. Les voitures arrivant de l'Avenue Gambetta et allant vers le Burck vont vite et ne voient pas les v\u00e9los qui cherchent \u00e0 traverser \u00e0 cet endroit"}},{"type":"Feature","geometry":{"type":"Point","coordinates":[-0.615670809,44.838505306]},"properties":{"commune":"33281","epci":"243300316","departement":"33","region":"75","description":"Piste cyclable \u00e9troite, v\u00e9hicule motoris\u00e9s rapides, souvent des voitures sur la piste, chauss\u00e9e d\u00e9grad\u00e9e "}},{"type":"Feature","geometry":{"type":"Point","coordinates":[-0.633615383,44.824132494]},"properties":{"commune":"33281","epci":"243300316","departement":"33","region":"75","description":""}},{"type":"Feature","geometry":{"type":"Point","coordinates":[-0.699389632,44.811763385]},"properties":{"commune":"33281","epci":"243300316","departement":"33","region":"75","description":"Rond point impossible \u00e0 traverser"}},{"type":"Feature","geometry":{"type":"Point","coordinates":[-0.688079876,44.829086648]},"properties":{"commune":"33281","epci":"243300316","departement":"33","region":"75","description":"Changement de piste cyclable tr\u00e8s dangeureux"}},{"type":"Feature","geometry":{"type":"Point","coordinates":[-0.670898687,44.828117203]},"properties":{"commune":"33281","epci":"243300316","departement":"33","region":"75","description":null}},{"type":"Feature","geometry":{"type":"Point","coordinates":[-0.615910892,44.838508889]},"properties":{"commune":"33281","epci":"243300316","departement":"33","region":"75","description":"La place mond\u00e9sir est dangereuse \u00e0 v\u00e9lo. Surtout dans le sens ouest vert est lorsqu\u2019on veut rejoindre l\u2019avenue de la r\u00e9publique. "}},{"type":"Feature","geometry":{"type":"Point","coordinates":[-0.672984071,44.843562071]},"properties":{"commune":"33281","epci":"243300316","departement":"33","region":"75","description":"feu tricolore pour traverser la bretelle d'acc\u00e8s rocade vers le sud: les v\u00e9lo sont cens\u00e9s passer au feu pieton vert mais les voitures sur le mon venant de bordeaux en direction rocade sud coupent tr\u00e8s r\u00e9gulierment cette priorit\u00e9, en profitant de l'absence de v\u00e9hicule venant en face"}},{"type":"Feature","geometry":{"type":"Point","coordinates":[-0.630513003,44.834884458]},"properties":{"commune":"33281","epci":"243300316","departement":"33","region":"75","description":"Pas de place pour circuler \u00e0 v\u00e9lo sans \u00eatre fr\u00f4l\u00e9 par des voitures"}},{"type":"Feature","geometry":{"type":"Point","coordinates":[-0.640861491,44.837703887]},"properties":{"commune":"33281","epci":"243300316","departement":"33","region":"75","description":"Carrefour dangereux \u00e0 traverser"}},{"type":"Feature","geometry":{"type":"Point","coordinates":[-0.639845319,44.840304929]},"properties":{"commune":"33281","epci":"243300316","departement":"33","region":"75","description":"En venant de Mond\u00e9sir comment ne pas \u00eatre au milieu de la route pour tourner \u00e0 gauche"}},{"type":"Feature","geometry":{"type":"Point","coordinates":[-0.615370659,44.826710736]},"properties":{"commune":"33281","epci":"243300316","departement":"33","region":"75","description":"L'acc\u00e8s de  la piste cyclable se fait perpendiculaire \u00e0 la route, en descente, et les v\u00e9hicules motoris\u00e9s suivent de pr\u00e8s, sans comprendre pourquoi les v\u00e9los ralentissent"}},{"type":"Feature","geometry":{"type":"Point","coordinates":[-0.653047187,44.85658026]},"properties":{"commune":"33281","epci":"243300316","departement":"33","region":"75","description":"Rupture de continuit\u00e9 cyclable"}},{"type":"Feature","geometry":{"type":"Point","coordinates":[-0.639681307,44.856301759]},"properties":{"commune":"33281","epci":"243300316","departement":"33","region":"75","description":"Bande cyclable de moins de 50cm de large, dangereux "}},{"type":"Feature","geometry":{"type":"Point","coordinates":[-0.61366101,44.827108369]},"properties":{"commune":"33281","epci":"243300316","departement":"33","region":"75","description":null}},{"type":"Feature","geometry":{"type":"Point","coordinates":[-0.667346799,44.841623399]},"properties":{"commune":"33281","epci":"243300316","departement":"33","region":"75","description":"ROND POINT TR7S FR2QUENT2 AUX HEURES DE POINTE + VITESSE"}},{"type":"Feature","geometry":{"type":"Point","coordinates":[-0.678553484,44.83246592]},"properties":{"commune":"33281","epci":"243300316","departement":"33","region":"75","description":"DANGEREUX PAS D AMENAGEMENT"}},{"type":"Feature","geometry":{"type":"Point","coordinates":[-0.672381052,44.84317537]},"properties":{"commune":"33281","epci":"243300316","departement":"33","region":"75","description":"PROTECTION INSUFFISANTE SUR PARCOURS PARTIELLEMENT ADAPTE POUR SORTIR DE LA VILLE"}},{"type":"Feature","geometry":{"type":"Point","coordinates":[-0.643943269,44.84878403]},"properties":{"commune":"33281","epci":"243300316","departement":"33","region":"75","description":"Suppression par endroit des bandes cyclabes"}},{"type":"Feature","geometry":{"type":"Point","coordinates":[-0.631552415,44.83523561]},"properties":{"commune":"33281","epci":"243300316","departement":"33","region":"75","description":"Pas d'am\u00e9nagement malgr\u00e9 une circulation importante "}},{"type":"Feature","geometry":{"type":"Point","coordinates":[-0.646848697,44.841137834]},"properties":{"commune":"33281","epci":"243300316","departement":"33","region":"75","description":"Pas d'am\u00e9nagement et en mont\u00e9e. "}},{"type":"Feature","geometry":{"type":"Point","coordinates":[-0.675407273,44.830464636]},"properties":{"commune":"33281","epci":"243300316","departement":"33","region":"75","description":""}},{"type":"Feature","geometry":{"type":"Point","coordinates":[-0.661749547,44.856924188]},"properties":{"commune":"33281","epci":"243300316","departement":"33","region":"75","description":""}},{"type":"Feature","geometry":{"type":"Point","coordinates":[-0.644360162,44.846215163]},"properties":{"commune":"33281","epci":"243300316","departement":"33","region":"75","description":"Toute l\u2019avenue de la lib\u00e9ration est dangereuse."}},{"type":"Feature","geometry":{"type":"Point","coordinates":[-0.648346462,44.815909431]},"properties":{"commune":"33281","epci":"243300316","departement":"33","region":"75","description":"Am\u00e9nagement r\u00e9cent et tr\u00e8s dangereux. On doit monter sur un trottoir et traverser la route pour r\u00e9cup\u00e9rer une esp\u00e8ce de piste, du coup, on traverse avant et on roule \u00e0 contresens sur la route."}},{"type":"Feature","geometry":{"type":"Point","coordinates":[-0.643858756,44.832778118]},"properties":{"commune":"33281","epci":"243300316","departement":"33","region":"75","description":"Piste cyclable qui passe du trottoir \u00e0 la route et partag\u00e9e avec les bus"}},{"type":"Feature","geometry":{"type":"Point","coordinates":[-0.646988857,44.842109013]},"properties":{"commune":"33281","epci":"243300316","departement":"33","region":"75","description":"au centre ville pas de piste cyclable"}},{"type":"Feature","geometry":{"type":"Point","coordinates":[-0.622189895,44.826632463]},"properties":{"commune":"33281","epci":"243300316","departement":"33","region":"75","description":"la piste cyclable a de nombreuses bosses"}},{"type":"Feature","geometry":{"type":"Point","coordinates":[-0.680253662,44.846424356]},"properties":{"commune":"33281","epci":"243300316","departement":"33","region":"75","description":"La piste cyclable est horrible, beaucoup de bosses et les plaques ont beaucoup boug\u00e9s "}},{"type":"Feature","geometry":{"type":"Point","coordinates":[-0.647894904,44.832790636]},"properties":{"commune":"33281","epci":"243300316","departement":"33","region":"75","description":"Croisement 4 chemins tram bus camions auto sur plusieurs files et beaucoup de touristes perdus"}},{"type":"Feature","geometry":{"type":"Point","coordinates":[-0.643895427,44.841194661]},"properties":{"commune":"33281","epci":"243300316","departement":"33","region":"75","description":"Ins\u00e9curit\u00e9 sur voie de bus"}},{"type":"Feature","geometry":{"type":"Point","coordinates":[-0.618382326,44.837613921]},"properties":{"commune":"33281","epci":"243300316","departement":"33","region":"75","description":"Bande cyclable \u00e9troite, pas toujours respect\u00e9e par les voitures"}},{"type":"Feature","geometry":{"type":"Point","coordinates":[-0.614439163,44.830676225]},"properties":{"commune":"33281","epci":"243300316","departement":"33","region":"75","description":"Contresens cyclable impossible ou dagereux si v\u00e9hicule en face \u00e0 cause du stationnement"}},{"type":"Feature","geometry":{"type":"Point","coordinates":[-0.659588766,44.857332108]},"properties":{"commune":"33281","epci":"243300316","departement":"33","region":"75","description":"Trop de monde, acc\u00e8s rocade vitesse"}},{"type":"Feature","geometry":{"type":"Point","coordinates":[-0.645159198,44.852591851]},"properties":{"commune":"33281","epci":"243300316","departement":"33","region":"75","description":"Carrefour dangereux "}},{"type":"Feature","geometry":{"type":"Point","coordinates":[-0.686071155,44.824484733]},"properties":{"commune":"33281","epci":"243300316","departement":"33","region":"75","description":""}},{"type":"Feature","geometry":{"type":"Point","coordinates":[-0.612622487,44.836099321]},"properties":{"commune":"33281","epci":"243300316","departement":"33","region":"75","description":"Circulation double sens difficile, vitesse des voitures non respect\u00e9, trottoirs catastrophique s."}},{"type":"Feature","geometry":{"type":"Point","coordinates":[-0.636491379,44.823642168]},"properties":{"commune":"33281","epci":"243300316","departement":"33","region":"75","description":"Rond point illegal priorite aux velos. Combien de bless\u00e9s ? Morts?"}},{"type":"Feature","geometry":{"type":"Point","coordinates":[-0.615975825,44.833004463]},"properties":{"commune":"33281","epci":"243300316","departement":"33","region":"75","description":"Circulation \u00e0 contresens impossible car rue trop serr\u00e9e et circulation trop rapide malgr\u00e9 la limitation \u00e0 30. La plupart des cyclistes roulent sur les trottoirs "}},{"type":"Feature","geometry":{"type":"Point","coordinates":[-0.647441873,44.832215559]},"properties":{"commune":"33281","epci":"243300316","departement":"33","region":"75","description":"carrefour 4 chemins"}},{"type":"Feature","geometry":{"type":"Point","coordinates":[-0.629477595,44.833823474]},"properties":{"commune":"33281","epci":"243300316","departement":"33","region":"75","description":"av de la MArne : pas de bande cyclable"}},{"type":"Feature","geometry":{"type":"Point","coordinates":[-0.687441127,44.845436739]},"properties":{"commune":"33281","epci":"243300316","departement":"33","region":"75","description":null}},{"type":"Feature","geometry":{"type":"Point","coordinates":[-0.750603568,44.841704709]},"properties":{"commune":"33281","epci":"243300316","departement":"33","region":"75","description":null}},{"type":"Feature","geometry":{"type":"Point","coordinates":[-0.677775075,44.852120066]},"properties":{"commune":"33281","epci":"243300316","departement":"33","region":"75","description":"avenue de la grange noire et autour : la piste est top mais aucun respect des priorit\u00e9s par les voitures"}},{"type":"Feature","geometry":{"type":"Point","coordinates":[-0.657540245,44.830794017]},"properties":{"commune":"33281","epci":"243300316","departement":"33","region":"75","description":"M\u00e9rignac Soleil tr\u00e8s compliqu\u00e9 les pistes cyclables\/ pas logique etc pour le carrefour soleil"}},{"type":"Feature","geometry":{"type":"Point","coordinates":[-0.636959973,44.824278554]},"properties":{"commune":"33281","epci":"243300316","departement":"33","region":"75","description":"V\u00e9hicules ne respectent pas la priorit\u00e9 velo"}},{"type":"Feature","geometry":{"type":"Point","coordinates":[-0.629558512,44.839187682]},"properties":{"commune":"33281","epci":"243300316","departement":"33","region":"75","description":"\u00c9tat de la voie jusqu'\u00e0 M\u00e9rignac centre en auuvais \u00e9tat, piste cyclable \u00e9troite "}},{"type":"Feature","geometry":{"type":"Point","coordinates":[-0.629960047,44.834919233]},"properties":{"commune":"33281","epci":"243300316","departement":"33","region":"75","description":"Absence de voir cyclabydigne de ce nom. Proximit\u00e9 des voitures trop importante. "}},{"type":"Feature","geometry":{"type":"Point","coordinates":[-0.627145047,44.835300236]},"properties":{"commune":"33281","epci":"243300316","departement":"33","region":"75","description":"Dans le sens unique de la route, obligation d'attendre avec une grande quantit\u00e9 de voiture, pour ne pas enfreindre le code. Si on proche du trottoir, les voitures r\u00e9guli\u00e8rement vous d\u00e9passent, alors qu'on est tr\u00e8s serr\u00e9 (peut-\u00eatre 20cm de distance entre r\u00e9tros et le v\u00e9lo).\nDans le contre-sens (autoris\u00e9 en allant sur le trottoir), les automobilistes ne comprennent pas que c'est possible, et \u00e9valuent mal le d\u00e9placement du cycliste. Bcp de klaxons et signal lumineux lors de ces incompr\u00e9hensions."}},{"type":"Feature","geometry":{"type":"Point","coordinates":[-0.616359508,44.838416194]},"properties":{"commune":"33281","epci":"243300316","departement":"33","region":"75","description":"rond point de la mort pour des enfants"}},{"type":"Feature","geometry":{"type":"Point","coordinates":[-0.626914053,44.838879773]},"properties":{"commune":"33281","epci":"243300316","departement":"33","region":"75","description":"Bande cyclable \u00e9cras\u00e9e par les PL et les insouciants du matin dans le sens vers Bordeaux, \u00e0 l'approche du pont."}},{"type":"Feature","geometry":{"type":"Point","coordinates":[-0.615407164,44.838229385]},"properties":{"commune":"33281","epci":"243300316","departement":"33","region":"75","description":"Il faut rester sur la voie des voitures pour aller sur l'avenue de la r\u00e9publique je ne me sens pas en s\u00e9curit\u00e9. Mais sauf erreur un projet est encours pour requalifier cette place"}},{"type":"Feature","geometry":{"type":"Point","coordinates":[-0.691712942,44.847214395]},"properties":{"commune":"33281","epci":"243300316","departement":"33","region":"75","description":"Rond point dangereux"}},{"type":"Feature","geometry":{"type":"Point","coordinates":[-0.670486094,44.842210757]},"properties":{"commune":"33281","epci":"243300316","departement":"33","region":"75","description":"Mauvaise visibilit\u00e9 "}},{"type":"Feature","geometry":{"type":"Point","coordinates":[-0.69260885,44.850117927]},"properties":{"commune":"33281","epci":"243300316","departement":"33","region":"75","description":"Travers\u00e9e du rond point en v\u00e9lo dangereuse"}},{"type":"Feature","geometry":{"type":"Point","coordinates":[-0.691821438,44.847001285]},"properties":{"commune":"33281","epci":"243300316","departement":"33","region":"75","description":"Absence de continuit\u00e9 cyclable depuis l'all\u00e9e des maronniers"}},{"type":"Feature","geometry":{"type":"Point","coordinates":[-0.616510407,44.838233375]},"properties":{"commune":"33281","epci":"243300316","departement":"33","region":"75","description":""}},{"type":"Feature","geometry":{"type":"Point","coordinates":[-0.621701119,44.831255374]},"properties":{"commune":"33281","epci":"243300316","departement":"33","region":"75","description":"Rue Paul Doumer, \u00e9tat de la chauss\u00e9e "}},{"type":"Feature","geometry":{"type":"Point","coordinates":[-0.650853562,44.845438385]},"properties":{"commune":"33281","epci":"243300316","departement":"33","region":"75","description":""}},{"type":"Feature","geometry":{"type":"Point","coordinates":[-0.631338833,44.84052218]},"properties":{"commune":"33281","epci":"243300316","departement":"33","region":"75","description":""}},{"type":"Feature","geometry":{"type":"Point","coordinates":[-0.645223752,44.849744149]},"properties":{"commune":"33281","epci":"243300316","departement":"33","region":"75","description":null}},{"type":"Feature","geometry":{"type":"Point","coordinates":[-0.671122386,44.828756256]},"properties":{"commune":"33281","epci":"243300316","departement":"33","region":"75","description":null}},{"type":"Feature","geometry":{"type":"Point","coordinates":[-0.618338504,44.835228338]},"properties":{"commune":"33281","epci":"243300316","departement":"33","region":"75","description":""}},{"type":"Feature","geometry":{"type":"Point","coordinates":[-0.651074137,44.841471757]},"properties":{"commune":"33281","epci":"243300316","departement":"33","region":"75","description":null}},{"type":"Feature","geometry":{"type":"Point","coordinates":[-0.64666418,44.847378639]},"properties":{"commune":"33281","epci":"243300316","departement":"33","region":"75","description":"Pas de vision "}},{"type":"Feature","geometry":{"type":"Point","coordinates":[-0.651179192,44.847854452]},"properties":{"commune":"33281","epci":"243300316","departement":"33","region":"75","description":"Beaucoup de circulation notamment les jours de march\u00e9 et quand il fait chaud les voitures se garent sur les trottoirs. Voitures \u00e0 grande vitesse. Couper la route pour aller \u00e0 la piscine avec des enfants est tr\u00e8s dangereux."}},{"type":"Feature","geometry":{"type":"Point","coordinates":[-0.70037662,44.811830081]},"properties":{"commune":"33281","epci":"243300316","departement":"33","region":"75","description":"Sortie de ronds points dangereux"}},{"type":"Feature","geometry":{"type":"Point","coordinates":[-0.682831688,44.837249868]},"properties":{"commune":"33281","epci":"243300316","departement":"33","region":"75","description":"Ce n'est pas possible: pas de pistes cyclables et passage avec des v\u00e9hicules trop dangereux (vitesses, nombres et gabarits)."}},{"type":"Feature","geometry":{"type":"Point","coordinates":[-0.681814007,44.839243416]},"properties":{"commune":"33281","epci":"243300316","departement":"33","region":"75","description":"Malgr\u00e9 le STOP mat\u00e9rialis\u00e9 par la Mairie, les automobilistes sortant de cette rue force le passage."}},{"type":"Feature","geometry":{"type":"Point","coordinates":[-0.679799255,44.840793998]},"properties":{"commune":"33281","epci":"243300316","departement":"33","region":"75","description":"Il faut mettre des dos d'\u00e2ne pour faire ralentir les autos"}},{"type":"Feature","geometry":{"type":"Point","coordinates":[-0.616041831,44.838276985]},"properties":{"commune":"33281","epci":"243300316","departement":"33","region":"75","description":"Place Mond\u00e9sir : passage risqu\u00e9 en v\u00e9lo, particuli\u00e8rement avec des enfants."}},{"type":"Feature","geometry":{"type":"Point","coordinates":[-0.620693921,44.836338059]},"properties":{"commune":"33281","epci":"243300316","departement":"33","region":"75","description":null}},{"type":"Feature","geometry":{"type":"Point","coordinates":[-0.678634247,44.832554756]},"properties":{"commune":"33281","epci":"243300316","departement":"33","region":"75","description":"Rond point dangereux "}},{"type":"Feature","geometry":{"type":"Point","coordinates":[-0.646315015,44.843085168]},"properties":{"commune":"33281","epci":"243300316","departement":"33","region":"75","description":"Marquage au sol effac\u00e9"}},{"type":"Feature","geometry":{"type":"Point","coordinates":[-0.644707669,44.841419209]},"properties":{"commune":"33281","epci":"243300316","departement":"33","region":"75","description":""}},{"type":"Feature","geometry":{"type":"Point","coordinates":[-0.629660057,44.839409574]},"properties":{"commune":"33281","epci":"243300316","departement":"33","region":"75","description":null}},{"type":"Feature","geometry":{"type":"Point","coordinates":[-0.616298649,44.838444969]},"properties":{"commune":"33281","epci":"243300316","departement":"33","region":"75","description":null}},{"type":"Feature","geometry":{"type":"Point","coordinates":[-0.613844154,44.830878458]},"properties":{"commune":"33281","epci":"243300316","departement":"33","region":"75","description":"Les voitures n\u2019ont pas de visibilit\u00e9 dans le virage donc doivent s\u2019avancer sur la route pour voir les v\u00e9hiculent qui arrivent et empi\u00e8tent sur la route, oblig\u00e9e de les contourner presque tous les jours pour ne pas \u00eatre renvers\u00e9e "}},{"type":"Feature","geometry":{"type":"Point","coordinates":[-0.666142055,44.818771555]},"properties":{"commune":"33281","epci":"243300316","departement":"33","region":"75","description":null}},{"type":"Feature","geometry":{"type":"Point","coordinates":[-0.615713723,44.838510965]},"properties":{"commune":"33281","epci":"243300316","departement":"33","region":"75","description":"Place Mondesir : carrefour dangereux, difficult\u00e9 \u00e0 couper les voies pour suivre son itin\u00e9raire "}},{"type":"Feature","geometry":{"type":"Point","coordinates":[-0.645169235,44.841499513]},"properties":{"commune":"33281","epci":"243300316","departement":"33","region":"75","description":"aucune piste cyclable"}},{"type":"Feature","geometry":{"type":"Point","coordinates":[-0.664398416,44.848906925]},"properties":{"commune":"33281","epci":"243300316","departement":"33","region":"75","description":"Circulation confondues avec les v\u00e9hicules motorises"}},{"type":"Feature","geometry":{"type":"Point","coordinates":[-0.656711122,44.857046528]},"properties":{"commune":"33281","epci":"243300316","departement":"33","region":"75","description":"Piste cyclable bord de route, grosse fr\u00e9quentation, bouchon fr\u00e9quent et automobiliste press\u00e9s "}},{"type":"Feature","geometry":{"type":"Point","coordinates":[-0.666907233,44.841640729]},"properties":{"commune":"33281","epci":"243300316","departement":"33","region":"75","description":"Voitures d\u00e9bo\u00eetant de stationnement (boulangerie) pas toujours attentives aux v\u00e9los "}},{"type":"Feature","geometry":{"type":"Point","coordinates":[-0.629612639,44.817025981]},"properties":{"commune":"33281","epci":"243300316","departement":"33","region":"75","description":"C'est la rue que j'utilise pour amener ma fille de 5 ans \u00e0 l'\u00e9cole. Quand elle fait du v\u00e9lo, elle a d\u00e9j\u00e0 eu deux accidents avec des voitures ..."}},{"type":"Feature","geometry":{"type":"Point","coordinates":[-0.616433563,44.837164194]},"properties":{"commune":"33281","epci":"243300316","departement":"33","region":"75","description":"rond point Mond\u00e9sir"}},{"type":"Feature","geometry":{"type":"Point","coordinates":[-0.616057852,44.838505341]},"properties":{"commune":"33281","epci":"243300316","departement":"33","region":"75","description":"Devant les commerces, route pourrie, v\u00e9hicules stationn\u00e9s sur bande cyclable, route peu spacieuse, beaucoup de circulation, automobilistes qui fr\u00f4lent."}},{"type":"Feature","geometry":{"type":"Point","coordinates":[-0.626575481,44.838868516]},"properties":{"commune":"33281","epci":"243300316","departement":"33","region":"75","description":"Sous le pont, grande ligne droite pour les voitures qui foncent, en mont\u00e9e donc v\u00e9lo lent, pas \u00e9clair\u00e9 "}},{"type":"Feature","geometry":{"type":"Point","coordinates":[-0.635834066,44.834965249]},"properties":{"commune":"33281","epci":"243300316","departement":"33","region":"75","description":"Chauss\u00e9e HS, route dangereuse "}},{"type":"Feature","geometry":{"type":"Point","coordinates":[-0.638928682,44.83320445]},"properties":{"commune":"33281","epci":"243300316","departement":"33","region":"75","description":"Voiture roule tr\u00e8s vite et endroit peu \u00e9clair\u00e9 la nuit "}},{"type":"Feature","geometry":{"type":"Point","coordinates":[-0.615824646,44.838465118]},"properties":{"commune":"33281","epci":"243300316","departement":"33","region":"75","description":"Les voitures se garent sur la bande cyclable + chauss\u00e9e degradee"}},{"type":"Feature","geometry":{"type":"Point","coordinates":[-0.627327652,44.839009517]},"properties":{"commune":"33281","epci":"243300316","departement":"33","region":"75","description":"Voiture roule tr\u00e8s vite et endroit peu \u00e9clair\u00e9 la nuit "}},{"type":"Feature","geometry":{"type":"Point","coordinates":[-0.62445676,44.831641689]},"properties":{"commune":"33281","epci":"243300316","departement":"33","region":"75","description":"Bitume d\u00e9labr\u00e9"}},{"type":"Feature","geometry":{"type":"Point","coordinates":[-0.631976518,44.835162115]},"properties":{"commune":"33281","epci":"243300316","departement":"33","region":"75","description":"Proximit\u00e9 des v\u00e9hicules motoris\u00e9s et non respect de la vitesse"}},{"type":"Feature","geometry":{"type":"Point","coordinates":[-0.619301933,44.830814578]},"properties":{"commune":"33281","epci":"243300316","departement":"33","region":"75","description":"Rue totalement incomfortable \u00e9tant donn\u00e9 l etat du bitume"}},{"type":"Feature","geometry":{"type":"Point","coordinates":[-0.640918173,44.848634036]},"properties":{"commune":"33281","epci":"243300316","departement":"33","region":"75","description":null}},{"type":"Feature","geometry":{"type":"Point","coordinates":[-0.616058007,44.837835288]},"properties":{"commune":"33281","epci":"243300316","departement":"33","region":"75","description":"rond point"}},{"type":"Feature","geometry":{"type":"Point","coordinates":[-0.743769412,44.842661161]},"properties":{"commune":"33281","epci":"243300316","departement":"33","region":"75","description":"Bande cyclable tr\u00e8s dangereuse se trouvant le long de la route limit\u00e9e \u00e0 80km\/home sur laquelle circulent de nombreuses voitures et poids lourds. L'orientation de cette bande est\/ouest implique souvent un \u00e9blouissement des v\u00e9hicules qui contribue \u00e0 la dangerosit\u00e9. Cette bande est de largeur variable et tr\u00e8s peu entretenue. Le risque de crevaison est aussi \u00e9lev\u00e9. Il est imp\u00e9ratif de cr\u00e9er une piste cyclable s\u00e9par\u00e9e de la voie de circulation !"}},{"type":"Feature","geometry":{"type":"Point","coordinates":[-0.674078357,44.831579935]},"properties":{"commune":"33281","epci":"243300316","departement":"33","region":"75","description":null}},{"type":"Feature","geometry":{"type":"Point","coordinates":[-0.673617873,44.84251891]},"properties":{"commune":"33281","epci":"243300316","departement":"33","region":"75","description":null}},{"type":"Feature","geometry":{"type":"Point","coordinates":[-0.673617873,44.817372495]},"properties":{"commune":"33281","epci":"243300316","departement":"33","region":"75","description":null}},{"type":"Feature","geometry":{"type":"Point","coordinates":[-0.752229311,44.84026597]},"properties":{"commune":"33281","epci":"243300316","departement":"33","region":"75","description":"Travers\u00e9e d\u2019un rond point o\u00f9 les v\u00e9hicules arrivent vite"}},{"type":"Feature","geometry":{"type":"Point","coordinates":[-0.644560321,44.848465801]},"properties":{"commune":"33281","epci":"243300316","departement":"33","region":"75","description":""}},{"type":"Feature","geometry":{"type":"Point","coordinates":[-0.632087681,44.83521725]},"properties":{"commune":"33281","epci":"243300316","departement":"33","region":"75","description":""}},{"type":"Feature","geometry":{"type":"Point","coordinates":[-0.619073573,44.830810813]},"properties":{"commune":"33281","epci":"243300316","departement":"33","region":"75","description":""}},{"type":"Feature","geometry":{"type":"Point","coordinates":[-0.625522389,44.826341587]},"properties":{"commune":"33281","epci":"243300316","departement":"33","region":"75","description":null}},{"type":"Feature","geometry":{"type":"Point","coordinates":[-0.685730477,44.813728574]},"properties":{"commune":"33281","epci":"243300316","departement":"33","region":"75","description":null}},{"type":"Feature","geometry":{"type":"Point","coordinates":[-0.693182507,44.835572603]},"properties":{"commune":"33281","epci":"243300316","departement":"33","region":"75","description":""}},{"type":"Feature","geometry":{"type":"Point","coordinates":[-0.617243303,44.830629763]},"properties":{"commune":"33281","epci":"243300316","departement":"33","region":"75","description":"Rue Paul Doumer compl\u00e8tement irr\u00e9guli\u00e8re suite \u00e0 de nombreux travaux. Route tr\u00e8s inconfortable aussi bien \u00e0 v\u00e9lo qu'en voiture"}}]}