{
  "type": "FeatureCollection",
  "features": [
    {
      "type": "Feature",
      "properties": {
        "fid": 1,
        "GID": 1,
        "TERRIT_P": "PT_OUEST",
        "GO_DESCRITION": "amgt general + voie verte",
        "GPOLE_SUIVI_OPE_AMENAGEMENT_EP_COMMUNES": "Blanquefort",
        "GPOLE_SUIVI_OPE_AMENAGEMENT_EP_LIBELLE_PROJET": "BLANQ-001 ... Av. du Général de Gaulle (S1 - Gravière à Bel Air)",
        "GPOLE_SUIVI_OPE_AMENAGEMENT_EP_STATUT_PROJET": "Conception",
        "GPOLE_SUIVI_OPE_AMENAGEMENT_EP_CHEF_DE_PROJET": "MOINEREAU Jean-Philippe",
        "GPOLE_SUIVI_OPE_AMENAGEMENT_EP_DESCRIPTION_PROJET": "Requalification  de voirie et aménagement paysager de l'avenue du Général de Gaulle (section entre rue des Gravières et rue de Belair): création d'une voie verte, de trottoirs aux normes PMR, d'une meilleure gestion hydraulique, etc",
        "GPOLE_SUIVI_OPE_AMENAGEMENT_EP_TYPE_PROJET": "Amgt EspPublic _ Géné",
        "GPOLE_SUIVI_OPE_AMENAGEMENT_EP_PROG_FIN_PRINC_SAU": "CODEV",
        "GPOLE_SUIVI_OPE_AMENAGEMENT_EP_DEBUT_TRAVAUX": 2026,
        "GPOLE_SUIVI_OPE_AMENAGEMENT_EP_FIN_TRAVAUX": 2028
      },
      "geometry": {
        "type": "MultiLineString",
        "coordinates": [
          [
            [
              -0.6347067,
              44.93086510000007
            ],
            [
              -0.634700400000053,
              44.931021100000066
            ],
            [
              -0.63448029298604,
              44.931871580334274
            ],
            [
              -0.634101348181635,
              44.93334214598756
            ],
            [
              -0.633870900000029,
              44.93429669999998
            ],
            [
              -0.633850762618108,
              44.93452326237528
            ],
            [
              -0.6337786,
              44.93501729999997
            ],
            [
              -0.633809199999964,
              44.93523450000004
            ],
            [
              -0.633871984321884,
              44.935464711715696
            ],
            [
              -0.633911,
              44.93557179999998
            ],
            [
              -0.633951,
              44.935782
            ],
            [
              -0.633980261458166,
              44.9360682065535
            ],
            [
              -0.634007199999951,
              44.93628610000001
            ],
            [
              -0.634002600000056,
              44.9365998
            ],
            [
              -0.633925299999982,
              44.93686340000006
            ],
            [
              -0.633823778014626,
              44.937124027086085
            ],
            [
              -0.633780700000013,
              44.93722470000004
            ],
            [
              -0.633523200000056,
              44.9377521
            ],
            [
              -0.633363023661142,
              44.938108014736244
            ],
            [
              -0.633238204259381,
              44.93845396602204
            ],
            [
              -0.6331463887238,
              44.938767159199756
            ],
            [
              -0.633039099999971,
              44.9391731
            ],
            [
              -0.632842232335996,
              44.939959037058394
            ],
            [
              -0.63259730000003,
              44.94094190000001
            ]
          ]
        ]
      }
    },
    {
      "type": "Feature",
      "properties": {
        "fid": 20,
        "GID": 37,
        "TERRIT_P": "PT_OUEST",
        "GO_DESCRITION": "amgt liaison douce",
        "GPOLE_SUIVI_OPE_AMENAGEMENT_EP_COMMUNES": "Bruges",
        "GPOLE_SUIVI_OPE_AMENAGEMENT_EP_LIBELLE_PROJET": "BRUGE-016 ... Rue Pascal Triat",
        "GPOLE_SUIVI_OPE_AMENAGEMENT_EP_STATUT_PROJET": "Conception",
        "GPOLE_SUIVI_OPE_AMENAGEMENT_EP_CHEF_DE_PROJET": "MARCHAND Anne-Laure",
        "GPOLE_SUIVI_OPE_AMENAGEMENT_EP_DESCRIPTION_PROJET": "Requalification de la rue Pascal Triat dans le cadre du projet de liaison organique portée par la mission 1MA. Objectifs : très forte végétalisation de l'axe + mise en place du réseau REVE (entre allée de Bouléouts et route du Médoc) + évolution du schéma de circulation (mise à sens unique)",
        "GPOLE_SUIVI_OPE_AMENAGEMENT_EP_TYPE_PROJET": "Amgt EspPublic _ Géné",
        "GPOLE_SUIVI_OPE_AMENAGEMENT_EP_PROG_FIN_PRINC_SAU": "CODEV",
        "GPOLE_SUIVI_OPE_AMENAGEMENT_EP_DEBUT_TRAVAUX": 2028,
        "GPOLE_SUIVI_OPE_AMENAGEMENT_EP_FIN_TRAVAUX": 2028
      },
      "geometry": {
        "type": "MultiLineString",
        "coordinates": [
          [
            [
              -0.617230802923233,
              44.88137674534726
            ],
            [
              -0.6175228,
              44.8805498
            ],
            [
              -0.617626,
              44.8802957000001
            ],
            [
              -0.617730899999964,
              44.8800482
            ],
            [
              -0.617784699999982,
              44.87995669999999
            ],
            [
              -0.617844500000022,
              44.87989140000003
            ],
            [
              -0.617953800000028,
              44.87980870000005
            ],
            [
              -0.618186699999983,
              44.87966260000004
            ],
            [
              -0.6181907330149,
              44.87966023840675
            ],
            [
              -0.618440299999979,
              44.879514100000044
            ],
            [
              -0.6188903,
              44.8792738
            ],
            [
              -0.619079,
              44.879167900000034
            ],
            [
              -0.619225,
              44.879079800000035
            ],
            [
              -0.619312099999968,
              44.879019400000026
            ],
            [
              -0.619454099999939,
              44.87891030000004
            ],
            [
              -0.61969659999995,
              44.878691400000015
            ],
            [
              -0.620096499999981,
              44.878305100000034
            ],
            [
              -0.621011800000048,
              44.877592300000046
            ],
            [
              -0.620999359344136,
              44.87758160329887
            ],
            [
              -0.621011800000048,
              44.877592300000046
            ],
            [
              -0.621143399999979,
              44.877503
            ],
            [
              -0.621742699999958,
              44.8770508
            ],
            [
              -0.6221009,
              44.876799
            ],
            [
              -0.622097742748393,
              44.87679680636975
            ]
          ]
        ]
      }
    },
    {
      "type": "Feature",
      "properties": {
        "fid": 26,
        "GID": 44,
        "TERRIT_P": "PT_OUEST",
        "GO_DESCRITION": "amgt general",
        "GPOLE_SUIVI_OPE_AMENAGEMENT_EP_COMMUNES": "Eysines",
        "GPOLE_SUIVI_OPE_AMENAGEMENT_EP_LIBELLE_PROJET": "EYSIN-004a ... Avenue du Médoc  (entre la rocade et Cantinolle)",
        "GPOLE_SUIVI_OPE_AMENAGEMENT_EP_STATUT_PROJET": "Conception",
        "GPOLE_SUIVI_OPE_AMENAGEMENT_EP_CHEF_DE_PROJET": "FALGERE Eric",
        "GPOLE_SUIVI_OPE_AMENAGEMENT_EP_DESCRIPTION_PROJET": "L'Avenue du Médoc à Eysines (ex RD2215) relie le carrefour de Cantinolle à l'ouest (avec la RD1 et la RD1215) à l'échangeur 7 de la rocade côté Est = 3300m\n. Le réaménagement du carrefour de Cantinolle jusqu'à l'avenue de l'Europe est traité en maitrise d'œuvre externe\n. Phase 1 de l'opération Eysin-04 : section Av. de l'Europe à av. de la Pompe (1500m) = études Codev5 Phase EP et AVP) et travaux Codev6 (si préalables levés)\n. Phase 2 = av. de la Pompe à Rocade ( Phase EP)",
        "GPOLE_SUIVI_OPE_AMENAGEMENT_EP_TYPE_PROJET": "Amgt EspPublic _ Géné",
        "GPOLE_SUIVI_OPE_AMENAGEMENT_EP_PROG_FIN_PRINC_SAU": "CODEV",
        "GPOLE_SUIVI_OPE_AMENAGEMENT_EP_DEBUT_TRAVAUX": 2027,
        "GPOLE_SUIVI_OPE_AMENAGEMENT_EP_FIN_TRAVAUX": 2028
      },
      "geometry": {
        "type": "MultiLineString",
        "coordinates": [
          [
            [
              -0.628209487528245,
              44.88068693279324
            ],
            [
              -0.6282131,
              44.8806939
            ],
            [
              -0.62861040000006,
              44.88109380000006
            ],
            [
              -0.628843268581792,
              44.88126990855855
            ],
            [
              -0.6290949,
              44.881441699999975
            ],
            [
              -0.6291433,
              44.88147480000003
            ],
            [
              -0.62926150000006,
              44.881555300000045
            ],
            [
              -0.629296474611906,
              44.88157915734081
            ],
            [
              -0.629362799999939,
              44.8816244
            ],
            [
              -0.629356118331519,
              44.881629904432735
            ],
            [
              -0.629912299999961,
              44.88200230000007
            ],
            [
              -0.630683199999954,
              44.88252630000002
            ],
            [
              -0.630998200000039,
              44.882735900000036
            ],
            [
              -0.631348220306223,
              44.88296254706583
            ],
            [
              -0.631363900000044,
              44.882972700000046
            ],
            [
              -0.631490899999939,
              44.88304130000005
            ],
            [
              -0.631823400000037,
              44.8831933
            ],
            [
              -0.6329536,
              44.883641399999966
            ],
            [
              -0.633328100000068,
              44.88379280000006
            ],
            [
              -0.633857282838021,
              44.884000127690136
            ],
            [
              -0.634267900000029,
              44.884161
            ],
            [
              -0.636485100000011,
              44.885035
            ],
            [
              -0.636652686969617,
              44.88510083300021
            ],
            [
              -0.6382116,
              44.8857132
            ],
            [
              -0.639349233765483,
              44.88615869964748
            ],
            [
              -0.641674700000035,
              44.8870693
            ],
            [
              -0.641749426965345,
              44.88709881361381
            ],
            [
              -0.642244900000012,
              44.88729450000006
            ],
            [
              -0.644904479866415,
              44.88833820932076
            ],
            [
              -0.646686300000021,
              44.88903740000006
            ],
            [
              -0.646815700000032,
              44.88908330000006
            ],
            [
              -0.647328800000036,
              44.88919730000003
            ],
            [
              -0.647716609992267,
              44.88926969250481
            ],
            [
              -0.647982899999989,
              44.8893194
            ],
            [
              -0.6485715,
              44.88943550000006
            ],
            [
              -0.650638951819486,
              44.88981471907362
            ],
            [
              -0.650644299999958,
              44.88981570000002
            ],
            [
              -0.65098,
              44.88988190000004
            ],
            [
              -0.653841631137161,
              44.89043729896304
            ],
            [
              -0.65532259999997,
              44.8907247
            ],
            [
              -0.657256454013637,
              44.8910972489668
            ],
            [
              -0.657858899999947,
              44.8912133
            ],
            [
              -0.659160700000011,
              44.891454
            ],
            [
              -0.660347068530264,
              44.89168028005074
            ],
            [
              -0.661037699999967,
              44.891812
            ],
            [
              -0.66338180000001,
              44.89225720000006
            ],
            [
              -0.6642213,
              44.892417200000054
            ],
            [
              -0.664237085947522,
              44.89241977194169
            ],
            [
              -0.664800099999989,
              44.8925115
            ],
            [
              -0.665177470519114,
              44.89253665138207
            ],
            [
              -0.665178284722428,
              44.8925367782066
            ],
            [
              -0.665178284722428,
              44.8925367782066
            ],
            [
              -0.665178284722428,
              44.8925367782066
            ],
            [
              -0.665178284722428,
              44.8925367782066
            ],
            [
              -0.665178284722428,
              44.8925367782066
            ],
            [
              -0.665178284722428,
              44.8925367782066
            ],
            [
              -0.665178284722428,
              44.8925367782066
            ],
            [
              -0.665178284722428,
              44.8925367782066
            ],
            [
              -0.665178284722428,
              44.8925367782066
            ]
          ]
        ]
      }
    },
    {
      "type": "Feature",
      "properties": {
        "fid": 28,
        "GID": 46,
        "TERRIT_P": "PT_OUEST",
        "GO_DESCRITION": "amgt general",
        "GPOLE_SUIVI_OPE_AMENAGEMENT_EP_COMMUNES": "Eysines",
        "GPOLE_SUIVI_OPE_AMENAGEMENT_EP_LIBELLE_PROJET": "EYSIN-007 ... Rue du BLEU (Nord et Sud)",
        "GPOLE_SUIVI_OPE_AMENAGEMENT_EP_STATUT_PROJET": "Conception",
        "GPOLE_SUIVI_OPE_AMENAGEMENT_EP_CHEF_DE_PROJET": "FALGERE Eric",
        "GPOLE_SUIVI_OPE_AMENAGEMENT_EP_DESCRIPTION_PROJET": "Requalification générale de la rue du Bleu .Suite à l'enquête publique relative au dossier de DUP, le commissaire a émis un avis favorable à la déclaration d'utilité publique sous certaines conditions. L'AVP est donc à reprendre dans sa globalité afin d'avoir une cohérence d'aménagement. Ces deux projets sont donc regroupés en 1 seul (EYSIN-007)",
        "GPOLE_SUIVI_OPE_AMENAGEMENT_EP_TYPE_PROJET": "Amgt EspPublic _ Géné",
        "GPOLE_SUIVI_OPE_AMENAGEMENT_EP_PROG_FIN_PRINC_SAU": "FIC",
        "GPOLE_SUIVI_OPE_AMENAGEMENT_EP_DEBUT_TRAVAUX": 2027,
        "GPOLE_SUIVI_OPE_AMENAGEMENT_EP_FIN_TRAVAUX": 2027
      },
      "geometry": {
        "type": "MultiLineString",
        "coordinates": [
          [
            [
              -0.658541038139383,
              44.88407669739481
            ],
            [
              -0.6585728,
              44.88403430000004
            ],
            [
              -0.658686400000039,
              44.883982
            ],
            [
              -0.658857600000044,
              44.88391890000005
            ],
            [
              -0.659068599999962,
              44.8839101
            ],
            [
              -0.659109100000029,
              44.88390369999992
            ],
            [
              -0.659403500000058,
              44.883874
            ],
            [
              -0.659444300000039,
              44.883867100000096
            ],
            [
              -0.659527600000023,
              44.88385550000003
            ],
            [
              -0.659651099999941,
              44.8838334
            ],
            [
              -0.659774499999952,
              44.883810500000024
            ],
            [
              -0.659856299999955,
              44.883794600000066
            ],
            [
              -0.659939700000055,
              44.883783
            ],
            [
              -0.660023699999949,
              44.88377410000004
            ],
            [
              -0.660108400000017,
              44.88377169999998
            ],
            [
              -0.660193399999985,
              44.883772
            ],
            [
              -0.660278200000016,
              44.88377489999998
            ],
            [
              -0.660362699999986,
              44.88378070000002
            ],
            [
              -0.660509399999969,
              44.8837927
            ],
            [
              -0.660573399999939,
              44.88379870000003
            ],
            [
              -0.66061549999997,
              44.883802800000026
            ],
            [
              -0.66074069999996,
              44.8838195000001
            ],
            [
              -0.660823899999987,
              44.88383160000005
            ],
            [
              -0.660907200000046,
              44.883843299999974
            ],
            [
              -0.660991399999977,
              44.88385130000009
            ],
            [
              -0.661033800000017,
              44.88385280000007
            ],
            [
              -0.661118300000051,
              44.883851200000024
            ],
            [
              -0.661203200000014,
              44.88385160000004
            ],
            [
              -0.661288100000058,
              44.88385080000003
            ],
            [
              -0.661627900000052,
              44.88385070000005
            ],
            [
              -0.661712799999989,
              44.8838503
            ],
            [
              -0.661755300000045,
              44.88384979999996
            ],
            [
              -0.6618391,
              44.88384030000004
            ],
            [
              -0.661922600000035,
              44.88382929999998
            ],
            [
              -0.6620043,
              44.883813100000054
            ],
            [
              -0.662006800791968,
              44.8838124825985
            ],
            [
              -0.662084500000055,
              44.88379330000003
            ],
            [
              -0.662243,
              44.883749899999984
            ],
            [
              -0.662323,
              44.88372970000002
            ],
            [
              -0.662483400000032,
              44.88368990000006
            ],
            [
              -0.6625579,
              44.8836696
            ],
            [
              -0.662681499999947,
              44.883632399999975
            ],
            [
              -0.662733700000012,
              44.883586499999986
            ],
            [
              -0.662769499999941,
              44.88353240000006
            ],
            [
              -0.662772200000049,
              44.88348040000004
            ],
            [
              -0.66277190000002,
              44.88342490000006
            ],
            [
              -0.662762953838241,
              44.88340628573096
            ]
          ],
          [
            [
              -0.661534800000028,
              44.88097840000004
            ],
            [
              -0.661430399999959,
              44.88099670000017
            ],
            [
              -0.66133810000001,
              44.88102540000001
            ],
            [
              -0.661123099999888,
              44.88106560000008
            ],
            [
              -0.660811100000028,
              44.8810956
            ],
            [
              -0.66050269999986,
              44.8810877000001
            ],
            [
              -0.659999799999772,
              44.881055
            ],
            [
              -0.659690799999936,
              44.88102780000002
            ],
            [
              -0.659690106285584,
              44.88102720310484
            ]
          ]
        ]
      }
    },
    {
      "type": "Feature",
      "properties": {
        "fid": 29,
        "GID": 48,
        "TERRIT_P": "PT_OUEST",
        "GO_DESCRITION": "amgt general",
        "GPOLE_SUIVI_OPE_AMENAGEMENT_EP_COMMUNES": "Eysines",
        "GPOLE_SUIVI_OPE_AMENAGEMENT_EP_LIBELLE_PROJET": "EYSIN-010 ... Allée du Poujeau",
        "GPOLE_SUIVI_OPE_AMENAGEMENT_EP_STATUT_PROJET": "Conception",
        "GPOLE_SUIVI_OPE_AMENAGEMENT_EP_CHEF_DE_PROJET": "FALGERE Eric",
        "GPOLE_SUIVI_OPE_AMENAGEMENT_EP_DESCRIPTION_PROJET": "Requalification générale de la voie. Suite à la réalisation d'un dossier de DUP, les acquisitions sont en train d'être finalisées. Les travaux seront réalisés sur le prochain mandat ( 2026-2031)",
        "GPOLE_SUIVI_OPE_AMENAGEMENT_EP_TYPE_PROJET": "Amgt EspPublic _ Géné",
        "GPOLE_SUIVI_OPE_AMENAGEMENT_EP_PROG_FIN_PRINC_SAU": "FIC",
        "GPOLE_SUIVI_OPE_AMENAGEMENT_EP_DEBUT_TRAVAUX": 2027,
        "GPOLE_SUIVI_OPE_AMENAGEMENT_EP_FIN_TRAVAUX": 2027
      },
      "geometry": {
        "type": "MultiLineString",
        "coordinates": [
          [
            [
              -0.660582450966166,
              44.879421513280356
            ],
            [
              -0.660566399999974,
              44.87942460000007
            ],
            [
              -0.660525700000017,
              44.87936360000003
            ],
            [
              -0.660510400000028,
              44.879346599999984
            ],
            [
              -0.660495,
              44.87932980000003
            ],
            [
              -0.660477700000035,
              44.87931409999999
            ],
            [
              -0.660416500000016,
              44.87927190000004
            ],
            [
              -0.660374300000032,
              44.879244800000045
            ],
            [
              -0.660330700000039,
              44.8792188
            ],
            [
              -0.660285499999946,
              44.87919440000004
            ],
            [
              -0.660215500000011,
              44.879159800000025
            ],
            [
              -0.660167599999938,
              44.87913810000002
            ],
            [
              -0.660091700000046,
              44.879110400000016
            ],
            [
              -0.660039900000016,
              44.879093800000035
            ],
            [
              -0.659987100000044,
              44.87907880000002
            ],
            [
              -0.659906399999967,
              44.87905940000005
            ],
            [
              -0.659824100000048,
              44.8790436
            ],
            [
              -0.659768499999979,
              44.87903520000001
            ],
            [
              -0.659712599999941,
              44.87902780000004
            ],
            [
              -0.659544900000033,
              44.8790056
            ],
            [
              -0.6592387,
              44.878960599999985
            ],
            [
              -0.659074,
              44.878929
            ],
            [
              -0.658964499999966,
              44.8789075
            ],
            [
              -0.6587435,
              44.8788693
            ],
            [
              -0.65868769999998,
              44.87886209999997
            ],
            [
              -0.658659499999944,
              44.8788602
            ],
            [
              -0.658631499999968,
              44.878859300000066
            ],
            [
              -0.658603799999942,
              44.87885959999998
            ],
            [
              -0.658576300000015,
              44.87886080000001
            ],
            [
              -0.658549500000015,
              44.8788639
            ],
            [
              -0.658523199999988,
              44.87886960000005
            ],
            [
              -0.658498,
              44.878877600000045
            ],
            [
              -0.658474199999949,
              44.87888770000003
            ],
            [
              -0.658452600000051,
              44.8789
            ],
            [
              -0.658433300000057,
              44.878914200000025
            ],
            [
              -0.658415500000014,
              44.878929500000055
            ],
            [
              -0.658399,
              44.87894590000003
            ],
            [
              -0.658384,
              44.87896310000005
            ],
            [
              -0.658318100000021,
              44.87905249999998
            ],
            [
              -0.6582928,
              44.879088800000055
            ],
            [
              -0.658269100000062,
              44.8791255
            ],
            [
              -0.658203599999979,
              44.87923719999995
            ],
            [
              -0.658165600000026,
              44.87931340000008
            ],
            [
              -0.658128200000055,
              44.87938980000001
            ],
            [
              -0.658108600000032,
              44.87942770000004
            ],
            [
              -0.658083500000039,
              44.8794636
            ],
            [
              -0.6580691,
              44.87948050000007
            ],
            [
              -0.65805369999995,
              44.8794966
            ],
            [
              -0.658036,
              44.879511499999985
            ],
            [
              -0.658015500000022,
              44.87952429999997
            ],
            [
              -0.657992599999969,
              44.87953470000003
            ],
            [
              -0.657968199999948,
              44.87954370000004
            ],
            [
              -0.657942499999954,
              44.87955150000006
            ],
            [
              -0.6579158,
              44.8795576
            ],
            [
              -0.657888299999968,
              44.87956230000008
            ],
            [
              -0.657860199999961,
              44.8795649
            ],
            [
              -0.657718400000017,
              44.87957160000005
            ],
            [
              -0.657633400000033,
              44.879576700000015
            ],
            [
              -0.657605099999973,
              44.87957740000004
            ],
            [
              -0.657576900000011,
              44.87957649999998
            ],
            [
              -0.657549100000055,
              44.879574200000036
            ],
            [
              -0.657532900000011,
              44.8795712
            ],
            [
              -0.657528668429186,
              44.879579189617544
            ]
          ]
        ]
      }
    },
    {
      "type": "Feature",
      "properties": {
        "fid": 30,
        "GID": 49,
        "TERRIT_P": "PT_OUEST",
        "GO_DESCRITION": "amgt general",
        "GPOLE_SUIVI_OPE_AMENAGEMENT_EP_COMMUNES": "Eysines",
        "GPOLE_SUIVI_OPE_AMENAGEMENT_EP_LIBELLE_PROJET": "EYSIN-011 ... Chemin de Bos",
        "GPOLE_SUIVI_OPE_AMENAGEMENT_EP_STATUT_PROJET": "Conception",
        "GPOLE_SUIVI_OPE_AMENAGEMENT_EP_CHEF_DE_PROJET": "FALGERE Eric",
        "GPOLE_SUIVI_OPE_AMENAGEMENT_EP_DESCRIPTION_PROJET": "PUP chemin de BOS. requalification complète de la voie  ( attention le giratoire prévu dans l'étude AVP n'est pas compris dans les équipements publics du PUP) . les travaux d'assainissement ont été réalisation afin de desservir l'opération GMB promotion ( ilot 1). Travaux de  voirie dépendants de la 2ième opération immobilière portée par ERILLIA. Travaux à prévoir sur le prochain Mandat (2026-2031) avec un préalable enfouissement de réseaux.",
        "GPOLE_SUIVI_OPE_AMENAGEMENT_EP_TYPE_PROJET": "Amgt EspPublic _ Géné",
        "GPOLE_SUIVI_OPE_AMENAGEMENT_EP_PROG_FIN_PRINC_SAU": "PUP",
        "GPOLE_SUIVI_OPE_AMENAGEMENT_EP_DEBUT_TRAVAUX": 2027,
        "GPOLE_SUIVI_OPE_AMENAGEMENT_EP_FIN_TRAVAUX": 2027
      },
      "geometry": {
        "type": "MultiLineString",
        "coordinates": [
          [
            [
              -0.669093519369791,
              44.88598391733589
            ],
            [
              -0.668975799999947,
              44.8859644000001
            ],
            [
              -0.668349699999947,
              44.8858351
            ],
            [
              -0.668177499999963,
              44.8857953000001
            ],
            [
              -0.667939899999923,
              44.885727
            ],
            [
              -0.667660899999921,
              44.88563960000009
            ],
            [
              -0.667247399999986,
              44.885497500000014
            ],
            [
              -0.6664919999998,
              44.885270400000046
            ],
            [
              -0.666235,
              44.88518710000003
            ],
            [
              -0.666172199999814,
              44.8851319
            ]
          ]
        ]
      }
    },
    {
      "type": "Feature",
      "properties": {
        "fid": 38,
        "GID": 1701,
        "TERRIT_P": "PT_OUEST",
        "GO_DESCRITION": "continuité modes actifs",
        "GPOLE_SUIVI_OPE_AMENAGEMENT_EP_COMMUNES": "Le Haillan",
        "GPOLE_SUIVI_OPE_AMENAGEMENT_EP_LIBELLE_PROJET": "HAILL-069...Chemin des Ecoliers",
        "GPOLE_SUIVI_OPE_AMENAGEMENT_EP_STATUT_PROJET": "A lancer",
        "GPOLE_SUIVI_OPE_AMENAGEMENT_EP_CHEF_DE_PROJET": "LEFEVRE Coralie",
        "GPOLE_SUIVI_OPE_AMENAGEMENT_EP_DESCRIPTION_PROJET": "Aménager une continuité modes actifs dans la continuité de la clairière de la ZAC Cœur de ville et de la place François Mitterrand, si possible avec les mêmes matériaux de la clairière.",
        "GPOLE_SUIVI_OPE_AMENAGEMENT_EP_TYPE_PROJET": "Amgt EspPublic _ Géné",
        "GPOLE_SUIVI_OPE_AMENAGEMENT_EP_PROG_FIN_PRINC_SAU": "FIC",
        "GPOLE_SUIVI_OPE_AMENAGEMENT_EP_DEBUT_TRAVAUX": 2026,
        "GPOLE_SUIVI_OPE_AMENAGEMENT_EP_FIN_TRAVAUX": 2026
      },
      "geometry": {
        "type": "MultiLineString",
        "coordinates": [
          [
            [
              -0.6765605436748,
              44.87261623013828
            ],
            [
              -0.676355023737548,
              44.87261178511115
            ],
            [
              -0.676182195334086,
              44.872629256095614
            ],
            [
              -0.676161576030886,
              44.87262974159426
            ],
            [
              -0.676040734227943,
              44.87262409369609
            ],
            [
              -0.676024373311199,
              44.872623811099814
            ],
            [
              -0.675957388614917,
              44.872634261373406
            ],
            [
              -0.675947819923762,
              44.872639164625426
            ],
            [
              -0.675883977314288,
              44.872707824933606
            ],
            [
              -0.675848836965914,
              44.87274661636903
            ],
            [
              -0.675703093852569,
              44.87293542797197
            ],
            [
              -0.675695023377491,
              44.872959831372604
            ],
            [
              -0.675673604338846,
              44.873039077241046
            ],
            [
              -0.675669413962944,
              44.8730508335205
            ],
            [
              -0.675659960796706,
              44.87306131831125
            ],
            [
              -0.675548964762989,
              44.87314859044174
            ]
          ]
        ]
      }
    },
    {
      "type": "Feature",
      "properties": {
        "fid": 39,
        "GID": 1702,
        "TERRIT_P": "PT_OUEST",
        "GO_DESCRITION": "amgt général",
        "GPOLE_SUIVI_OPE_AMENAGEMENT_EP_COMMUNES": "Le Haillan",
        "GPOLE_SUIVI_OPE_AMENAGEMENT_EP_LIBELLE_PROJET": "HAILL-068...Interface ZAC/place François Mitterrand",
        "GPOLE_SUIVI_OPE_AMENAGEMENT_EP_STATUT_PROJET": "A lancer",
        "GPOLE_SUIVI_OPE_AMENAGEMENT_EP_CHEF_DE_PROJET": "LEFEVRE Coralie",
        "GPOLE_SUIVI_OPE_AMENAGEMENT_EP_DESCRIPTION_PROJET": "L’idée du projet est de reprendre la logique déjà en place devant les arcades du bâtiment de la Poste (avec le cheminement PMR en plus pour faire le raccord au NGF de l’Ilôt 1 et au maximum pour les Elus 1 à 2 place(s) supprimée(s)). La Ville émet une réserve quant à l’installation d’arbres de hautes tiges (refus en lien avec le fait de ne pas cacher les enseignes).",
        "GPOLE_SUIVI_OPE_AMENAGEMENT_EP_TYPE_PROJET": "Amgt EspPublic _ Géné",
        "GPOLE_SUIVI_OPE_AMENAGEMENT_EP_PROG_FIN_PRINC_SAU": "FIC",
        "GPOLE_SUIVI_OPE_AMENAGEMENT_EP_DEBUT_TRAVAUX": 2026,
        "GPOLE_SUIVI_OPE_AMENAGEMENT_EP_FIN_TRAVAUX": 2026
      },
      "geometry": {
        "type": "MultiLineString",
        "coordinates": [
          [
            [
              -0.677284799642304,
              44.87232901091023
            ],
            [
              -0.67699711929878,
              44.872437823116165
            ],
            [
              -0.676944426544847,
              44.87238274013747
            ],
            [
              -0.677252544647169,
              44.87227147486524
            ],
            [
              -0.677284635190271,
              44.87232931508567
            ]
          ]
        ]
      }
    },
    {
      "type": "Feature",
      "properties": {
        "fid": 43,
        "GID": 63,
        "TERRIT_P": "PT_OUEST",
        "GO_DESCRITION": "accés ZA",
        "GPOLE_SUIVI_OPE_AMENAGEMENT_EP_COMMUNES": "Martignas-sur-Jalle",
        "GPOLE_SUIVI_OPE_AMENAGEMENT_EP_LIBELLE_PROJET": "MARTI-007 ... Accès ZA Portes Océanes 2 (Av Ml de Lattre de Tassigny - section sud)",
        "GPOLE_SUIVI_OPE_AMENAGEMENT_EP_STATUT_PROJET": "Conception",
        "GPOLE_SUIVI_OPE_AMENAGEMENT_EP_CHEF_DE_PROJET": "PIAGUET Emilie",
        "GPOLE_SUIVI_OPE_AMENAGEMENT_EP_DESCRIPTION_PROJET": "Création d'un carrefour d'accès à la ZA \"Portes Océanes II ou Bassin Avenue\" et recalibrage de l'av de Lattre de Tassigny. Réalisation de l'aménagement viaire sous couvert de l'autorisation du projet de ZA (PA et autorisation environnementale)",
        "GPOLE_SUIVI_OPE_AMENAGEMENT_EP_TYPE_PROJET": "Amgt EspPublic _ Géné",
        "GPOLE_SUIVI_OPE_AMENAGEMENT_EP_PROG_FIN_PRINC_SAU": "DEVECO",
        "GPOLE_SUIVI_OPE_AMENAGEMENT_EP_DEBUT_TRAVAUX": 2028,
        "GPOLE_SUIVI_OPE_AMENAGEMENT_EP_FIN_TRAVAUX": 2028
      },
      "geometry": {
        "type": "MultiLineString",
        "coordinates": [
          [
            [
              -0.768099677926914,
              44.83323640231041
            ],
            [
              -0.768465121320376,
              44.83442434359761
            ],
            [
              -0.76859627605343,
              44.83484086833857
            ],
            [
              -0.768728163352222,
              44.8350241848923
            ],
            [
              -0.768952173030711,
              44.8351628058083
            ],
            [
              -0.769065432383779,
              44.83521995570399
            ],
            [
              -0.769352667514821,
              44.83534842693614
            ]
          ]
        ]
      }
    },
    {
      "type": "Feature",
      "properties": {
        "fid": 52,
        "GID": 18,
        "TERRIT_P": "PT_OUEST",
        "GO_DESCRITION": "amgt general",
        "GPOLE_SUIVI_OPE_AMENAGEMENT_EP_COMMUNES": "Le Bouscat",
        "GPOLE_SUIVI_OPE_AMENAGEMENT_EP_LIBELLE_PROJET": "BOUSC-085...Rue Pasteur (section av. d'Eysines / Libération)",
        "GPOLE_SUIVI_OPE_AMENAGEMENT_EP_STATUT_PROJET": "En suspens",
        "GPOLE_SUIVI_OPE_AMENAGEMENT_EP_CHEF_DE_PROJET": "SINTES Philippe",
        "GPOLE_SUIVI_OPE_AMENAGEMENT_EP_DESCRIPTION_PROJET": "Requalification générale de la rue  - réorganiser le stationnement - végétaliser.",
        "GPOLE_SUIVI_OPE_AMENAGEMENT_EP_TYPE_PROJET": "Amgt EspPublic _ Géné",
        "GPOLE_SUIVI_OPE_AMENAGEMENT_EP_PROG_FIN_PRINC_SAU": "FIC",
        "GPOLE_SUIVI_OPE_AMENAGEMENT_EP_DEBUT_TRAVAUX": 2027,
        "GPOLE_SUIVI_OPE_AMENAGEMENT_EP_FIN_TRAVAUX": 2028
      },
      "geometry": {
        "type": "MultiLineString",
        "coordinates": [
          [
            [
              -0.605180839215806,
              44.85812753132444
            ],
            [
              -0.605101103329169,
              44.85818011610191
            ],
            [
              -0.604189366311444,
              44.85848807155738
            ],
            [
              -0.603696955585348,
              44.85865427276705
            ],
            [
              -0.603459398130967,
              44.85873105860371
            ],
            [
              -0.602951077225794,
              44.85888329493745
            ],
            [
              -0.602137033342251,
              44.85911852194048
            ],
            [
              -0.601454742872051,
              44.85931472085778
            ],
            [
              -0.600831697293309,
              44.85949820457181
            ],
            [
              -0.600293012509736,
              44.85965488579915
            ],
            [
              -0.599885802537413,
              44.85977332415822
            ],
            [
              -0.599624730770932,
              44.85984925671696
            ],
            [
              -0.599503223892644,
              44.85988466480033
            ],
            [
              -0.599393604107602,
              44.8599275977604
            ],
            [
              -0.599359283727809,
              44.85994515416743
            ],
            [
              -0.599359283727809,
              44.85994515416743
            ]
          ]
        ]
      }
    },
    {
      "type": "Feature",
      "properties": {
        "fid": 68,
        "GID": 135,
        "TERRIT_P": "PT_OUEST",
        "GO_DESCRITION": "amgt voie verte",
        "GPOLE_SUIVI_OPE_AMENAGEMENT_EP_COMMUNES": "Saint-Aubin de Médoc",
        "GPOLE_SUIVI_OPE_AMENAGEMENT_EP_LIBELLE_PROJET": "StAUB-011 ... Route de Hourton",
        "GPOLE_SUIVI_OPE_AMENAGEMENT_EP_STATUT_PROJET": "Terminé",
        "GPOLE_SUIVI_OPE_AMENAGEMENT_EP_CHEF_DE_PROJET": "GROULT Frederic",
        "GPOLE_SUIVI_OPE_AMENAGEMENT_EP_DESCRIPTION_PROJET": "Saint aubin de médoc - Prolongement du réseau express vélo n°1, route de Hourton, entre l'allée de Pinsoles et la route de Salaunes et sécurisation des intersections.",
        "GPOLE_SUIVI_OPE_AMENAGEMENT_EP_TYPE_PROJET": "Amgt EspPublic _ Géné",
        "GPOLE_SUIVI_OPE_AMENAGEMENT_EP_PROG_FIN_PRINC_SAU": "CODEV",
        "GPOLE_SUIVI_OPE_AMENAGEMENT_EP_DEBUT_TRAVAUX": 2025,
        "GPOLE_SUIVI_OPE_AMENAGEMENT_EP_FIN_TRAVAUX": 2025
      },
      "geometry": {
        "type": "MultiLineString",
        "coordinates": [
          [
            [
              -0.766008612232628,
              44.93348930519047
            ],
            [
              -0.765732878169484,
              44.93280307174262
            ],
            [
              -0.765669261216748,
              44.932720215884
            ],
            [
              -0.7653988,
              44.932527
            ],
            [
              -0.765208199999827,
              44.932489400000065
            ],
            [
              -0.764726299999898,
              44.93237230000007
            ],
            [
              -0.764069499999913,
              44.932151800000106
            ],
            [
              -0.7638009,
              44.93207070000015
            ],
            [
              -0.763700500000042,
              44.93204550000009
            ],
            [
              -0.763227099999884,
              44.931926900000036
            ],
            [
              -0.762909,
              44.93183970000008
            ],
            [
              -0.762416700000069,
              44.931664899999966
            ],
            [
              -0.762385320478864,
              44.93167579613464
            ]
          ]
        ]
      }
    },
    {
      "type": "Feature",
      "properties": {
        "fid": 92,
        "GID": 66,
        "TERRIT_P": "PT_OUEST",
        "GO_DESCRITION": "amgt general",
        "GPOLE_SUIVI_OPE_AMENAGEMENT_EP_COMMUNES": "Mérignac",
        "GPOLE_SUIVI_OPE_AMENAGEMENT_EP_LIBELLE_PROJET": "MERIG-001 ... Avenue de la Libération (Truc - Jaurès)",
        "GPOLE_SUIVI_OPE_AMENAGEMENT_EP_STATUT_PROJET": "Conception",
        "GPOLE_SUIVI_OPE_AMENAGEMENT_EP_CHEF_DE_PROJET": "GOURAUD Simon",
        "GPOLE_SUIVI_OPE_AMENAGEMENT_EP_DESCRIPTION_PROJET": "Réaménagement de la voie",
        "GPOLE_SUIVI_OPE_AMENAGEMENT_EP_TYPE_PROJET": "Amgt EspPublic _ Géné",
        "GPOLE_SUIVI_OPE_AMENAGEMENT_EP_PROG_FIN_PRINC_SAU": "CODEV",
        "GPOLE_SUIVI_OPE_AMENAGEMENT_EP_DEBUT_TRAVAUX": 2028,
        "GPOLE_SUIVI_OPE_AMENAGEMENT_EP_FIN_TRAVAUX": 2029
      },
      "geometry": {
        "type": "MultiLineString",
        "coordinates": [
          [
            [
              -0.644653454071349,
              44.851059095153154
            ],
            [
              -0.644662499999965,
              44.85106110000006
            ],
            [
              -0.644332699999971,
              44.850388500000044
            ],
            [
              -0.644033100000057,
              44.8496421
            ],
            [
              -0.644020783612912,
              44.849571585425146
            ],
            [
              -0.643832899322439,
              44.84849587651159
            ],
            [
              -0.643832099999947,
              44.8484913
            ],
            [
              -0.6437453,
              44.84786310000003
            ],
            [
              -0.643744500000018,
              44.84774259999998
            ],
            [
              -0.6437672,
              44.847628100000044
            ],
            [
              -0.643816600000054,
              44.84748560000005
            ],
            [
              -0.643879099999977,
              44.84734060000002
            ],
            [
              -0.644222599999977,
              44.84677220000004
            ],
            [
              -0.644212960406254,
              44.846771501702335
            ],
            [
              -0.644222599999977,
              44.84677220000004
            ],
            [
              -0.644413800000018,
              44.84637770000007
            ],
            [
              -0.644472899999982,
              44.84614970000007
            ],
            [
              -0.64450660000001,
              44.84586219999997
            ],
            [
              -0.644504100000061,
              44.84566610000003
            ],
            [
              -0.644512200000039,
              44.84541719999997
            ],
            [
              -0.644546800000032,
              44.84519970000005
            ],
            [
              -0.64455462140539,
              44.84519995623483
            ],
            [
              -0.644546800000032,
              44.84519970000005
            ],
            [
              -0.644607499999938,
              44.8450112
            ],
            [
              -0.645063299999981,
              44.84434570000005
            ],
            [
              -0.645078200000017,
              44.844310299999925
            ],
            [
              -0.645078200000017,
              44.844310299999925
            ]
          ]
        ]
      }
    },
    {
      "type": "Feature",
      "properties": {
        "fid": 101,
        "GID": 75,
        "TERRIT_P": "PT_OUEST",
        "GO_DESCRITION": "amgt general",
        "GPOLE_SUIVI_OPE_AMENAGEMENT_EP_COMMUNES": "Mérignac",
        "GPOLE_SUIVI_OPE_AMENAGEMENT_EP_LIBELLE_PROJET": "MERIG-014 ... Rue Charles Despiau (PH 2) (Parc du Renard)",
        "GPOLE_SUIVI_OPE_AMENAGEMENT_EP_STATUT_PROJET": "Conception",
        "GPOLE_SUIVI_OPE_AMENAGEMENT_EP_CHEF_DE_PROJET": "DEFOUG Anne Helene",
        "GPOLE_SUIVI_OPE_AMENAGEMENT_EP_DESCRIPTION_PROJET": "Requalification de la voie en zone de rencontre, en végétalisant au maximum.\nTronçon concerné : de l'avenue du Général de Castelnau jusqu'à la barrière en bois qui coupe la rue.\nNécessité d'une DUP préalable à l'acquisition du foncier privé aujourd'hui situé en espace public.",
        "GPOLE_SUIVI_OPE_AMENAGEMENT_EP_TYPE_PROJET": "Amgt EspPublic _ Géné",
        "GPOLE_SUIVI_OPE_AMENAGEMENT_EP_PROG_FIN_PRINC_SAU": "FIC",
        "GPOLE_SUIVI_OPE_AMENAGEMENT_EP_DEBUT_TRAVAUX": 2027,
        "GPOLE_SUIVI_OPE_AMENAGEMENT_EP_FIN_TRAVAUX": 2027
      },
      "geometry": {
        "type": "MultiLineString",
        "coordinates": [
          [
            [
              -0.667478955103197,
              44.843509969776456
            ],
            [
              -0.667478955103197,
              44.843509969776456
            ],
            [
              -0.667478955103197,
              44.843509969776456
            ],
            [
              -0.6670794666,
              44.84349228933345
            ],
            [
              -0.666281838380589,
              44.843480584818444
            ],
            [
              -0.665955965989636,
              44.84347580130978
            ],
            [
              -0.664579564796341,
              44.843469159550466
            ],
            [
              -0.663993460443785,
              44.843465151068166
            ]
          ]
        ]
      }
    },
    {
      "type": "Feature",
      "properties": {
        "fid": 102,
        "GID": 1722,
        "TERRIT_P": "PT_OUEST",
        "GO_DESCRITION": "amgt général",
        "GPOLE_SUIVI_OPE_AMENAGEMENT_EP_COMMUNES": "Mérignac",
        "GPOLE_SUIVI_OPE_AMENAGEMENT_EP_LIBELLE_PROJET": "MERIG-136...OIM Bordeaux Aéroparc : Amélioration de l’échangeur 11",
        "GPOLE_SUIVI_OPE_AMENAGEMENT_EP_STATUT_PROJET": "A lancer",
        "GPOLE_SUIVI_OPE_AMENAGEMENT_EP_CHEF_DE_PROJET": "HERVE Laurent",
        "GPOLE_SUIVI_OPE_AMENAGEMENT_EP_DESCRIPTION_PROJET": "Aménagements en faveur des TC",
        "GPOLE_SUIVI_OPE_AMENAGEMENT_EP_TYPE_PROJET": "Amgt EspPublic _ Géné",
        "GPOLE_SUIVI_OPE_AMENAGEMENT_EP_PROG_FIN_PRINC_SAU": "OIM",
        "GPOLE_SUIVI_OPE_AMENAGEMENT_EP_DEBUT_TRAVAUX": null,
        "GPOLE_SUIVI_OPE_AMENAGEMENT_EP_FIN_TRAVAUX": null
      },
      "geometry": {
        "type": "MultiLineString",
        "coordinates": [
          [
            [
              -0.676776061145847,
              44.83416470542425
            ],
            [
              -0.676128301647462,
              44.83415722585926
            ],
            [
              -0.67565489321226,
              44.834077701835064
            ],
            [
              -0.675354214749997,
              44.83399079625636
            ],
            [
              -0.674966777769677,
              44.83384135619476
            ],
            [
              -0.674809020870555,
              44.833741789501985
            ],
            [
              -0.674274023158274,
              44.83331032082942
            ],
            [
              -0.674050899739846,
              44.8330027675812
            ],
            [
              -0.673948030225558,
              44.83278374958013
            ],
            [
              -0.673883765455216,
              44.832557396291
            ],
            [
              -0.673859079177747,
              44.83232713906411
            ],
            [
              -0.673874345140722,
              44.83209646838996
            ],
            [
              -0.673929331453119,
              44.83186888098498
            ],
            [
              -0.674023204129083,
              44.83164782678607
            ],
            [
              -0.674154539757522,
              44.83143665665614
            ],
            [
              -0.674233655329762,
              44.83133578562896
            ],
            [
              -0.67432134710365,
              44.83123857159465
            ],
            [
              -0.674417282409315,
              44.83114538330025
            ],
            [
              -0.674521097313263,
              44.83105657422053
            ],
            [
              -0.674632397998999,
              44.83097248121814
            ],
            [
              -0.67475076226131,
              44.83089342326522
            ],
            [
              -0.675006860462072,
              44.830751591762336
            ],
            [
              -0.675285509845072,
              44.83063322956994
            ],
            [
              -0.675431982918057,
              44.830583424800686
            ],
            [
              -0.675582486595904,
              44.8305401307895
            ],
            [
              -0.675736450009675,
              44.83050351175055
            ],
            [
              -0.676052409188393,
              44.83045082832758
            ],
            [
              -0.676213206519323,
              44.83043496377107
            ],
            [
              -0.676537389468656,
              44.830424489609264
            ],
            [
              -0.67686092421106,
              44.83044244285667
            ],
            [
              -0.677020913587403,
              44.83046201148252
            ],
            [
              -0.677178906760526,
              44.8304885513865
            ],
            [
              -0.677334304461884,
              44.83052196190299
            ],
            [
              -0.677486517264665,
              44.83056211630629
            ],
            [
              -0.677634967819072,
              44.83060886229081
            ],
            [
              -0.677779093041616,
              44.83066202254863
            ],
            [
              -0.677918346250579,
              44.830721395442005
            ],
            [
              -0.678052199239093,
              44.83078675576805
            ],
            [
              -0.678180144278571,
              44.8308578556122
            ],
            [
              -0.678301696044179,
              44.83093442528904
            ],
            [
              -0.678416393455739,
              44.831016174364684
            ],
            [
              -0.678523801426489,
              44.831102792758095
            ],
            [
              -0.678623512513806,
              44.83119395191687
            ],
            [
              -0.6787151484647,
              44.83128930606381
            ],
            [
              -0.678798361650741,
              44.83138849350772
            ],
            [
              -0.678872836387485,
              44.83149113801518
            ],
            [
              -0.678938290131884,
              44.83159685023772
            ],
            [
              -0.678994474554965,
              44.83170522918852
            ],
            [
              -0.679041176484583,
              44.83181586376245
            ],
            [
              -0.679105460675693,
              44.83204221416139
            ],
            [
              -0.679130167783136,
              44.83227247025857
            ],
            [
              -0.679127539087941,
              44.8323879730573
            ],
            [
              -0.679092366721031,
              44.832617539105065
            ],
            [
              -0.679026901598788,
              44.83275827622336
            ],
            [
              -0.678966101225378,
              44.832951789843506
            ],
            [
              -0.678905012390328,
              44.83305881717381
            ],
            [
              -0.678755669739217,
              44.83326383968398
            ],
            [
              -0.678572050240026,
              44.833454248958446
            ],
            [
              -0.678468237258792,
              44.83354306170493
            ],
            [
              -0.678356937205563,
              44.83362715842983
            ],
            [
              -0.678238572275944,
              44.83370622010431
            ],
            [
              -0.678113591472471,
              44.83377994679931
            ],
            [
              -0.677982468901182,
              44.83384805882344
            ],
            [
              -0.677845701973221,
              44.83391029778403
            ],
            [
              -0.677703809517539,
              44.83396642756846
            ],
            [
              -0.677557329812504,
              44.83401623523901
            ],
            [
              -0.677406818543496,
              44.834059531841746
            ],
            [
              -0.677252846694515,
              44.83409615312307
            ],
            [
              -0.677095998381426,
              44.834125960153095
            ],
            [
              -0.676776061145847,
              44.83416470542425
            ]
          ]
        ]
      }
    },
    {
      "type": "Feature",
      "properties": {
        "fid": 113,
        "GID": 1741,
        "TERRIT_P": "PT_OUEST",
        "GO_DESCRITION": "amgt voie verte",
        "GPOLE_SUIVI_OPE_AMENAGEMENT_EP_COMMUNES": "Le Haillan",
        "GPOLE_SUIVI_OPE_AMENAGEMENT_EP_LIBELLE_PROJET": "HAILL-059b Voie verte Venteille-Luzerne-Tram -  Séquence 2 Parc du ruisseau-rue des Mûriers",
        "GPOLE_SUIVI_OPE_AMENAGEMENT_EP_STATUT_PROJET": "Conception",
        "GPOLE_SUIVI_OPE_AMENAGEMENT_EP_CHEF_DE_PROJET": "LEFEVRE Coralie",
        "GPOLE_SUIVI_OPE_AMENAGEMENT_EP_DESCRIPTION_PROJET": "dyscontinuité cyclable - 3 variantes à étudier",
        "GPOLE_SUIVI_OPE_AMENAGEMENT_EP_TYPE_PROJET": "Amgt EspPublic _ Géné",
        "GPOLE_SUIVI_OPE_AMENAGEMENT_EP_PROG_FIN_PRINC_SAU": "FIC",
        "GPOLE_SUIVI_OPE_AMENAGEMENT_EP_DEBUT_TRAVAUX": null,
        "GPOLE_SUIVI_OPE_AMENAGEMENT_EP_FIN_TRAVAUX": null
      },
      "geometry": {
        "type": "MultiLineString",
        "coordinates": [
          [
            [
              -0.68221864194907,
              44.8696314672731
            ],
            [
              -0.682269205116328,
              44.86872050616505
            ],
            [
              -0.682275708816264,
              44.86868354083331
            ],
            [
              -0.681585102215506,
              44.868662631585224
            ],
            [
              -0.681570830940718,
              44.868800023380125
            ],
            [
              -0.681574274053059,
              44.868840672411245
            ],
            [
              -0.680898875309795,
              44.868833817215275
            ],
            [
              -0.680732450325312,
              44.868813795331974
            ],
            [
              -0.680506996362245,
              44.86883094380984
            ],
            [
              -0.680175931174058,
              44.868832678723535
            ],
            [
              -0.680053006618528,
              44.868855779220624
            ],
            [
              -0.679970382062809,
              44.86899652591527
            ],
            [
              -0.67977489471406,
              44.86939674956579
            ],
            [
              -0.679686669049548,
              44.86955112946066
            ],
            [
              -0.67964262450986,
              44.869666150820784
            ],
            [
              -0.679609317093631,
              44.86981518384551
            ]
          ]
        ]
      }
    },
    {
      "type": "Feature",
      "properties": {
        "fid": 114,
        "GID": 1724,
        "TERRIT_P": "PT_OUEST",
        "GO_DESCRITION": "amgt général",
        "GPOLE_SUIVI_OPE_AMENAGEMENT_EP_COMMUNES": "Mérignac",
        "GPOLE_SUIVI_OPE_AMENAGEMENT_EP_LIBELLE_PROJET": "MERIG-137...OIM Bordeaux Aéroparc - Accès à la plaine de loisirs de Beutre",
        "GPOLE_SUIVI_OPE_AMENAGEMENT_EP_STATUT_PROJET": "A lancer",
        "GPOLE_SUIVI_OPE_AMENAGEMENT_EP_CHEF_DE_PROJET": "HERVE Laurent",
        "GPOLE_SUIVI_OPE_AMENAGEMENT_EP_DESCRIPTION_PROJET": null,
        "GPOLE_SUIVI_OPE_AMENAGEMENT_EP_TYPE_PROJET": "Amgt EspPublic _ Géné",
        "GPOLE_SUIVI_OPE_AMENAGEMENT_EP_PROG_FIN_PRINC_SAU": "OIM",
        "GPOLE_SUIVI_OPE_AMENAGEMENT_EP_DEBUT_TRAVAUX": null,
        "GPOLE_SUIVI_OPE_AMENAGEMENT_EP_FIN_TRAVAUX": null
      },
      "geometry": {
        "type": "MultiLineString",
        "coordinates": [
          [
            [
              -0.690481106813524,
              44.82104822728208
            ],
            [
              -0.687789207188687,
              44.8219725762829
            ],
            [
              -0.686005720675519,
              44.82260898400927
            ],
            [
              -0.684526332882351,
              44.82059351274354
            ],
            [
              -0.683897579240975,
              44.820322178679625
            ],
            [
              -0.684781028343549,
              44.81937544226803
            ],
            [
              -0.685557886215938,
              44.81959893667452
            ],
            [
              -0.686422065415472,
              44.81982198731999
            ],
            [
              -0.68675716378349,
              44.819913939442664
            ],
            [
              -0.687196858259572,
              44.82003268639501
            ],
            [
              -0.687996573626086,
              44.820114357425474
            ],
            [
              -0.688207400811631,
              44.82015414638159
            ],
            [
              -0.688905653326123,
              44.82038255785866
            ],
            [
              -0.690271572230539,
              44.82054507728085
            ],
            [
              -0.690646743621535,
              44.8205544257512
            ],
            [
              -0.69080377672203,
              44.820986877149274
            ],
            [
              -0.690481106813524,
              44.82104822728208
            ]
          ]
        ]
      }
    },
    {
      "type": "Feature",
      "properties": {
        "fid": 138,
        "GID": 110,
        "TERRIT_P": "PT_OUEST",
        "GO_DESCRITION": "amgt voie verte",
        "GPOLE_SUIVI_OPE_AMENAGEMENT_EP_COMMUNES": "Saint-Médard-en-Jalles",
        "GPOLE_SUIVI_OPE_AMENAGEMENT_EP_LIBELLE_PROJET": "StMED-012 ... Rue Aurel Chazeau (Opération externalisée)",
        "GPOLE_SUIVI_OPE_AMENAGEMENT_EP_STATUT_PROJET": "Conception",
        "GPOLE_SUIVI_OPE_AMENAGEMENT_EP_CHEF_DE_PROJET": "LEFEVRE Coralie",
        "GPOLE_SUIVI_OPE_AMENAGEMENT_EP_DESCRIPTION_PROJET": "le projet consiste en la requalification de l'avenue Aurel Chazeau (création de trottoirs et piste cyclable) depuis la rue Arnaud Denigès jusqu'au giratoire de l'avenue Léon Blum.",
        "GPOLE_SUIVI_OPE_AMENAGEMENT_EP_TYPE_PROJET": "Amgt EspPublic _ Géné",
        "GPOLE_SUIVI_OPE_AMENAGEMENT_EP_PROG_FIN_PRINC_SAU": "FIC",
        "GPOLE_SUIVI_OPE_AMENAGEMENT_EP_DEBUT_TRAVAUX": 2027,
        "GPOLE_SUIVI_OPE_AMENAGEMENT_EP_FIN_TRAVAUX": 2027
      },
      "geometry": {
        "type": "MultiLineString",
        "coordinates": [
          [
            [
              -0.745057072227294,
              44.9044250050802
            ],
            [
              -0.74507380000009,
              44.90442420000003
            ],
            [
              -0.745012190840189,
              44.90418361770355
            ],
            [
              -0.745007499999961,
              44.904165300000166
            ],
            [
              -0.744902200000014,
              44.90384210000008
            ],
            [
              -0.744845699999889,
              44.90356410000002
            ],
            [
              -0.744798800000073,
              44.90331770000002
            ],
            [
              -0.744785899999968,
              44.9032708
            ],
            [
              -0.744722499999986,
              44.90279339999998
            ],
            [
              -0.744710699999985,
              44.90267670000005
            ],
            [
              -0.744712500000029,
              44.90254410000006
            ],
            [
              -0.744780200000069,
              44.90218790000003
            ],
            [
              -0.744823199999898,
              44.9020188
            ],
            [
              -0.744910099999948,
              44.90176450000008
            ],
            [
              -0.745020400000019,
              44.90153
            ],
            [
              -0.745289600000054,
              44.90106660000008
            ],
            [
              -0.745348900000025,
              44.90085090000005
            ],
            [
              -0.745289700000034,
              44.90066530000015
            ],
            [
              -0.745067400000049,
              44.90040920000012
            ],
            [
              -0.74481870000002,
              44.900215600000024
            ],
            [
              -0.744354799999984,
              44.899883400000114
            ],
            [
              -0.744273099999989,
              44.89980870000005
            ],
            [
              -0.744208399999938,
              44.89973270000008
            ],
            [
              -0.744105300000071,
              44.89958070000007
            ],
            [
              -0.744050199999983,
              44.89946870000006
            ],
            [
              -0.744028,
              44.89939810000008
            ],
            [
              -0.744014199999946,
              44.89931960000002
            ],
            [
              -0.74398949999997,
              44.899125
            ],
            [
              -0.743965799999948,
              44.89895350000001
            ],
            [
              -0.743919699999852,
              44.89882010000008
            ],
            [
              -0.743694699999963,
              44.89843529999998
            ]
          ]
        ]
      }
    },
    {
      "type": "Feature",
      "properties": {
        "fid": 154,
        "GID": 1122,
        "TERRIT_P": "PT_OUEST",
        "GO_DESCRITION": "amgt général",
        "GPOLE_SUIVI_OPE_AMENAGEMENT_EP_COMMUNES": "Le Taillan-Médoc",
        "GPOLE_SUIVI_OPE_AMENAGEMENT_EP_LIBELLE_PROJET": "TAILL-070...PUP Gelès : avenue de Braude",
        "GPOLE_SUIVI_OPE_AMENAGEMENT_EP_STATUT_PROJET": "Conception",
        "GPOLE_SUIVI_OPE_AMENAGEMENT_EP_CHEF_DE_PROJET": "MOINEREAU Jean-Philippe",
        "GPOLE_SUIVI_OPE_AMENAGEMENT_EP_DESCRIPTION_PROJET": "Aménagement de voirie\nCe projet a pour objectif l’aménagement intégral de l’emprise afin d’améliorer le cadre de vie et la sécurité des usagers. Il prévoit la mise en place de cheminements doux favorisant les déplacements piétons et cyclables, une diminution de la vitesse pour apaiser la circulation, ainsi qu’une gestion optimisée des eaux pluviales afin de limiter les impacts environnementaux et améliorer la durabilité du site",
        "GPOLE_SUIVI_OPE_AMENAGEMENT_EP_TYPE_PROJET": "Amgt EspPublic _ Géné",
        "GPOLE_SUIVI_OPE_AMENAGEMENT_EP_PROG_FIN_PRINC_SAU": "PUP",
        "GPOLE_SUIVI_OPE_AMENAGEMENT_EP_DEBUT_TRAVAUX": null,
        "GPOLE_SUIVI_OPE_AMENAGEMENT_EP_FIN_TRAVAUX": null
      },
      "geometry": {
        "type": "MultiLineString",
        "coordinates": [
          [
            [
              -0.668717172927422,
              44.91390289686826
            ],
            [
              -0.667587238204632,
              44.91383965495193
            ],
            [
              -0.66721597565616,
              44.913812957229275
            ],
            [
              -0.666938057047615,
              44.913778840456565
            ],
            [
              -0.666578856566728,
              44.91369671094665
            ],
            [
              -0.665874386713113,
              44.913534162487906
            ],
            [
              -0.665431444860451,
              44.913457232813066
            ],
            [
              -0.665278290974213,
              44.913428930939
            ],
            [
              -0.664537430162591,
              44.913353755652935
            ],
            [
              -0.664299498004818,
              44.913308437380564
            ],
            [
              -0.663786280437211,
              44.913188641964325
            ],
            [
              -0.663107328940344,
              44.913012844645046
            ],
            [
              -0.662580609518677,
              44.91285541302718
            ],
            [
              -0.662168398756329,
              44.91272633985799
            ],
            [
              -0.661957428811866,
              44.9126692036045
            ],
            [
              -0.661843211919947,
              44.912641589292946
            ],
            [
              -0.66156219591853,
              44.91259251517237
            ],
            [
              -0.661052131959944,
              44.9125360257425
            ],
            [
              -0.660832356717035,
              44.9125029991065
            ],
            [
              -0.660436221119992,
              44.912349583425524
            ],
            [
              -0.660290671101781,
              44.91228420869234
            ],
            [
              -0.660069262742283,
              44.91217443298062
            ],
            [
              -0.659833791373179,
              44.91203934226961
            ],
            [
              -0.65957905652032,
              44.911906408675435
            ],
            [
              -0.659367193643419,
              44.91180506481095
            ],
            [
              -0.659094947649596,
              44.91169444599068
            ],
            [
              -0.658933159280651,
              44.91166414804616
            ],
            [
              -0.658887781767373,
              44.91166097735732
            ],
            [
              -0.658526205331293,
              44.91167913350382
            ]
          ]
        ]
      }
    },
    {
      "type": "Feature",
      "properties": {
        "fid": 155,
        "GID": 243,
        "TERRIT_P": "PT_OUEST",
        "GO_DESCRITION": "amgt general + voie verte",
        "GPOLE_SUIVI_OPE_AMENAGEMENT_EP_COMMUNES": "Blanquefort",
        "GPOLE_SUIVI_OPE_AMENAGEMENT_EP_LIBELLE_PROJET": "BLANQ-057 ... Rue Rivière (XI Novembre à De Gaulle)",
        "GPOLE_SUIVI_OPE_AMENAGEMENT_EP_STATUT_PROJET": "Conception",
        "GPOLE_SUIVI_OPE_AMENAGEMENT_EP_CHEF_DE_PROJET": "GUIRAUD Sebastien",
        "GPOLE_SUIVI_OPE_AMENAGEMENT_EP_DESCRIPTION_PROJET": "Requalification complet de la voirie (section comprise entre \"Av du 11 nov.\" et \"av Av Gal de Gaulle\"). Aménagements des  abords de l'école de Caychac, réalisation d'aménagements sécuritaires, paysagers, d'une voie verte,  de stationnements, de trottoirs PMR, etc....MOA déléguée Copublic.",
        "GPOLE_SUIVI_OPE_AMENAGEMENT_EP_TYPE_PROJET": "Amgt EspPublic _ Géné",
        "GPOLE_SUIVI_OPE_AMENAGEMENT_EP_PROG_FIN_PRINC_SAU": "FIC",
        "GPOLE_SUIVI_OPE_AMENAGEMENT_EP_DEBUT_TRAVAUX": 2027,
        "GPOLE_SUIVI_OPE_AMENAGEMENT_EP_FIN_TRAVAUX": 2028
      },
      "geometry": {
        "type": "MultiLineString",
        "coordinates": [
          [
            [
              -0.634944913305645,
              44.9299282031693
            ],
            [
              -0.6347985665958,
              44.92987764482214
            ],
            [
              -0.63413125339665,
              44.92975078811733
            ],
            [
              -0.634078899310091,
              44.929741830843845
            ],
            [
              -0.633980848633226,
              44.92972485542823
            ],
            [
              -0.633813461351643,
              44.92971599816836
            ],
            [
              -0.633664126301444,
              44.9297269998389
            ],
            [
              -0.632366317878899,
              44.92997339252807
            ],
            [
              -0.632079326112056,
              44.930036767105406
            ],
            [
              -0.631825572544572,
              44.930082198111506
            ],
            [
              -0.631461186597974,
              44.93013837700765
            ],
            [
              -0.63126105407891,
              44.93015336869486
            ],
            [
              -0.6297947986556,
              44.93020721083399
            ],
            [
              -0.629382865017602,
              44.93020394876819
            ],
            [
              -0.628965367154295,
              44.93018140383011
            ],
            [
              -0.628418184028269,
              44.930131732499184
            ],
            [
              -0.628126782720109,
              44.9301147545761
            ],
            [
              -0.627811706495638,
              44.93011736133683
            ],
            [
              -0.627489116706556,
              44.930137185141064
            ],
            [
              -0.627146758471349,
              44.93018133426947
            ],
            [
              -0.626704617750973,
              44.93026639597818
            ],
            [
              -0.626045570948738,
              44.93039491514229
            ],
            [
              -0.625747514812204,
              44.93043677764321
            ],
            [
              -0.624671055126011,
              44.93056209639638
            ],
            [
              -0.624023094789782,
              44.93061711310555
            ],
            [
              -0.623902818263304,
              44.93062497442764
            ],
            [
              -0.623675434754867,
              44.93062630771125
            ],
            [
              -0.623479379818929,
              44.930617203929124
            ],
            [
              -0.621088928845286,
              44.9304740796202
            ]
          ]
        ]
      }
    },
    {
      "type": "Feature",
      "properties": {
        "fid": 160,
        "GID": 248,
        "TERRIT_P": "PT_OUEST",
        "GO_DESCRITION": "amgt general",
        "GPOLE_SUIVI_OPE_AMENAGEMENT_EP_COMMUNES": "Eysines",
        "GPOLE_SUIVI_OPE_AMENAGEMENT_EP_LIBELLE_PROJET": "EYSIN-058 ... Rue Lucien Piet",
        "GPOLE_SUIVI_OPE_AMENAGEMENT_EP_STATUT_PROJET": "Exécution",
        "GPOLE_SUIVI_OPE_AMENAGEMENT_EP_CHEF_DE_PROJET": "FALGERE Eric",
        "GPOLE_SUIVI_OPE_AMENAGEMENT_EP_DESCRIPTION_PROJET": "Requalification complète de la voie au droit du collège Albert camus. Réalisation d'une zone apaisée végétalisée",
        "GPOLE_SUIVI_OPE_AMENAGEMENT_EP_TYPE_PROJET": "Amgt EspPublic _ Géné",
        "GPOLE_SUIVI_OPE_AMENAGEMENT_EP_PROG_FIN_PRINC_SAU": "FIC",
        "GPOLE_SUIVI_OPE_AMENAGEMENT_EP_DEBUT_TRAVAUX": 2025,
        "GPOLE_SUIVI_OPE_AMENAGEMENT_EP_FIN_TRAVAUX": 2026
      },
      "geometry": {
        "type": "MultiLineString",
        "coordinates": [
          [
            [
              -0.645597090814579,
              44.88248644344754
            ],
            [
              -0.645553156404259,
              44.88256008252873
            ],
            [
              -0.645185280194945,
              44.883299824079565
            ],
            [
              -0.645128706242875,
              44.88339090772459
            ],
            [
              -0.644987090885397,
              44.88356975203405
            ],
            [
              -0.644319626979466,
              44.88458329302616
            ],
            [
              -0.644182792159619,
              44.884865759567205
            ],
            [
              -0.643819346331454,
              44.885583913775804
            ]
          ]
        ]
      }
    },
    {
      "type": "Feature",
      "properties": {
        "fid": 161,
        "GID": 249,
        "TERRIT_P": "PT_OUEST",
        "GO_DESCRITION": "parking statio",
        "GPOLE_SUIVI_OPE_AMENAGEMENT_EP_COMMUNES": "Le Haillan",
        "GPOLE_SUIVI_OPE_AMENAGEMENT_EP_LIBELLE_PROJET": "HAILL-056 ... Parking allée Bel Air (BHNS - Parc AR74)",
        "GPOLE_SUIVI_OPE_AMENAGEMENT_EP_STATUT_PROJET": "Conception",
        "GPOLE_SUIVI_OPE_AMENAGEMENT_EP_CHEF_DE_PROJET": "LEFEVRE Coralie",
        "GPOLE_SUIVI_OPE_AMENAGEMENT_EP_DESCRIPTION_PROJET": "Le projet consiste en la création d'un parking d'une trentaine de places sur une des emprises acquises par les travaux de la ligne G. Sur la même parcelle, le réseau de chaleur prévoir la mise en place d'une chaufferie qui desservira le centre du Haillan.",
        "GPOLE_SUIVI_OPE_AMENAGEMENT_EP_TYPE_PROJET": "Amgt EspPublic _ Géné",
        "GPOLE_SUIVI_OPE_AMENAGEMENT_EP_PROG_FIN_PRINC_SAU": "FIC",
        "GPOLE_SUIVI_OPE_AMENAGEMENT_EP_DEBUT_TRAVAUX": 2027,
        "GPOLE_SUIVI_OPE_AMENAGEMENT_EP_FIN_TRAVAUX": 2027
      },
      "geometry": {
        "type": "MultiLineString",
        "coordinates": [
          [
            [
              -0.670827072338035,
              44.86901036003215
            ],
            [
              -0.670751295126348,
              44.86908314976047
            ],
            [
              -0.670671322156626,
              44.86914965918067
            ],
            [
              -0.670590226767104,
              44.86920733236774
            ],
            [
              -0.670550128032294,
              44.8692322093174
            ],
            [
              -0.670511125450886,
              44.86925395297461
            ],
            [
              -0.670473179849564,
              44.86927258518358
            ],
            [
              -0.670437058084097,
              44.86928772940489
            ],
            [
              -0.670402723875814,
              44.869299400853734
            ],
            [
              -0.670370871096845,
              44.86930736366199
            ],
            [
              -0.670341467756353,
              44.869311625831116
            ],
            [
              -0.670315108076574,
              44.86931210122829
            ],
            [
              -0.67029176558278,
              44.869308790333314
            ],
            [
              -0.670271912010488,
              44.869301760058356
            ],
            [
              -0.670255527418028,
              44.86929100334297
            ],
            [
              -0.6702429429251,
              44.869276737572626
            ],
            [
              -0.670234145889055,
              44.8692589484176
            ],
            [
              -0.670229314088462,
              44.86923799538216
            ],
            [
              -0.670228442665756,
              44.86921385741814
            ],
            [
              -0.670231549226856,
              44.8691870223329
            ],
            [
              -0.670238636886535,
              44.86915746316853
            ],
            [
              -0.670249562402537,
              44.86912577728945
            ],
            [
              -0.670264336742658,
              44.869091932863874
            ],
            [
              -0.670282661322489,
              44.86905661385702
            ],
            [
              -0.670329573950825,
              44.86898218993481
            ],
            [
              -0.670388497403161,
              44.86890536557679
            ],
            [
              -0.670457167238428,
              44.86882909308308
            ],
            [
              -0.670532944487431,
              44.86875630354778
            ],
            [
              -0.67061291707105,
              44.868689794221154
            ],
            [
              -0.670694011709466,
              44.868632121013874
            ],
            [
              -0.67073410996442,
              44.86860724401164
            ],
            [
              -0.670773112024048,
              44.868585500276104
            ],
            [
              -0.670811057075774,
              44.86856686796553
            ],
            [
              -0.670847178291036,
              44.86855172362417
            ],
            [
              -0.670881511963895,
              44.86854005204023
            ],
            [
              -0.670913364247984,
              44.86853208908828
            ],
            [
              -0.670942767148508,
              44.86852782677121
            ],
            [
              -0.670969126464317,
              44.86852735122879
            ],
            [
              -0.670992468680466,
              44.86853066198534
            ],
            [
              -0.671012322074982,
              44.8685376921355
            ],
            [
              -0.671028706594386,
              44.868548448743134
            ],
            [
              -0.671041291122795,
              44.86856271442814
            ],
            [
              -0.671050088301736,
              44.86858050352251
            ],
            [
              -0.671054920345789,
              44.86860145652498
            ],
            [
              -0.671055792105465,
              44.86862559448479
            ],
            [
              -0.671052685958502,
              44.86865242959444
            ],
            [
              -0.671045598778431,
              44.86868198881149
            ],
            [
              -0.671034673784329,
              44.8687136747688
            ],
            [
              -0.671019899993678,
              44.868747519295994
            ],
            [
              -0.671001575964179,
              44.86878283842291
            ],
            [
              -0.670954664366141,
              44.8688572626238
            ],
            [
              -0.670895741717877,
              44.8689340872752
            ],
            [
              -0.670827072338035,
              44.86901036003215
            ]
          ]
        ]
      }
    },
    {
      "type": "Feature",
      "properties": {
        "fid": 163,
        "GID": 1123,
        "TERRIT_P": "PT_OUEST",
        "GO_DESCRITION": "amgt général",
        "GPOLE_SUIVI_OPE_AMENAGEMENT_EP_COMMUNES": "Le Taillan-Médoc",
        "GPOLE_SUIVI_OPE_AMENAGEMENT_EP_LIBELLE_PROJET": "TAILL-071...PUP Gelès : rue de l'Ecureuil",
        "GPOLE_SUIVI_OPE_AMENAGEMENT_EP_STATUT_PROJET": "Conception",
        "GPOLE_SUIVI_OPE_AMENAGEMENT_EP_CHEF_DE_PROJET": "MOINEREAU Jean-Philippe",
        "GPOLE_SUIVI_OPE_AMENAGEMENT_EP_DESCRIPTION_PROJET": "Aménagement de voirie",
        "GPOLE_SUIVI_OPE_AMENAGEMENT_EP_TYPE_PROJET": "Amgt EspPublic _ Géné",
        "GPOLE_SUIVI_OPE_AMENAGEMENT_EP_PROG_FIN_PRINC_SAU": "PUP",
        "GPOLE_SUIVI_OPE_AMENAGEMENT_EP_DEBUT_TRAVAUX": null,
        "GPOLE_SUIVI_OPE_AMENAGEMENT_EP_FIN_TRAVAUX": null
      },
      "geometry": {
        "type": "MultiLineString",
        "coordinates": [
          [
            [
              -0.665137640450734,
              44.91528015052183
            ],
            [
              -0.664909731101078,
              44.91526769535182
            ],
            [
              -0.66330616151747,
              44.91512980887233
            ],
            [
              -0.661882438163685,
              44.9149908954568
            ],
            [
              -0.660095849321305,
              44.91483362182248
            ]
          ]
        ]
      }
    },
    {
      "type": "Feature",
      "properties": {
        "fid": 164,
        "GID": 1121,
        "TERRIT_P": "PT_OUEST",
        "GO_DESCRITION": "amgt général",
        "GPOLE_SUIVI_OPE_AMENAGEMENT_EP_COMMUNES": "Mérignac",
        "GPOLE_SUIVI_OPE_AMENAGEMENT_EP_LIBELLE_PROJET": "MERIG-114...Rue du Maréchal Gallieni",
        "GPOLE_SUIVI_OPE_AMENAGEMENT_EP_STATUT_PROJET": "Conception",
        "GPOLE_SUIVI_OPE_AMENAGEMENT_EP_CHEF_DE_PROJET": "DEFOUG Anne Helene",
        "GPOLE_SUIVI_OPE_AMENAGEMENT_EP_DESCRIPTION_PROJET": "Réaménagement de la rue Gallieni (section entre Mondésir et le carrefour avec la rue du Béarn), avec liaison fonctionnelle avec le projet de réaménagement de la place Mondésir. Mobilisation nécessaire de l'ER S332 (sur parking Auchan).\nIl s'agit également de permettre :\n- de proposer un trottoir élargi au-delà des normes PMR côté commerces, à l'est\n- de créer une liaison cyclable sécurisée sur la rive ouest\n- de proposer du stationnement longitudinal\n- de prévoir des matériaux poreux ou permettant l'infiltration des eaux, et des zones arborées / plantées.",
        "GPOLE_SUIVI_OPE_AMENAGEMENT_EP_TYPE_PROJET": "Amgt EspPublic _ Géné",
        "GPOLE_SUIVI_OPE_AMENAGEMENT_EP_PROG_FIN_PRINC_SAU": "FIC",
        "GPOLE_SUIVI_OPE_AMENAGEMENT_EP_DEBUT_TRAVAUX": 2027,
        "GPOLE_SUIVI_OPE_AMENAGEMENT_EP_FIN_TRAVAUX": 2028
      },
      "geometry": {
        "type": "MultiLineString",
        "coordinates": [
          [
            [
              -0.616533862434827,
              44.83803164601474
            ],
            [
              -0.61664687803846,
              44.8372282086593
            ],
            [
              -0.616764012133927,
              44.83654084704811
            ]
          ]
        ]
      }
    },
    {
      "type": "Feature",
      "properties": {
        "fid": 168,
        "GID": 163,
        "TERRIT_P": "PT_OUEST",
        "GO_DESCRITION": "parking statio",
        "GPOLE_SUIVI_OPE_AMENAGEMENT_EP_COMMUNES": "Eysines",
        "GPOLE_SUIVI_OPE_AMENAGEMENT_EP_LIBELLE_PROJET": "EYSIN-019 ... Rue du Moulineau EREA",
        "GPOLE_SUIVI_OPE_AMENAGEMENT_EP_STATUT_PROJET": "Conception",
        "GPOLE_SUIVI_OPE_AMENAGEMENT_EP_CHEF_DE_PROJET": "VILLAUME Aline",
        "GPOLE_SUIVI_OPE_AMENAGEMENT_EP_DESCRIPTION_PROJET": "La rue du Moulineau dessert plusieurs entreprises accueillant du personnel handicapé. A ce jour, il n' y a pas d'espaces sécurisés pour le déplacement de ces personnes à mobilité réduite.\nL'objectif de cet aménagement est de créer une voie verte ainsi que des poches de stationnement sur l'intégralité de la rue.\nUn préalable enfouissement ainsi que des acquisitions foncières sont nécessaires pour mener à bien cet aménagement .",
        "GPOLE_SUIVI_OPE_AMENAGEMENT_EP_TYPE_PROJET": "Amgt EspPublic _ Géné",
        "GPOLE_SUIVI_OPE_AMENAGEMENT_EP_PROG_FIN_PRINC_SAU": "FIC",
        "GPOLE_SUIVI_OPE_AMENAGEMENT_EP_DEBUT_TRAVAUX": 2027,
        "GPOLE_SUIVI_OPE_AMENAGEMENT_EP_FIN_TRAVAUX": 2027
      },
      "geometry": {
        "type": "MultiLineString",
        "coordinates": [
          [
            [
              -0.664638698189415,
              44.87787979147495
            ],
            [
              -0.664608444838164,
              44.87777473520722
            ],
            [
              -0.66458316587529,
              44.87692974251433
            ],
            [
              -0.6645696003979,
              44.87643795567779
            ],
            [
              -0.664571997366322,
              44.87606159429735
            ],
            [
              -0.664679242271816,
              44.8750280569769
            ],
            [
              -0.664670512814265,
              44.874021598242344
            ]
          ]
        ]
      }
    },
    {
      "type": "Feature",
      "properties": {
        "fid": 173,
        "GID": 168,
        "TERRIT_P": "PT_OUEST",
        "GO_DESCRITION": "eclairage p",
        "GPOLE_SUIVI_OPE_AMENAGEMENT_EP_COMMUNES": "Mérignac",
        "GPOLE_SUIVI_OPE_AMENAGEMENT_EP_LIBELLE_PROJET": "MERIG-033 ... Rue de la Devèze",
        "GPOLE_SUIVI_OPE_AMENAGEMENT_EP_STATUT_PROJET": "Conception",
        "GPOLE_SUIVI_OPE_AMENAGEMENT_EP_CHEF_DE_PROJET": "VILLAUME Aline",
        "GPOLE_SUIVI_OPE_AMENAGEMENT_EP_DESCRIPTION_PROJET": null,
        "GPOLE_SUIVI_OPE_AMENAGEMENT_EP_TYPE_PROJET": "Amgt EspPublic _ Géné",
        "GPOLE_SUIVI_OPE_AMENAGEMENT_EP_PROG_FIN_PRINC_SAU": "FIC",
        "GPOLE_SUIVI_OPE_AMENAGEMENT_EP_DEBUT_TRAVAUX": 2026,
        "GPOLE_SUIVI_OPE_AMENAGEMENT_EP_FIN_TRAVAUX": 2026
      },
      "geometry": {
        "type": "MultiLineString",
        "coordinates": [
          [
            [
              -0.626004738944069,
              44.83812637601534
            ],
            [
              -0.625295167867064,
              44.83805916900299
            ],
            [
              -0.624540500653415,
              44.83799357406634
            ],
            [
              -0.624026436859173,
              44.837946796997095
            ],
            [
              -0.623936178041562,
              44.83792084457893
            ],
            [
              -0.623710306159605,
              44.83782218918291
            ],
            [
              -0.623387738253625,
              44.83765157280226
            ]
          ]
        ]
      }
    },
    {
      "type": "Feature",
      "properties": {
        "fid": 177,
        "GID": 172,
        "TERRIT_P": "PT_OUEST",
        "GO_DESCRITION": "amgt general",
        "GPOLE_SUIVI_OPE_AMENAGEMENT_EP_COMMUNES": "Parempuyre",
        "GPOLE_SUIVI_OPE_AMENAGEMENT_EP_LIBELLE_PROJET": "PAREM-015 ... Rue Felix Jonc",
        "GPOLE_SUIVI_OPE_AMENAGEMENT_EP_STATUT_PROJET": "Conception",
        "GPOLE_SUIVI_OPE_AMENAGEMENT_EP_CHEF_DE_PROJET": "GOURAUD Simon",
        "GPOLE_SUIVI_OPE_AMENAGEMENT_EP_DESCRIPTION_PROJET": "Voie de desserte locale de 345 ml avec absence d'aménagement pour les piétons et les cyclistes. Besoin en stationnement et végétalisation. \nLe projet prévoit le réaménagement de la voie en créant un double sens en zone de rencontre avec vitesse limitée à 20 km/h, un cheminement piétons séparé de la circulation et du stationnement en quinconce sur la chaussée.",
        "GPOLE_SUIVI_OPE_AMENAGEMENT_EP_TYPE_PROJET": "Amgt EspPublic _ Géné",
        "GPOLE_SUIVI_OPE_AMENAGEMENT_EP_PROG_FIN_PRINC_SAU": "FIC",
        "GPOLE_SUIVI_OPE_AMENAGEMENT_EP_DEBUT_TRAVAUX": 2027,
        "GPOLE_SUIVI_OPE_AMENAGEMENT_EP_FIN_TRAVAUX": 2027
      },
      "geometry": {
        "type": "MultiLineString",
        "coordinates": [
          [
            [
              -0.611325241066884,
              44.95640283379052
            ],
            [
              -0.610754462278711,
              44.956378659234
            ],
            [
              -0.610016813367781,
              44.95632760541466
            ],
            [
              -0.609693551802454,
              44.95629324790812
            ],
            [
              -0.609481254565465,
              44.95625411629236
            ],
            [
              -0.60916059385654,
              44.9561742741743
            ],
            [
              -0.608921918421259,
              44.956100934871756
            ],
            [
              -0.608566416025829,
              44.955981387070125
            ],
            [
              -0.607934991160665,
              44.95573265419151
            ],
            [
              -0.606989254671452,
              44.955462601871965
            ]
          ]
        ]
      }
    },
    {
      "type": "Feature",
      "properties": {
        "fid": 181,
        "GID": 176,
        "TERRIT_P": "PT_OUEST",
        "GO_DESCRITION": "amgt liaison douce",
        "GPOLE_SUIVI_OPE_AMENAGEMENT_EP_COMMUNES": "Bruges",
        "GPOLE_SUIVI_OPE_AMENAGEMENT_EP_LIBELLE_PROJET": "BRUGE-027 ... Voie verte Réduit / Malraux",
        "GPOLE_SUIVI_OPE_AMENAGEMENT_EP_STATUT_PROJET": "Conception",
        "GPOLE_SUIVI_OPE_AMENAGEMENT_EP_CHEF_DE_PROJET": "PIAGUET Emilie",
        "GPOLE_SUIVI_OPE_AMENAGEMENT_EP_DESCRIPTION_PROJET": "Création d'une voie verte entre le groupe scolaire Frida Kahlo et le parc Ausone",
        "GPOLE_SUIVI_OPE_AMENAGEMENT_EP_TYPE_PROJET": "Amgt EspPublic _ Géné",
        "GPOLE_SUIVI_OPE_AMENAGEMENT_EP_PROG_FIN_PRINC_SAU": "FIC",
        "GPOLE_SUIVI_OPE_AMENAGEMENT_EP_DEBUT_TRAVAUX": 2027,
        "GPOLE_SUIVI_OPE_AMENAGEMENT_EP_FIN_TRAVAUX": 2027
      },
      "geometry": {
        "type": "MultiLineString",
        "coordinates": [
          [
            [
              -0.596295334449517,
              44.88288374876472
            ],
            [
              -0.597898190081967,
              44.88146405409188
            ],
            [
              -0.598578957570779,
              44.88089615444079
            ]
          ]
        ]
      }
    },
    {
      "type": "Feature",
      "properties": {
        "fid": 193,
        "GID": 188,
        "TERRIT_P": "PT_OUEST",
        "GO_DESCRITION": "amgt general + voie verte",
        "GPOLE_SUIVI_OPE_AMENAGEMENT_EP_COMMUNES": "Saint-Médard-en-Jalles",
        "GPOLE_SUIVI_OPE_AMENAGEMENT_EP_LIBELLE_PROJET": "StMED-001 ... Avenue Blaise Pascal + Giratoire Lignan",
        "GPOLE_SUIVI_OPE_AMENAGEMENT_EP_STATUT_PROJET": "Exécution",
        "GPOLE_SUIVI_OPE_AMENAGEMENT_EP_CHEF_DE_PROJET": "GROULT Frederic",
        "GPOLE_SUIVI_OPE_AMENAGEMENT_EP_DESCRIPTION_PROJET": "Requalification de la voirie entre la rue du Général Niox et le carrefour route de Lignan / route du Temple. Création  d'un giratoire de type \"cacahuète\", d'une voie verte, de trottoirs aux normes PMR, de stationnements, d'aménagements de sécurité, d'une zone de rechargement BEX, d'arrêts BEX, etc...",
        "GPOLE_SUIVI_OPE_AMENAGEMENT_EP_TYPE_PROJET": "Amgt EspPublic _ Géné",
        "GPOLE_SUIVI_OPE_AMENAGEMENT_EP_PROG_FIN_PRINC_SAU": "CODEV",
        "GPOLE_SUIVI_OPE_AMENAGEMENT_EP_DEBUT_TRAVAUX": 2025,
        "GPOLE_SUIVI_OPE_AMENAGEMENT_EP_FIN_TRAVAUX": 2027
      },
      "geometry": {
        "type": "MultiLineString",
        "coordinates": [
          [
            [
              -0.772133114338264,
              44.895525650730946
            ],
            [
              -0.772695788300018,
              44.895644313982665
            ],
            [
              -0.77322855330751,
              44.89572432558989
            ],
            [
              -0.773456064150059,
              44.89575381988538
            ],
            [
              -0.773727645526448,
              44.89578902681022
            ],
            [
              -0.774029783189966,
              44.89582574097842
            ],
            [
              -0.774335,
              44.89585190000001
            ],
            [
              -0.775108599999919,
              44.89589760000007
            ],
            [
              -0.775519500000027,
              44.895930299999975
            ],
            [
              -0.776149700000037,
              44.896005500000065
            ],
            [
              -0.777253600000022,
              44.896152600000065
            ],
            [
              -0.777718799999872,
              44.89621300000012
            ],
            [
              -0.777927199999806,
              44.896245900000046
            ],
            [
              -0.77818469999994,
              44.89628050000017
            ],
            [
              -0.778591899999741,
              44.8963492
            ],
            [
              -0.77902260000005,
              44.89645
            ],
            [
              -0.779549299999877,
              44.89659510000004
            ],
            [
              -0.77994969999991,
              44.89671160000003
            ],
            [
              -0.780616900000016,
              44.896896
            ],
            [
              -0.782504297083393,
              44.89741730581382
            ]
          ]
        ]
      }
    },
    {
      "type": "Feature",
      "properties": {
        "fid": 217,
        "GID": 213,
        "TERRIT_P": "PT_OUEST",
        "GO_DESCRITION": "amgt general",
        "GPOLE_SUIVI_OPE_AMENAGEMENT_EP_COMMUNES": "Martignas-sur-Jalle",
        "GPOLE_SUIVI_OPE_AMENAGEMENT_EP_LIBELLE_PROJET": "MARTI-014 ... Chemin de Monfaucon",
        "GPOLE_SUIVI_OPE_AMENAGEMENT_EP_STATUT_PROJET": "Conception",
        "GPOLE_SUIVI_OPE_AMENAGEMENT_EP_CHEF_DE_PROJET": "PIAGUET Emilie",
        "GPOLE_SUIVI_OPE_AMENAGEMENT_EP_DESCRIPTION_PROJET": "Requalification du chemin de Monfaucon. Création d'un assainissement pluvial adapté et mise aux normes du cheminement piéton",
        "GPOLE_SUIVI_OPE_AMENAGEMENT_EP_TYPE_PROJET": "Amgt EspPublic _ Géné",
        "GPOLE_SUIVI_OPE_AMENAGEMENT_EP_PROG_FIN_PRINC_SAU": "CODEV",
        "GPOLE_SUIVI_OPE_AMENAGEMENT_EP_DEBUT_TRAVAUX": 2027,
        "GPOLE_SUIVI_OPE_AMENAGEMENT_EP_FIN_TRAVAUX": 2027
      },
      "geometry": {
        "type": "MultiLineString",
        "coordinates": [
          [
            [
              -0.75683988059618,
              44.84760668618827
            ],
            [
              -0.75684480000003,
              44.84760070000009
            ],
            [
              -0.75702730000002,
              44.84776490000002
            ],
            [
              -0.757665700000052,
              44.848320100000116
            ],
            [
              -0.75777080000003,
              44.84842190000008
            ],
            [
              -0.757882499999935,
              44.84856170000009
            ],
            [
              -0.7579903,
              44.848773
            ],
            [
              -0.75806770000005,
              44.84896270000011
            ],
            [
              -0.758093,
              44.849062200000084
            ],
            [
              -0.758097547023914,
              44.849105310471664
            ],
            [
              -0.758108799999969,
              44.849212
            ],
            [
              -0.758090299999981,
              44.849320399999975
            ],
            [
              -0.758041500000036,
              44.84942480000002
            ],
            [
              -0.757979599999948,
              44.84953879999996
            ],
            [
              -0.757543499999979,
              44.85014260000001
            ],
            [
              -0.757532282501032,
              44.85013832662605
            ],
            [
              -0.757543499999979,
              44.85014260000001
            ],
            [
              -0.7574255999999,
              44.8503733999999
            ],
            [
              -0.7567072705798,
              44.851850554490206
            ],
            [
              -0.756513599999934,
              44.85224880000008
            ]
          ]
        ]
      }
    },
    {
      "type": "Feature",
      "properties": {
        "fid": 219,
        "GID": 781,
        "TERRIT_P": "PT_OUEST",
        "GO_DESCRITION": "SPIC",
        "GPOLE_SUIVI_OPE_AMENAGEMENT_EP_COMMUNES": "Le Bouscat",
        "GPOLE_SUIVI_OPE_AMENAGEMENT_EP_LIBELLE_PROJET": "BOUSC-064...parking Libération projet SPIC",
        "GPOLE_SUIVI_OPE_AMENAGEMENT_EP_STATUT_PROJET": "Conception",
        "GPOLE_SUIVI_OPE_AMENAGEMENT_EP_CHEF_DE_PROJET": "HARO Stéphanie",
        "GPOLE_SUIVI_OPE_AMENAGEMENT_EP_DESCRIPTION_PROJET": "Projet de réalisation d'un SPIC au-dessus du parking Metpark.\nDivision en volume. Porteur de projet Groupe Parinaud/RIVAGE",
        "GPOLE_SUIVI_OPE_AMENAGEMENT_EP_TYPE_PROJET": null,
        "GPOLE_SUIVI_OPE_AMENAGEMENT_EP_PROG_FIN_PRINC_SAU": null,
        "GPOLE_SUIVI_OPE_AMENAGEMENT_EP_DEBUT_TRAVAUX": null,
        "GPOLE_SUIVI_OPE_AMENAGEMENT_EP_FIN_TRAVAUX": null
      },
      "geometry": {
        "type": "MultiLineString",
        "coordinates": [
          [
            [
              -0.595853395560038,
              44.85552001062016
            ],
            [
              -0.595002931647321,
              44.855973991512535
            ],
            [
              -0.594693050091782,
              44.85566209177255
            ],
            [
              -0.595440490106442,
              44.85522965669289
            ],
            [
              -0.595848665751629,
              44.855516932457526
            ]
          ]
        ]
      }
    },
    {
      "type": "Feature",
      "properties": {
        "fid": 220,
        "GID": 782,
        "TERRIT_P": "PT_OUEST",
        "GO_DESCRITION": "amgt général",
        "GPOLE_SUIVI_OPE_AMENAGEMENT_EP_COMMUNES": "Bruges",
        "GPOLE_SUIVI_OPE_AMENAGEMENT_EP_LIBELLE_PROJET": "BRUGE-073 - Centre ville",
        "GPOLE_SUIVI_OPE_AMENAGEMENT_EP_STATUT_PROJET": "Conception",
        "GPOLE_SUIVI_OPE_AMENAGEMENT_EP_CHEF_DE_PROJET": "BRUN-ROUDIER Jean",
        "GPOLE_SUIVI_OPE_AMENAGEMENT_EP_DESCRIPTION_PROJET": "Requalification du centre ville de Bruges (phase 3). \nLe projet est en co-maîtrise d'ouvrage avec la ville de Bruges (délégation de MOA de BM à la ville).\nEngagement BM codev 5 : assurer une assistance technique/ingénierie dans le projet + cofinancement (100 000 € Codev + 100 000 FIC).",
        "GPOLE_SUIVI_OPE_AMENAGEMENT_EP_TYPE_PROJET": "Amgt EspPublic _ Géné",
        "GPOLE_SUIVI_OPE_AMENAGEMENT_EP_PROG_FIN_PRINC_SAU": "CODEV",
        "GPOLE_SUIVI_OPE_AMENAGEMENT_EP_DEBUT_TRAVAUX": 2027,
        "GPOLE_SUIVI_OPE_AMENAGEMENT_EP_FIN_TRAVAUX": 2030
      },
      "geometry": {
        "type": "MultiLineString",
        "coordinates": [
          [
            [
              -0.613764456407142,
              44.882225895238754
            ],
            [
              -0.612744669211172,
              44.88191504358819
            ],
            [
              -0.613202015318813,
              44.88124532603426
            ],
            [
              -0.61325483433931,
              44.88121890511424
            ],
            [
              -0.613332193813261,
              44.881221830185936
            ],
            [
              -0.613991764159983,
              44.881435443813324
            ],
            [
              -0.614084374203893,
              44.88148845066988
            ],
            [
              -0.614495000619517,
              44.8816174354933
            ],
            [
              -0.614672995023388,
              44.88168064257164
            ],
            [
              -0.614896162789563,
              44.88174026395331
            ],
            [
              -0.615295506129528,
              44.881834099778075
            ],
            [
              -0.61567470441277,
              44.881896297918516
            ],
            [
              -0.616092226011734,
              44.881942215568536
            ],
            [
              -0.616182935839352,
              44.8819167420274
            ],
            [
              -0.616297824410441,
              44.88193891515753
            ],
            [
              -0.616216328752577,
              44.882135160985605
            ],
            [
              -0.616256622083682,
              44.88219843434598
            ],
            [
              -0.616224422590601,
              44.88226400945828
            ],
            [
              -0.616147932213991,
              44.88231108712841
            ],
            [
              -0.616031697850169,
              44.88261683049165
            ],
            [
              -0.615585664308036,
              44.882526630739044
            ],
            [
              -0.615640666252812,
              44.88239039980988
            ],
            [
              -0.615080204459647,
              44.88223712625228
            ],
            [
              -0.615023245345567,
              44.88222172015747
            ],
            [
              -0.614965342808207,
              44.88231178006641
            ],
            [
              -0.614659134828397,
              44.88223112499292
            ],
            [
              -0.61426382738962,
              44.8829247008469
            ],
            [
              -0.614189041342061,
              44.882890494329544
            ],
            [
              -0.614543221138158,
              44.88226492828064
            ],
            [
              -0.613866067209189,
              44.882065189501134
            ],
            [
              -0.613763879959424,
              44.882227258335014
            ]
          ]
        ]
      }
    },
    {
      "type": "Feature",
      "properties": {
        "fid": 223,
        "GID": 217,
        "TERRIT_P": "PT_OUEST",
        "GO_DESCRITION": "amgt general",
        "GPOLE_SUIVI_OPE_AMENAGEMENT_EP_COMMUNES": "Mérignac",
        "GPOLE_SUIVI_OPE_AMENAGEMENT_EP_LIBELLE_PROJET": "MERIG-052 ... Aménagement av de la Somme",
        "GPOLE_SUIVI_OPE_AMENAGEMENT_EP_STATUT_PROJET": "Conception",
        "GPOLE_SUIVI_OPE_AMENAGEMENT_EP_CHEF_DE_PROJET": "VILLAUME Aline",
        "GPOLE_SUIVI_OPE_AMENAGEMENT_EP_DESCRIPTION_PROJET": "Requalification de l'avenue de la Somme entre le carrefour Newton/Guttenberg et le carrefour Vignaud/Alouette.\nConstruction d'une piste cyclable.",
        "GPOLE_SUIVI_OPE_AMENAGEMENT_EP_TYPE_PROJET": "Amgt EspPublic _ Géné",
        "GPOLE_SUIVI_OPE_AMENAGEMENT_EP_PROG_FIN_PRINC_SAU": "CODEV",
        "GPOLE_SUIVI_OPE_AMENAGEMENT_EP_DEBUT_TRAVAUX": 2027,
        "GPOLE_SUIVI_OPE_AMENAGEMENT_EP_FIN_TRAVAUX": 2028
      },
      "geometry": {
        "type": "MultiLineString",
        "coordinates": [
          [
            [
              -0.670883104198568,
              44.82804425815406
            ],
            [
              -0.670575006046172,
              44.82804518565066
            ],
            [
              -0.669839959694099,
              44.82805888223701
            ],
            [
              -0.669061827376361,
              44.828080972830215
            ],
            [
              -0.668833892751886,
              44.82810334278378
            ],
            [
              -0.668381272141277,
              44.828177015452326
            ],
            [
              -0.667941283674166,
              44.8282723085624
            ],
            [
              -0.667243990580453,
              44.82841494546653
            ],
            [
              -0.666369876106272,
              44.82860933736145
            ],
            [
              -0.665939329266818,
              44.82869831024876
            ],
            [
              -0.665295849864967,
              44.82878012207852
            ],
            [
              -0.664519403424447,
              44.82889419252642
            ]
          ]
        ]
      }
    },
    {
      "type": "Feature",
      "properties": {
        "fid": 231,
        "GID": 225,
        "TERRIT_P": "PT_OUEST",
        "GO_DESCRITION": "parking statio",
        "GPOLE_SUIVI_OPE_AMENAGEMENT_EP_COMMUNES": "Eysines",
        "GPOLE_SUIVI_OPE_AMENAGEMENT_EP_LIBELLE_PROJET": "EYSIN-053 ... Parking Maryse Bastié",
        "GPOLE_SUIVI_OPE_AMENAGEMENT_EP_STATUT_PROJET": "Conception",
        "GPOLE_SUIVI_OPE_AMENAGEMENT_EP_CHEF_DE_PROJET": "GROULT Frederic",
        "GPOLE_SUIVI_OPE_AMENAGEMENT_EP_DESCRIPTION_PROJET": "Création d'un parking sur une parcelle bâtie. Démolition du Bâti en préalable aux travaux d'aménagement.",
        "GPOLE_SUIVI_OPE_AMENAGEMENT_EP_TYPE_PROJET": "Amgt EspPublic _ Géné",
        "GPOLE_SUIVI_OPE_AMENAGEMENT_EP_PROG_FIN_PRINC_SAU": "FIC",
        "GPOLE_SUIVI_OPE_AMENAGEMENT_EP_DEBUT_TRAVAUX": 2027,
        "GPOLE_SUIVI_OPE_AMENAGEMENT_EP_FIN_TRAVAUX": 2027
      },
      "geometry": {
        "type": "MultiLineString",
        "coordinates": [
          [
            [
              -0.654548881738292,
              44.862848605135554
            ],
            [
              -0.654267139832674,
              44.86280810200925
            ],
            [
              -0.654260541369883,
              44.86282588026662
            ],
            [
              -0.654219044322493,
              44.862790727970484
            ],
            [
              -0.654240526788626,
              44.8624266377634
            ],
            [
              -0.654571058550417,
              44.86250746405572
            ],
            [
              -0.654548881738292,
              44.862848605135554
            ]
          ]
        ]
      }
    },
    {
      "type": "Feature",
      "properties": {
        "fid": 237,
        "GID": 231,
        "TERRIT_P": "PT_OUEST",
        "GO_DESCRITION": "amgt liaison douce",
        "GPOLE_SUIVI_OPE_AMENAGEMENT_EP_COMMUNES": "Le Haillan",
        "GPOLE_SUIVI_OPE_AMENAGEMENT_EP_LIBELLE_PROJET": "HAILL-052 ... Rue V.Hugo (Pasteur - Bernède) (Aménagt cyclables)",
        "GPOLE_SUIVI_OPE_AMENAGEMENT_EP_STATUT_PROJET": "Conception",
        "GPOLE_SUIVI_OPE_AMENAGEMENT_EP_CHEF_DE_PROJET": "LEFEVRE Coralie",
        "GPOLE_SUIVI_OPE_AMENAGEMENT_EP_DESCRIPTION_PROJET": "Réaménagement de la rue Victor Hugo suite au plan de circulation de la commune - passage à sens unique avec une voie bus dédiée et une piste cyclable bidirectionnelle",
        "GPOLE_SUIVI_OPE_AMENAGEMENT_EP_TYPE_PROJET": "Amgt EspPublic _ Géné",
        "GPOLE_SUIVI_OPE_AMENAGEMENT_EP_PROG_FIN_PRINC_SAU": "CODEV",
        "GPOLE_SUIVI_OPE_AMENAGEMENT_EP_DEBUT_TRAVAUX": 2027,
        "GPOLE_SUIVI_OPE_AMENAGEMENT_EP_FIN_TRAVAUX": 2028
      },
      "geometry": {
        "type": "MultiLineString",
        "coordinates": [
          [
            [
              -0.679906412091036,
              44.87677215913959
            ],
            [
              -0.679591464422309,
              44.87682295490845
            ],
            [
              -0.679274900000064,
              44.87693590000006
            ],
            [
              -0.678980599999983,
              44.87704740000003
            ],
            [
              -0.678515900000057,
              44.87724330000001
            ],
            [
              -0.678425499999982,
              44.87728040000006
            ],
            [
              -0.678070723097951,
              44.87744120360087
            ],
            [
              -0.677982700000053,
              44.877481100000054
            ],
            [
              -0.677695600000023,
              44.87762810000007
            ],
            [
              -0.677677498792237,
              44.87763905336502
            ],
            [
              -0.67735930000003,
              44.87783160000002
            ],
            [
              -0.67733388812005,
              44.87785344898732
            ],
            [
              -0.677310799999961,
              44.87787330000001
            ],
            [
              -0.677238214628144,
              44.877936800250616
            ]
          ]
        ]
      }
    },
    {
      "type": "Feature",
      "properties": {
        "fid": 238,
        "GID": 233,
        "TERRIT_P": "PT_OUEST",
        "GO_DESCRITION": "amgt general",
        "GPOLE_SUIVI_OPE_AMENAGEMENT_EP_COMMUNES": "Le Haillan",
        "GPOLE_SUIVI_OPE_AMENAGEMENT_EP_LIBELLE_PROJET": "HAILL-054 ... Rue du Médoc (entre av. Pasteur et gir. Cimetière)",
        "GPOLE_SUIVI_OPE_AMENAGEMENT_EP_STATUT_PROJET": "Conception",
        "GPOLE_SUIVI_OPE_AMENAGEMENT_EP_CHEF_DE_PROJET": "LEFEVRE Coralie",
        "GPOLE_SUIVI_OPE_AMENAGEMENT_EP_DESCRIPTION_PROJET": "Résorption discontinuité cyclable",
        "GPOLE_SUIVI_OPE_AMENAGEMENT_EP_TYPE_PROJET": "Amgt EspPublic _ Géné",
        "GPOLE_SUIVI_OPE_AMENAGEMENT_EP_PROG_FIN_PRINC_SAU": "CODEV",
        "GPOLE_SUIVI_OPE_AMENAGEMENT_EP_DEBUT_TRAVAUX": null,
        "GPOLE_SUIVI_OPE_AMENAGEMENT_EP_FIN_TRAVAUX": null
      },
      "geometry": {
        "type": "MultiLineString",
        "coordinates": [
          [
            [
              -0.680577248719041,
              44.87766033875642
            ],
            [
              -0.680545060900745,
              44.87783597537882
            ],
            [
              -0.680531,
              44.877912700000074
            ],
            [
              -0.680518550892583,
              44.878032131132535
            ],
            [
              -0.68050320000003,
              44.8781794
            ],
            [
              -0.680493400000022,
              44.87848350000006
            ],
            [
              -0.680505663632653,
              44.87857714672231
            ],
            [
              -0.680602060584521,
              44.87931323592064
            ],
            [
              -0.680603300000028,
              44.879322700000024
            ],
            [
              -0.680613200000045,
              44.879537599999956
            ],
            [
              -0.680602800000012,
              44.879673600000025
            ],
            [
              -0.680561100000032,
              44.8799688
            ],
            [
              -0.680546555040489,
              44.880028542823986
            ],
            [
              -0.680476399999963,
              44.88031670000009
            ],
            [
              -0.6804394,
              44.880419599999975
            ],
            [
              -0.680437136538444,
              44.88041915346694
            ]
          ]
        ]
      }
    },
    {
      "type": "Feature",
      "properties": {
        "fid": 243,
        "GID": 238,
        "TERRIT_P": "PT_OUEST",
        "GO_DESCRITION": "amgt cyclable",
        "GPOLE_SUIVI_OPE_AMENAGEMENT_EP_COMMUNES": "Blanquefort",
        "GPOLE_SUIVI_OPE_AMENAGEMENT_EP_LIBELLE_PROJET": "BLANQ-071 Aménagement cyclable Avenue de la salle de Breillan ( Four A chaux/Jacques)",
        "GPOLE_SUIVI_OPE_AMENAGEMENT_EP_STATUT_PROJET": "Conception",
        "GPOLE_SUIVI_OPE_AMENAGEMENT_EP_CHEF_DE_PROJET": "GOURAUD Simon",
        "GPOLE_SUIVI_OPE_AMENAGEMENT_EP_DESCRIPTION_PROJET": "Réaliser les travaux d'aménagement d'une voie verte entre rue de Jacques et ch. du Four à Chaux, dans la continuité des travaux réalisés sur le Codev5 (entre la rue du Cardinal Lecot et la rue de Jacques).\nL'AVP est à mettre à jour en intégrant un diagnostic hydraulique et le dimensionnement de la solution compensatoire pour la gestion des eaux de pluie du nouvel aménagement.",
        "GPOLE_SUIVI_OPE_AMENAGEMENT_EP_TYPE_PROJET": "Amgt EspPublic _ Géné",
        "GPOLE_SUIVI_OPE_AMENAGEMENT_EP_PROG_FIN_PRINC_SAU": "CODEV",
        "GPOLE_SUIVI_OPE_AMENAGEMENT_EP_DEBUT_TRAVAUX": 2026,
        "GPOLE_SUIVI_OPE_AMENAGEMENT_EP_FIN_TRAVAUX": 2026
      },
      "geometry": {
        "type": "MultiLineString",
        "coordinates": [
          [
            [
              -0.65191800306812,
              44.91690883265531
            ],
            [
              -0.654239923774437,
              44.91781081926302
            ],
            [
              -0.655422750065021,
              44.918437883765726
            ],
            [
              -0.65668226645916,
              44.919068241457104
            ],
            [
              -0.65808788374045,
              44.91967281692788
            ]
          ]
        ]
      }
    },
    {
      "type": "Feature",
      "properties": {
        "fid": 247,
        "GID": 304,
        "TERRIT_P": "PT_OUEST",
        "GO_DESCRITION": "amgt voie verte",
        "GPOLE_SUIVI_OPE_AMENAGEMENT_EP_COMMUNES": "Martignas-sur-Jalle,Saint-Médard-en-Jalles",
        "GPOLE_SUIVI_OPE_AMENAGEMENT_EP_LIBELLE_PROJET": "MARTI-020 Voie verte Martignas St Médard",
        "GPOLE_SUIVI_OPE_AMENAGEMENT_EP_STATUT_PROJET": "Conception",
        "GPOLE_SUIVI_OPE_AMENAGEMENT_EP_CHEF_DE_PROJET": "PIAGUET Emilie",
        "GPOLE_SUIVI_OPE_AMENAGEMENT_EP_DESCRIPTION_PROJET": "Création d'une voie verte le long de l'ex RD211 de Martignas rue Blanc à St Médard rue de Poupay",
        "GPOLE_SUIVI_OPE_AMENAGEMENT_EP_TYPE_PROJET": "Amgt EspPublic _ Géné",
        "GPOLE_SUIVI_OPE_AMENAGEMENT_EP_PROG_FIN_PRINC_SAU": "CODEV",
        "GPOLE_SUIVI_OPE_AMENAGEMENT_EP_DEBUT_TRAVAUX": 2027,
        "GPOLE_SUIVI_OPE_AMENAGEMENT_EP_FIN_TRAVAUX": 2027
      },
      "geometry": {
        "type": "MultiLineString",
        "coordinates": [
          [
            [
              -0.766210857682339,
              44.84318098674275
            ],
            [
              -0.765185677413925,
              44.84363958345043
            ],
            [
              -0.762674303105771,
              44.84476275312284
            ],
            [
              -0.762675451134557,
              44.844760776882346
            ],
            [
              -0.762487561799544,
              44.84484472939495
            ],
            [
              -0.762357670621644,
              44.844902766907985
            ],
            [
              -0.762176575882352,
              44.84498368257084
            ],
            [
              -0.762170498369011,
              44.844986398079776
            ],
            [
              -0.762160401946648,
              44.84499090928637
            ],
            [
              -0.762145589423337,
              44.84499752770246
            ],
            [
              -0.762099234759626,
              44.8450182395091
            ],
            [
              -0.761405721279272,
              44.84533143214088
            ],
            [
              -0.761335482284697,
              44.84536322837084
            ],
            [
              -0.761304254291944,
              44.84537736482987
            ],
            [
              -0.761233861085383,
              44.845409230755784
            ],
            [
              -0.761228219812708,
              44.8454117844701
            ],
            [
              -0.760912222243702,
              44.84555483072712
            ],
            [
              -0.760881357471374,
              44.845568802553636
            ],
            [
              -0.76015384188146,
              44.84589812901129
            ],
            [
              -0.760153760980177,
              44.84589920856879
            ],
            [
              -0.760149293264119,
              44.84590836517695
            ],
            [
              -0.759164917781859,
              44.846344977150515
            ],
            [
              -0.758766396359136,
              44.8465283355173
            ],
            [
              -0.757696771976698,
              44.84696316837869
            ],
            [
              -0.757397788726723,
              44.84708543827398
            ],
            [
              -0.757270318095278,
              44.84716198855005
            ],
            [
              -0.757228446054865,
              44.84719234085204
            ],
            [
              -0.757158465889718,
              44.84724306813074
            ],
            [
              -0.757133529994236,
              44.847268389626066
            ],
            [
              -0.757046226254227,
              44.847357043181226
            ],
            [
              -0.75684481242242,
              44.8476007111768
            ],
            [
              -0.75684480000003,
              44.84760070000009
            ],
            [
              -0.75683988059618,
              44.84760668618827
            ],
            [
              -0.75684480000003,
              44.84760070000009
            ],
            [
              -0.75684481242242,
              44.8476007111768
            ],
            [
              -0.75684480661597,
              44.84760071820132
            ],
            [
              -0.756716692491598,
              44.84775674827613
            ],
            [
              -0.756555753283173,
              44.84793764529387
            ],
            [
              -0.756416349074526,
              44.848079813408134
            ],
            [
              -0.756279077463118,
              44.84820614522748
            ],
            [
              -0.756096218441598,
              44.84835001727099
            ],
            [
              -0.755918493544053,
              44.848471647566775
            ],
            [
              -0.75577780630019,
              44.848557280746896
            ],
            [
              -0.755061216867588,
              44.84895097234568
            ],
            [
              -0.754205801955221,
              44.84946076044902
            ],
            [
              -0.753308651154823,
              44.85003711883548
            ],
            [
              -0.75181507425622,
              44.851001833136834
            ],
            [
              -0.749794178406656,
              44.852300999693014
            ],
            [
              -0.748790537782548,
              44.85293959495434
            ],
            [
              -0.748614489636393,
              44.85303528704697
            ],
            [
              -0.744819384209737,
              44.85481937668105
            ],
            [
              -0.744519506962421,
              44.854977798555595
            ],
            [
              -0.744214676402975,
              44.855157463362005
            ],
            [
              -0.73614846505547,
              44.860188010896536
            ],
            [
              -0.735794203695845,
              44.86040863592885
            ],
            [
              -0.735458895647113,
              44.8606124714689
            ],
            [
              -0.735018513630243,
              44.86087200643929
            ],
            [
              -0.734700542531863,
              44.86107228973492
            ],
            [
              -0.734456868386671,
              44.861231798656405
            ]
          ]
        ]
      }
    },
    {
      "type": "Feature",
      "properties": {
        "fid": 249,
        "GID": 306,
        "TERRIT_P": "PT_OUEST",
        "GO_DESCRITION": "parking statio",
        "GPOLE_SUIVI_OPE_AMENAGEMENT_EP_COMMUNES": "Mérignac",
        "GPOLE_SUIVI_OPE_AMENAGEMENT_EP_LIBELLE_PROJET": "MERIG-075 ... OIM BA - Aire de covoiturage (Gir de Marchegay)",
        "GPOLE_SUIVI_OPE_AMENAGEMENT_EP_STATUT_PROJET": "Conception",
        "GPOLE_SUIVI_OPE_AMENAGEMENT_EP_CHEF_DE_PROJET": "SAVORGNAN Margaux",
        "GPOLE_SUIVI_OPE_AMENAGEMENT_EP_DESCRIPTION_PROJET": "Aménagement d'une aire de covoiturage au sud-ouest du giratoire de Marchegay",
        "GPOLE_SUIVI_OPE_AMENAGEMENT_EP_TYPE_PROJET": "Amgt EspPublic _ Géné",
        "GPOLE_SUIVI_OPE_AMENAGEMENT_EP_PROG_FIN_PRINC_SAU": "OIM",
        "GPOLE_SUIVI_OPE_AMENAGEMENT_EP_DEBUT_TRAVAUX": 2027,
        "GPOLE_SUIVI_OPE_AMENAGEMENT_EP_FIN_TRAVAUX": 2027
      },
      "geometry": {
        "type": "MultiLineString",
        "coordinates": [
          [
            [
              -0.753173698778159,
              44.84017984488245
            ],
            [
              -0.753178460582988,
              44.8401980039404
            ],
            [
              -0.753180270358851,
              44.84022578198753
            ],
            [
              -0.753175865468298,
              44.840253404633565
            ],
            [
              -0.753165199047494,
              44.84028015270474
            ],
            [
              -0.753148603289388,
              44.84030529452568
            ],
            [
              -0.753126548454818,
              44.84032827404613
            ],
            [
              -0.753099751654759,
              44.840348436985316
            ],
            [
              -0.753068562660845,
              44.84036532135595
            ],
            [
              -0.753034083503739,
              44.84037835027291
            ],
            [
              -0.752997060587842,
              44.840387318939
            ],
            [
              -0.752978351248042,
              44.840389737729126
            ],
            [
              -0.752979888318664,
              44.84039408530322
            ],
            [
              -0.752978351248042,
              44.840389737729126
            ],
            [
              -0.752958619376211,
              44.84039201005736
            ],
            [
              -0.752919500420609,
              44.840392128936216
            ],
            [
              -0.752880852612701,
              44.840387817867615
            ],
            [
              -0.752843698491231,
              44.84037922331191
            ],
            [
              -0.75280905473711,
              44.840366401834
            ],
            [
              -0.752777588254357,
              44.84034987198303
            ],
            [
              -0.752750333287554,
              44.84032996001523
            ],
            [
              -0.75272795087808,
              44.8403070945842
            ],
            [
              -0.752710999136758,
              44.84028206809622
            ],
            [
              -0.752703886179831,
              44.84026603457979
            ],
            [
              -0.752702687781427,
              44.840263333235306
            ],
            [
              -0.752694929765984,
              44.840227823438184
            ],
            [
              -0.752696284874234,
              44.84020003111728
            ],
            [
              -0.752703878063841,
              44.84017275380988
            ],
            [
              -0.752717503472083,
              44.84014671902076
            ],
            [
              -0.752736949381764,
              44.8401225643575
            ],
            [
              -0.752761492815484,
              44.8401008541959
            ],
            [
              -0.752790548863205,
              44.840082328539104
            ],
            [
              -0.752823376985508,
              44.840067282073086
            ],
            [
              -0.752859254214934,
              44.84005627917455
            ],
            [
              -0.752902808708453,
              44.84004844649843
            ],
            [
              -0.752901873110928,
              44.840045785052574
            ],
            [
              -0.752902808708453,
              44.84004844649843
            ],
            [
              -0.752936147913342,
              44.84004707678475
            ],
            [
              -0.752975154489001,
              44.84004912375225
            ],
            [
              -0.753013058175442,
              44.840055621475535
            ],
            [
              -0.753049209653834,
              44.84006632110037
            ],
            [
              -0.753082333702873,
              44.84008108450446
            ],
            [
              -0.753111763429072,
              44.84009939314573
            ],
            [
              -0.753136585089386,
              44.84012082671306
            ],
            [
              -0.753156384486839,
              44.8401448583309
            ],
            [
              -0.753170483004582,
              44.84017078966431
            ],
            [
              -0.753173237597636,
              44.84017808617826
            ]
          ]
        ]
      }
    },
    {
      "type": "Feature",
      "properties": {
        "fid": 250,
        "GID": 307,
        "TERRIT_P": "PT_OUEST",
        "GO_DESCRITION": "voie nouvelle",
        "GPOLE_SUIVI_OPE_AMENAGEMENT_EP_COMMUNES": "Mérignac",
        "GPOLE_SUIVI_OPE_AMENAGEMENT_EP_LIBELLE_PROJET": "MERIG-072 ... Barreau Cassin / Pythagore",
        "GPOLE_SUIVI_OPE_AMENAGEMENT_EP_STATUT_PROJET": "Conception",
        "GPOLE_SUIVI_OPE_AMENAGEMENT_EP_CHEF_DE_PROJET": "SAVORGNAN Margaux",
        "GPOLE_SUIVI_OPE_AMENAGEMENT_EP_DESCRIPTION_PROJET": "création d'une voie nouvelle entre les avenues Cassin et Pythagore",
        "GPOLE_SUIVI_OPE_AMENAGEMENT_EP_TYPE_PROJET": "Amgt EspPublic _ Géné",
        "GPOLE_SUIVI_OPE_AMENAGEMENT_EP_PROG_FIN_PRINC_SAU": "OIM",
        "GPOLE_SUIVI_OPE_AMENAGEMENT_EP_DEBUT_TRAVAUX": 2027,
        "GPOLE_SUIVI_OPE_AMENAGEMENT_EP_FIN_TRAVAUX": 2029
      },
      "geometry": {
        "type": "MultiLineString",
        "coordinates": [
          [
            [
              -0.686958836937048,
              44.83318384472159
            ],
            [
              -0.686962019510535,
              44.83317798507894
            ],
            [
              -0.686503329151101,
              44.83277339356867
            ],
            [
              -0.685961196323395,
              44.83103814947076
            ],
            [
              -0.685420005113821,
              44.830572912145655
            ],
            [
              -0.685420005113821,
              44.830572912145655
            ]
          ]
        ]
      }
    },
    {
      "type": "Feature",
      "properties": {
        "fid": 251,
        "GID": 308,
        "TERRIT_P": "PT_OUEST",
        "GO_DESCRITION": "voie nouvelle",
        "GPOLE_SUIVI_OPE_AMENAGEMENT_EP_COMMUNES": "Mérignac",
        "GPOLE_SUIVI_OPE_AMENAGEMENT_EP_LIBELLE_PROJET": "MERIG-067 ... Liaison Marie Curie / rue Volta",
        "GPOLE_SUIVI_OPE_AMENAGEMENT_EP_STATUT_PROJET": "Conception",
        "GPOLE_SUIVI_OPE_AMENAGEMENT_EP_CHEF_DE_PROJET": "SAVORGNAN Margaux",
        "GPOLE_SUIVI_OPE_AMENAGEMENT_EP_DESCRIPTION_PROJET": "En lien avec la création de la voie nouvelle Marcel/Dassault/Marie Curie, il est nécessaire de poursuivre l'aménagement par la création d'un barreau entre la rue des 29 aviateurs et la rue Volta, permettant ainsi de rejoindre le centre ville de Mérignac par le pont du Chut. Cette voie nouvelle d'une largeur de 20 m a deux voies de circulation, assurera une liaison piétons/2roues, la gestion des eaux pluviales en aérien. Cette nouvelle infrastructure sera à penser avec la gestion hydraulique du Morandière et la création future d'un espace naturel.",
        "GPOLE_SUIVI_OPE_AMENAGEMENT_EP_TYPE_PROJET": "Amgt EspPublic _ Géné",
        "GPOLE_SUIVI_OPE_AMENAGEMENT_EP_PROG_FIN_PRINC_SAU": "OIM",
        "GPOLE_SUIVI_OPE_AMENAGEMENT_EP_DEBUT_TRAVAUX": 2029,
        "GPOLE_SUIVI_OPE_AMENAGEMENT_EP_FIN_TRAVAUX": 2029
      },
      "geometry": {
        "type": "MultiLineString",
        "coordinates": [
          [
            [
              -0.681140332928134,
              44.853438546899525
            ],
            [
              -0.677508502935825,
              44.85379360433354
            ],
            [
              -0.677508502935825,
              44.85379360433354
            ]
          ]
        ]
      }
    },
    {
      "type": "Feature",
      "properties": {
        "fid": 256,
        "GID": 324,
        "TERRIT_P": "PT_OUEST",
        "GO_DESCRITION": "amgt general",
        "GPOLE_SUIVI_OPE_AMENAGEMENT_EP_COMMUNES": "Saint-Médard-en-Jalles",
        "GPOLE_SUIVI_OPE_AMENAGEMENT_EP_LIBELLE_PROJET": "StMED-064 ... Requalif. av. Mazeau, Touban et Pagnot",
        "GPOLE_SUIVI_OPE_AMENAGEMENT_EP_STATUT_PROJET": "Conception",
        "GPOLE_SUIVI_OPE_AMENAGEMENT_EP_CHEF_DE_PROJET": "SAVORGNAN Margaux",
        "GPOLE_SUIVI_OPE_AMENAGEMENT_EP_DESCRIPTION_PROJET": "Le projet comprend la requalification des voies Mazeau, Touban et Pagnot (y compris des carrefours) sur 3.5 km (largeur 6m) et la création d’une voie verte sur ces voies (largeur 3 m).",
        "GPOLE_SUIVI_OPE_AMENAGEMENT_EP_TYPE_PROJET": "Amgt EspPublic _ Géné",
        "GPOLE_SUIVI_OPE_AMENAGEMENT_EP_PROG_FIN_PRINC_SAU": "OIM",
        "GPOLE_SUIVI_OPE_AMENAGEMENT_EP_DEBUT_TRAVAUX": 2027,
        "GPOLE_SUIVI_OPE_AMENAGEMENT_EP_FIN_TRAVAUX": 2029
      },
      "geometry": {
        "type": "MultiLineString",
        "coordinates": [
          [
            [
              -0.720443502970419,
              44.85752573959727
            ],
            [
              -0.720649519106957,
              44.859179506060855
            ],
            [
              -0.720605196824968,
              44.85951439222585
            ],
            [
              -0.720521620151206,
              44.8598042355085
            ],
            [
              -0.720495325033773,
              44.86152169421321
            ],
            [
              -0.720558600890745,
              44.86256968998851
            ],
            [
              -0.720613592752344,
              44.862907163560685
            ],
            [
              -0.720214719543957,
              44.86347009397984
            ],
            [
              -0.719405854566131,
              44.864375147581626
            ],
            [
              -0.718781000447591,
              44.86577804479665
            ]
          ],
          [
            [
              -0.719378874825234,
              44.84696781575854
            ],
            [
              -0.719427851505627,
              44.84710657227863
            ],
            [
              -0.719508953043742,
              44.84720743299734
            ],
            [
              -0.7196354915912,
              44.84727455728556
            ],
            [
              -0.719811014904745,
              44.84732170258847
            ],
            [
              -0.720971942876991,
              44.84751068687254
            ],
            [
              -0.721100097788424,
              44.84756946866836
            ],
            [
              -0.721209607412267,
              44.847661111434604
            ],
            [
              -0.721270361569557,
              44.84775470850999
            ],
            [
              -0.721327639918324,
              44.84791211143612
            ],
            [
              -0.722950629602271,
              44.853390263988054
            ],
            [
              -0.722994733801651,
              44.85358665485194
            ],
            [
              -0.723073319530535,
              44.854296861185915
            ],
            [
              -0.723201989580773,
              44.85569361185121
            ],
            [
              -0.723175099331971,
              44.85585953262006
            ],
            [
              -0.723103002020662,
              44.85595702361979
            ],
            [
              -0.722947132086227,
              44.85607329001475
            ],
            [
              -0.72205452448066,
              44.85641526431721
            ],
            [
              -0.72167261832237,
              44.856616575028234
            ],
            [
              -0.721435875442485,
              44.85681421999533
            ],
            [
              -0.72122859244372,
              44.85697973098423
            ],
            [
              -0.721103839047663,
              44.85708173453458
            ],
            [
              -0.720920998149007,
              44.85721194227109
            ],
            [
              -0.720683970081717,
              44.857403288665836
            ],
            [
              -0.720443502970425,
              44.85752573959735
            ],
            [
              -0.72019313969485,
              44.85758716355824
            ],
            [
              -0.719564637606712,
              44.857710401087914
            ],
            [
              -0.719132497276166,
              44.8577440690405
            ],
            [
              -0.71829805202245,
              44.85777916502437
            ],
            [
              -0.717598617871078,
              44.8578121882231
            ],
            [
              -0.716175697102627,
              44.857885543589724
            ],
            [
              -0.715931431424539,
              44.85791417603655
            ],
            [
              -0.712529706211362,
              44.85850164701991
            ]
          ],
          [
            [
              -0.712529706211362,
              44.85850164701991
            ],
            [
              -0.708121468299132,
              44.85926367974637
            ],
            [
              -0.707868617247419,
              44.85932020216928
            ]
          ],
          [
            [
              -0.709781420761615,
              44.86567633324922
            ],
            [
              -0.709839094360985,
              44.865564817876184
            ],
            [
              -0.709981012899034,
              44.865335425862604
            ],
            [
              -0.710010872284101,
              44.865207069518874
            ],
            [
              -0.710005368223807,
              44.86498401267633
            ],
            [
              -0.709991627648266,
              44.86423988929099
            ],
            [
              -0.709982844927088,
              44.864133061737085
            ],
            [
              -0.7099123785392,
              44.86362915764059
            ],
            [
              -0.709851498484983,
              44.863104941760405
            ],
            [
              -0.709849914867085,
              44.86292896285084
            ],
            [
              -0.709863942587889,
              44.862832112375514
            ],
            [
              -0.709898588664223,
              44.86269549215214
            ],
            [
              -0.710243180799119,
              44.86167789757506
            ],
            [
              -0.710279444052631,
              44.86159392553136
            ],
            [
              -0.710361431384709,
              44.861466662785695
            ],
            [
              -0.712529706211362,
              44.85850164701991
            ]
          ]
        ]
      }
    },
    {
      "type": "Feature",
      "properties": {
        "fid": 259,
        "GID": 327,
        "TERRIT_P": "PT_OUEST",
        "GO_DESCRITION": "amgt general",
        "GPOLE_SUIVI_OPE_AMENAGEMENT_EP_COMMUNES": "Bruges",
        "GPOLE_SUIVI_OPE_AMENAGEMENT_EP_LIBELLE_PROJET": "BRUGE-053 ... Rue du Réduit P2b (Allard / Jaures)",
        "GPOLE_SUIVI_OPE_AMENAGEMENT_EP_STATUT_PROJET": "Conception",
        "GPOLE_SUIVI_OPE_AMENAGEMENT_EP_CHEF_DE_PROJET": "BRUN-ROUDIER Jean",
        "GPOLE_SUIVI_OPE_AMENAGEMENT_EP_DESCRIPTION_PROJET": "Réaménagement de la dernière section de la rue avec création d'une voie verte (Allard / Jaurès).",
        "GPOLE_SUIVI_OPE_AMENAGEMENT_EP_TYPE_PROJET": "Amgt EspPublic _ Géné",
        "GPOLE_SUIVI_OPE_AMENAGEMENT_EP_PROG_FIN_PRINC_SAU": "CODEV",
        "GPOLE_SUIVI_OPE_AMENAGEMENT_EP_DEBUT_TRAVAUX": 2026,
        "GPOLE_SUIVI_OPE_AMENAGEMENT_EP_FIN_TRAVAUX": 2027
      },
      "geometry": {
        "type": "MultiLineString",
        "coordinates": [
          [
            [
              -0.594028346852814,
              44.883638061030084
            ],
            [
              -0.59418800541301,
              44.8835529406344
            ],
            [
              -0.594402517664186,
              44.883435191038146
            ],
            [
              -0.594689627465658,
              44.88330722260386
            ],
            [
              -0.594984152051625,
              44.88317829871343
            ],
            [
              -0.595257179085192,
              44.88307239277737
            ],
            [
              -0.595482686297065,
              44.88300293783276
            ],
            [
              -0.595916359201132,
              44.882890697644484
            ],
            [
              -0.596150172010123,
              44.88287511797242
            ]
          ]
        ]
      }
    },
    {
      "type": "Feature",
      "properties": {
        "fid": 260,
        "GID": 328,
        "TERRIT_P": "PT_OUEST",
        "GO_DESCRITION": "voie nvelle/gir",
        "GPOLE_SUIVI_OPE_AMENAGEMENT_EP_COMMUNES": "Bruges",
        "GPOLE_SUIVI_OPE_AMENAGEMENT_EP_LIBELLE_PROJET": "BRUGE-056 ... Liaison Est/Ouest P2",
        "GPOLE_SUIVI_OPE_AMENAGEMENT_EP_STATUT_PROJET": "Exécution",
        "GPOLE_SUIVI_OPE_AMENAGEMENT_EP_CHEF_DE_PROJET": "BRUN-ROUDIER Jean",
        "GPOLE_SUIVI_OPE_AMENAGEMENT_EP_DESCRIPTION_PROJET": "Réaménagement global de la rue Maumey avec création d'une voie verte et pose d'un réseau d'assainissement pluvial.\nCréation de deux giratoires aux intersections avec la voie nouvelle LEO P1 et l'avenue d'Aquitaine.\nCréation d'un nouveau pont de franchissement de la voie de tramway.",
        "GPOLE_SUIVI_OPE_AMENAGEMENT_EP_TYPE_PROJET": "Amgt EspPublic _ Géné",
        "GPOLE_SUIVI_OPE_AMENAGEMENT_EP_PROG_FIN_PRINC_SAU": "CODEV",
        "GPOLE_SUIVI_OPE_AMENAGEMENT_EP_DEBUT_TRAVAUX": 2024,
        "GPOLE_SUIVI_OPE_AMENAGEMENT_EP_FIN_TRAVAUX": 2026
      },
      "geometry": {
        "type": "MultiLineString",
        "coordinates": [
          [
            [
              -0.600403781177318,
              44.87471730185885
            ],
            [
              -0.600403781177318,
              44.87471730185885
            ],
            [
              -0.600403781177318,
              44.87471730185885
            ],
            [
              -0.600403781177318,
              44.87471730185885
            ],
            [
              -0.600403781177318,
              44.87471730185885
            ],
            [
              -0.599357784985416,
              44.87561087184294
            ],
            [
              -0.599036866804599,
              44.875947109747166
            ],
            [
              -0.598857834975292,
              44.87620625710685
            ],
            [
              -0.598780837596075,
              44.8764114638669
            ],
            [
              -0.598735442005207,
              44.87648379257048
            ],
            [
              -0.598674956574648,
              44.87653095638953
            ]
          ],
          [
            [
              -0.598674955591318,
              44.8765309609246
            ],
            [
              -0.59844406150001,
              44.87671099727998
            ],
            [
              -0.597715694893375,
              44.87765977440154
            ]
          ]
        ]
      }
    },
    {
      "type": "Feature",
      "properties": {
        "fid": 262,
        "GID": 330,
        "TERRIT_P": "PT_OUEST",
        "GO_DESCRITION": "voie nouvelle + reamgt voie",
        "GPOLE_SUIVI_OPE_AMENAGEMENT_EP_COMMUNES": "Bruges",
        "GPOLE_SUIVI_OPE_AMENAGEMENT_EP_LIBELLE_PROJET": "BRUGE-058 ... Liaison Est/Ouest P4",
        "GPOLE_SUIVI_OPE_AMENAGEMENT_EP_STATUT_PROJET": "Conception",
        "GPOLE_SUIVI_OPE_AMENAGEMENT_EP_CHEF_DE_PROJET": "BRUN-ROUDIER Jean",
        "GPOLE_SUIVI_OPE_AMENAGEMENT_EP_DESCRIPTION_PROJET": "Réalisation d'un giratoire à l'intersection des rues Jaurès/Ausone, création d'une voie nouvelle entre la place des Fusillés et la rue Jean-Jaurès, requalification de la rue Messager sur la section Fusillés / Gonnay.",
        "GPOLE_SUIVI_OPE_AMENAGEMENT_EP_TYPE_PROJET": "Amgt EspPublic _ Géné",
        "GPOLE_SUIVI_OPE_AMENAGEMENT_EP_PROG_FIN_PRINC_SAU": "CODEV",
        "GPOLE_SUIVI_OPE_AMENAGEMENT_EP_DEBUT_TRAVAUX": null,
        "GPOLE_SUIVI_OPE_AMENAGEMENT_EP_FIN_TRAVAUX": null
      },
      "geometry": {
        "type": "MultiLineString",
        "coordinates": [
          [
            [
              -0.591650349402292,
              44.87836261676326
            ],
            [
              -0.58949148400372,
              44.878354923065665
            ],
            [
              -0.586667213752663,
              44.87852002282174
            ]
          ]
        ]
      }
    },
    {
      "type": "Feature",
      "properties": {
        "fid": 263,
        "GID": 331,
        "TERRIT_P": "PT_OUEST",
        "GO_DESCRITION": "amgt general",
        "GPOLE_SUIVI_OPE_AMENAGEMENT_EP_COMMUNES": "Bruges",
        "GPOLE_SUIVI_OPE_AMENAGEMENT_EP_LIBELLE_PROJET": "BRUGE-054 ... Accès au futur centre aqualudique",
        "GPOLE_SUIVI_OPE_AMENAGEMENT_EP_STATUT_PROJET": "Conception",
        "GPOLE_SUIVI_OPE_AMENAGEMENT_EP_CHEF_DE_PROJET": "BRUN-ROUDIER Jean",
        "GPOLE_SUIVI_OPE_AMENAGEMENT_EP_DESCRIPTION_PROJET": "Aménagement de la desserte tous modes de déplacements pour l'accès au futur centre aqualudique, au futur data center, et réalisation de cheminements piétons et cyclables s'inscrivant dans le cadre de l'aménagement du tour du Lac.\n\nOnt été validées les séquences suivantes :\n- 1 : cheminement piéton suivant l'itinéraire REVE 3 le long du boulevard Chaban-Delmas entre le rond-point de l'Emulation nautique et le carrefour avec la voie de la Jalle Noire ;\n- 2 : voie de la Jalle Noire : réouverture de la voie, cheminements piéton et cyclable ;\n- 3 : allée du Bois : nécessite d'être réétudiée\n- 4 : accès au data center et poursuite du cheminement tour du Lac ;\n- 5 : cheminement piéton longeant le REVE 3 entre le passage sous la rocade et le giratoire de l'Emulation nautique.",
        "GPOLE_SUIVI_OPE_AMENAGEMENT_EP_TYPE_PROJET": "Amgt EspPublic _ Géné",
        "GPOLE_SUIVI_OPE_AMENAGEMENT_EP_PROG_FIN_PRINC_SAU": "CODEV",
        "GPOLE_SUIVI_OPE_AMENAGEMENT_EP_DEBUT_TRAVAUX": null,
        "GPOLE_SUIVI_OPE_AMENAGEMENT_EP_FIN_TRAVAUX": null
      },
      "geometry": {
        "type": "MultiLineString",
        "coordinates": [
          [
            [
              -0.589496940262377,
              44.891561950298836
            ],
            [
              -0.588710297484705,
              44.892972968069806
            ],
            [
              -0.588391142265882,
              44.893559671607385
            ],
            [
              -0.588235592960939,
              44.893737706634035
            ],
            [
              -0.587866533184073,
              44.89400547591594
            ],
            [
              -0.587633107263293,
              44.89420648237092
            ],
            [
              -0.587405989896307,
              44.89432660012801
            ],
            [
              -0.586783936505504,
              44.89442418750186
            ],
            [
              -0.582951809423952,
              44.89462277990844
            ],
            [
              -0.582714654851141,
              44.894581825064115
            ],
            [
              -0.582514764924852,
              44.89453162890989
            ],
            [
              -0.582271394532238,
              44.894512385779485
            ],
            [
              -0.579186871905391,
              44.894655547802515
            ],
            [
              -0.579027622239448,
              44.89469712374312
            ],
            [
              -0.578930609307994,
              44.894765389747434
            ],
            [
              -0.578907738814528,
              44.89488287486356
            ],
            [
              -0.579104084637669,
              44.896580913136084
            ],
            [
              -0.579147905900763,
              44.89693301149134
            ],
            [
              -0.579167069725366,
              44.897222828293344
            ],
            [
              -0.579108147774082,
              44.897333046035705
            ],
            [
              -0.578962533381626,
              44.897459499287216
            ]
          ],
          [
            [
              -0.579027622239448,
              44.89469712374312
            ],
            [
              -0.578722961305335,
              44.8918094465533
            ]
          ]
        ]
      }
    },
    {
      "type": "Feature",
      "properties": {
        "fid": 265,
        "GID": 334,
        "TERRIT_P": "PT_OUEST",
        "GO_DESCRITION": "amgt general",
        "GPOLE_SUIVI_OPE_AMENAGEMENT_EP_COMMUNES": "Le Haillan",
        "GPOLE_SUIVI_OPE_AMENAGEMENT_EP_LIBELLE_PROJET": "HAILL-064 - Réaménagement centre-ville - Travaux de la place Henri Bos, des rues G.Clémenceau et H.Dunant,  et Etudes de la rue J.Jaurès et de l'avenue Pasteur section Mitterrand/Hustin et d'un ilot de fraîcheur",
        "GPOLE_SUIVI_OPE_AMENAGEMENT_EP_STATUT_PROJET": "Conception",
        "GPOLE_SUIVI_OPE_AMENAGEMENT_EP_CHEF_DE_PROJET": "BRUN-ROUDIER Jean",
        "GPOLE_SUIVI_OPE_AMENAGEMENT_EP_DESCRIPTION_PROJET": "Réaménagement de :\n- la place H. Bos (abords de la mairie, de l'église et de la salle de l'Entrepôt)\n- l'allée Alcide Vergne \n- d'une partie de la rue G. Clémenceau (Pasteur / Los Héros)\n- la rue Henri Dunant",
        "GPOLE_SUIVI_OPE_AMENAGEMENT_EP_TYPE_PROJET": "Amgt EspPublic _ Géné",
        "GPOLE_SUIVI_OPE_AMENAGEMENT_EP_PROG_FIN_PRINC_SAU": "CODEV",
        "GPOLE_SUIVI_OPE_AMENAGEMENT_EP_DEBUT_TRAVAUX": 2028,
        "GPOLE_SUIVI_OPE_AMENAGEMENT_EP_FIN_TRAVAUX": 2028
      },
      "geometry": {
        "type": "MultiLineString",
        "coordinates": [
          [
            [
              -0.677403819890855,
              44.873995324573926
            ],
            [
              -0.677707302153497,
              44.87359950717931
            ],
            [
              -0.677936240345227,
              44.873296182062866
            ],
            [
              -0.678044445700284,
              44.873185305146656
            ],
            [
              -0.678156827589825,
              44.873098165872584
            ],
            [
              -0.678334572654656,
              44.87286216574283
            ],
            [
              -0.678702874413091,
              44.87236272492259
            ],
            [
              -0.678858340609538,
              44.87213501074198
            ],
            [
              -0.67885675783315,
              44.87201704976715
            ]
          ],
          [
            [
              -0.677707302153497,
              44.87359950717931
            ],
            [
              -0.67749415126462,
              44.87350936898499
            ],
            [
              -0.677187541572555,
              44.87390780916916
            ],
            [
              -0.677403819890855,
              44.873995324573926
            ],
            [
              -0.676763845340962,
              44.87484329747602
            ],
            [
              -0.676604479729899,
              44.874979726329464
            ]
          ],
          [
            [
              -0.677646179482951,
              44.872732453375335
            ],
            [
              -0.678044445700284,
              44.873185305146656
            ],
            [
              -0.678625846551064,
              44.873947025647226
            ],
            [
              -0.678929115640788,
              44.87432126298183
            ],
            [
              -0.679010213252834,
              44.874424583543394
            ],
            [
              -0.679042578837324,
              44.87446515740873
            ],
            [
              -0.678437196942095,
              44.87452399176914
            ],
            [
              -0.677964116455654,
              44.87438900991369
            ],
            [
              -0.677225469921178,
              44.8742299011453
            ]
          ],
          [
            [
              -0.676981984703633,
              44.87455617713314
            ],
            [
              -0.677527500204161,
              44.874726525449596
            ]
          ]
        ]
      }
    },
    {
      "type": "Feature",
      "properties": {
        "fid": 267,
        "GID": 311,
        "TERRIT_P": "PT_OUEST",
        "GO_DESCRITION": "amgt liaison douce",
        "GPOLE_SUIVI_OPE_AMENAGEMENT_EP_COMMUNES": "Mérignac",
        "GPOLE_SUIVI_OPE_AMENAGEMENT_EP_LIBELLE_PROJET": "MERIG-073 ... Chemin de Boucheries",
        "GPOLE_SUIVI_OPE_AMENAGEMENT_EP_STATUT_PROJET": "Conception",
        "GPOLE_SUIVI_OPE_AMENAGEMENT_EP_CHEF_DE_PROJET": "GUIRAUD Sebastien",
        "GPOLE_SUIVI_OPE_AMENAGEMENT_EP_DESCRIPTION_PROJET": "Le projet de création du chemin des Boucheries constitue un élément majeur de la trame des cheminements doux qui fait partie intégrante du programme de l’OIM Bordeaux Aéroparc.\nL’opération consiste en l’aménagement d’environ 3.2km de chemin nature permettant une liaison douce cycles et piétons dans la diagonale Est/Ouest, pour assurer la desserte du secteur Nord de l’OIM.\nEn effet, plusieurs projets et pôles économiques se développent dans le secteur Nord de l’OIM Bordeaux Aéroparc, ce qui accroît la demande en déplacements doux de la part des travailleurs. Le futur chemin nature devra ainsi s’insérer parmi de nombreux projets connexes privés et publics (Thalès, Safran, Dassault, QNB, Cote d’Argent, Parc du 21, Vert Castel, Caroline Aigle, …).\nLe chemin nature constituera également à terme le support d’un corridor écologique et complètera la matrice paysagère environnementale du secteur. Il longe la zone de compensation au droit du projet de Thalès et une partie du tracé sera créée en milieu boisé, ce qui présuppose d’enjeux environnementaux forts.",
        "GPOLE_SUIVI_OPE_AMENAGEMENT_EP_TYPE_PROJET": "Amgt EspPublic _ Géné",
        "GPOLE_SUIVI_OPE_AMENAGEMENT_EP_PROG_FIN_PRINC_SAU": "CODEV",
        "GPOLE_SUIVI_OPE_AMENAGEMENT_EP_DEBUT_TRAVAUX": 2028,
        "GPOLE_SUIVI_OPE_AMENAGEMENT_EP_FIN_TRAVAUX": 2028
      },
      "geometry": {
        "type": "MultiLineString",
        "coordinates": [
          [
            [
              -0.694020689979974,
              44.85388589822009
            ],
            [
              -0.697467909886714,
              44.852930089815935
            ],
            [
              -0.70241205163179,
              44.851603310392505
            ],
            [
              -0.703705038333911,
              44.851384618091316
            ],
            [
              -0.706405365566905,
              44.85090257863678
            ],
            [
              -0.706342454859421,
              44.85056410478143
            ],
            [
              -0.709177857211463,
              44.849774570494134
            ],
            [
              -0.711061512663504,
              44.849286317742
            ],
            [
              -0.711061512663504,
              44.849286317742
            ]
          ],
          [
            [
              -0.694020689979974,
              44.85388589822009
            ],
            [
              -0.693503051967565,
              44.85397056587133
            ],
            [
              -0.691631639217734,
              44.85447488436139
            ],
            [
              -0.690613676874475,
              44.85475770537183
            ],
            [
              -0.689963589150595,
              44.854946412191126
            ],
            [
              -0.689335919231385,
              44.85512621143193
            ],
            [
              -0.688568597791509,
              44.85533342833585
            ],
            [
              -0.687040053645807,
              44.85575334262812
            ],
            [
              -0.686867352706903,
              44.85579019165433
            ],
            [
              -0.686226028501243,
              44.855949820062314
            ],
            [
              -0.68532430157794,
              44.856194892901826
            ],
            [
              -0.684411387458355,
              44.85643062144302
            ],
            [
              -0.684157133712747,
              44.85649597666171
            ],
            [
              -0.679439331316071,
              44.85780386053052
            ],
            [
              -0.678643156437442,
              44.858037471763915
            ],
            [
              -0.677534236334144,
              44.85812097008545
            ]
          ],
          [
            [
              -0.706342454859421,
              44.85056410478143
            ],
            [
              -0.70554213205646,
              44.848267756447626
            ],
            [
              -0.705558549013824,
              44.848174245745376
            ],
            [
              -0.705558549013824,
              44.848174245745376
            ]
          ]
        ]
      }
    },
    {
      "type": "Feature",
      "properties": {
        "fid": 272,
        "GID": 317,
        "TERRIT_P": "PT_OUEST",
        "GO_DESCRITION": "parking statio",
        "GPOLE_SUIVI_OPE_AMENAGEMENT_EP_COMMUNES": "Saint-Aubin de Médoc",
        "GPOLE_SUIVI_OPE_AMENAGEMENT_EP_LIBELLE_PROJET": "StAUB-058 ... Allée Rosa Bonheur",
        "GPOLE_SUIVI_OPE_AMENAGEMENT_EP_STATUT_PROJET": "Conception",
        "GPOLE_SUIVI_OPE_AMENAGEMENT_EP_CHEF_DE_PROJET": "GROULT Frederic",
        "GPOLE_SUIVI_OPE_AMENAGEMENT_EP_DESCRIPTION_PROJET": "Stationnement dalles végétalisées, trottoirs béton balayé et espaces verts",
        "GPOLE_SUIVI_OPE_AMENAGEMENT_EP_TYPE_PROJET": "Amgt EspPublic _ Géné",
        "GPOLE_SUIVI_OPE_AMENAGEMENT_EP_PROG_FIN_PRINC_SAU": "FIC",
        "GPOLE_SUIVI_OPE_AMENAGEMENT_EP_DEBUT_TRAVAUX": null,
        "GPOLE_SUIVI_OPE_AMENAGEMENT_EP_FIN_TRAVAUX": null
      },
      "geometry": {
        "type": "MultiLineString",
        "coordinates": [
          [
            [
              -0.713983659565871,
              44.9101887829955
            ],
            [
              -0.714064034116581,
              44.91013967833778
            ],
            [
              -0.714214822359886,
              44.91006981055467
            ],
            [
              -0.714244946306097,
              44.91005531556728
            ],
            [
              -0.71427145605328,
              44.91003589351946
            ],
            [
              -0.714295628282091,
              44.91001168297027
            ],
            [
              -0.714313556352869,
              44.90998893717842
            ],
            [
              -0.714382269405144,
              44.909882917149055
            ],
            [
              -0.714415114720247,
              44.90983202837776
            ],
            [
              -0.714643727656022,
              44.90956755765194
            ],
            [
              -0.714671940600206,
              44.909521504330776
            ],
            [
              -0.71470029859548,
              44.909477698445116
            ],
            [
              -0.714725272251296,
              44.90943841714542
            ],
            [
              -0.714760766755507,
              44.90939518935992
            ],
            [
              -0.714791757933831,
              44.90934111777593
            ],
            [
              -0.714813803126814,
              44.90928986027882
            ],
            [
              -0.714910335085674,
              44.90898248945192
            ],
            [
              -0.714919924598182,
              44.9089405566318
            ],
            [
              -0.714929685975359,
              44.90890717646611
            ],
            [
              -0.714943792706013,
              44.90888023096969
            ],
            [
              -0.714960723165671,
              44.90885382401392
            ],
            [
              -0.714980444901412,
              44.90883137995965
            ],
            [
              -0.715018612998723,
              44.908798154638575
            ],
            [
              -0.715018612998723,
              44.908798154638575
            ],
            [
              -0.715018612998723,
              44.908798154638575
            ],
            [
              -0.715018612998723,
              44.908798154638575
            ],
            [
              -0.715018612998723,
              44.908798154638575
            ],
            [
              -0.715018612998723,
              44.908798154638575
            ],
            [
              -0.715018612998723,
              44.908798154638575
            ],
            [
              -0.715018612998723,
              44.908798154638575
            ],
            [
              -0.715018612998723,
              44.908798154638575
            ],
            [
              -0.715018612998723,
              44.908798154638575
            ]
          ]
        ]
      }
    },
    {
      "type": "Feature",
      "properties": {
        "fid": 276,
        "GID": 1102,
        "TERRIT_P": "PT_OUEST",
        "GO_DESCRITION": "amgt général",
        "GPOLE_SUIVI_OPE_AMENAGEMENT_EP_COMMUNES": "Le Taillan-Médoc",
        "GPOLE_SUIVI_OPE_AMENAGEMENT_EP_LIBELLE_PROJET": "TAILL-069...PUP Gelès",
        "GPOLE_SUIVI_OPE_AMENAGEMENT_EP_STATUT_PROJET": "Conception",
        "GPOLE_SUIVI_OPE_AMENAGEMENT_EP_CHEF_DE_PROJET": "HARO Stéphanie",
        "GPOLE_SUIVI_OPE_AMENAGEMENT_EP_DESCRIPTION_PROJET": "PUP sur le secteur de Gelès composé de 5 lots et comprenant la réalisation des équipements publics suivant:\n-chemin de Gelès\n-rue des Ecureuils\n-Avenue de Braude\n-Trottoir Est chemin de Gelès entre avenue de Soulac et Braude\nTravaux estimés à 3 975 000 €\nParticipations constructeurs attendues: 1 961 865 € pour environ 28 372 m² sdp.",
        "GPOLE_SUIVI_OPE_AMENAGEMENT_EP_TYPE_PROJET": "Amgt EspPublic _ Géné",
        "GPOLE_SUIVI_OPE_AMENAGEMENT_EP_PROG_FIN_PRINC_SAU": null,
        "GPOLE_SUIVI_OPE_AMENAGEMENT_EP_DEBUT_TRAVAUX": null,
        "GPOLE_SUIVI_OPE_AMENAGEMENT_EP_FIN_TRAVAUX": null
      },
      "geometry": {
        "type": "MultiLineString",
        "coordinates": [
          [
            [
              -0.668717172927422,
              44.91390289686826
            ],
            [
              -0.667412107319173,
              44.9138279013113
            ],
            [
              -0.666938057047615,
              44.913778840456565
            ],
            [
              -0.666830349789208,
              44.91375383967949
            ],
            [
              -0.666578856566723,
              44.91369671094656
            ],
            [
              -0.666073347281471,
              44.91358048546599
            ],
            [
              -0.665874386713113,
              44.913534162487906
            ],
            [
              -0.665431444860451,
              44.913457232813066
            ],
            [
              -0.665278290974213,
              44.913428930939
            ],
            [
              -0.664537430162591,
              44.913353755652935
            ],
            [
              -0.664355127294227,
              44.913318359607295
            ],
            [
              -0.663871198861693,
              44.91320884658783
            ],
            [
              -0.663107328940344,
              44.913012844645046
            ],
            [
              -0.662453099734544,
              44.91281465876441
            ],
            [
              -0.661957428811866,
              44.9126692036045
            ],
            [
              -0.661631465823608,
              44.91260302040863
            ],
            [
              -0.661148905094537,
              44.91254455753056
            ],
            [
              -0.660832356717035,
              44.9125029991065
            ],
            [
              -0.660436221119992,
              44.912349583425524
            ],
            [
              -0.660290671101781,
              44.91228420869234
            ],
            [
              -0.660069262742283,
              44.91217443298062
            ],
            [
              -0.659833791373179,
              44.91203934226961
            ],
            [
              -0.65957905652032,
              44.911906408675435
            ],
            [
              -0.659367193643419,
              44.91180506481095
            ],
            [
              -0.659094947649596,
              44.91169444599068
            ],
            [
              -0.658887781767373,
              44.91166097735732
            ],
            [
              -0.658674351823375,
              44.91166783036279
            ],
            [
              -0.658526205331293,
              44.91167913350382
            ]
          ],
          [
            [
              -0.668446141675427,
              44.9113738307054
            ],
            [
              -0.668334943952503,
              44.911470207398125
            ],
            [
              -0.668307376649715,
              44.91151278620383
            ],
            [
              -0.668265273207453,
              44.91168359671826
            ],
            [
              -0.668233567111786,
              44.91180969140043
            ],
            [
              -0.668179801038508,
              44.91191632298584
            ],
            [
              -0.668118913885837,
              44.91200032078503
            ],
            [
              -0.66802127161035,
              44.912131227663124
            ],
            [
              -0.667771974736978,
              44.91243647097057
            ],
            [
              -0.667549124874566,
              44.91271127504915
            ],
            [
              -0.666793057263375,
              44.91361784833949
            ]
          ],
          [
            [
              -0.666642729746156,
              44.9137978023965
            ],
            [
              -0.665575240982462,
              44.91482303922772
            ],
            [
              -0.665137640450734,
              44.91528015052183
            ],
            [
              -0.663165387860481,
              44.91722447849588
            ],
            [
              -0.662067464237712,
              44.91829675220683
            ]
          ],
          [
            [
              -0.665137640450734,
              44.91528015052183
            ],
            [
              -0.664909731101078,
              44.91526769535182
            ],
            [
              -0.661882438163685,
              44.9149908954568
            ],
            [
              -0.660482396707307,
              44.914860327512265
            ],
            [
              -0.660095849321305,
              44.91483362182248
            ]
          ]
        ]
      }
    },
    {
      "type": "Feature",
      "properties": {
        "fid": 278,
        "GID": 1541,
        "TERRIT_P": "PT_OUEST",
        "GO_DESCRITION": "amgt général",
        "GPOLE_SUIVI_OPE_AMENAGEMENT_EP_COMMUNES": "Le Taillan-Médoc",
        "GPOLE_SUIVI_OPE_AMENAGEMENT_EP_LIBELLE_PROJET": "TAILL-010 ... Chemin des Graves -  2 ème partie  Germignan à Boétie",
        "GPOLE_SUIVI_OPE_AMENAGEMENT_EP_STATUT_PROJET": "Conception",
        "GPOLE_SUIVI_OPE_AMENAGEMENT_EP_CHEF_DE_PROJET": "MOINEREAU Jean-Philippe",
        "GPOLE_SUIVI_OPE_AMENAGEMENT_EP_DESCRIPTION_PROJET": "Requalification de la voirie. L’aménagement proposé sur cette section (de Boétie à Germignan) du chemin des graves est dans la continuité de celui proposé pour la section comprise entre le chemin du Chai et l’avenue de Germignan (partie PAE du Chai). Il s’agit notamment de requalifier la voie existante avec la création d’une voie verte côté Ouest, en considérant\nqu’à terme la voie sera empruntée par une ligne régulière de bus (à la demande de la ville, étude de faisabilité en cours).",
        "GPOLE_SUIVI_OPE_AMENAGEMENT_EP_TYPE_PROJET": "Amgt EspPublic _ Géné",
        "GPOLE_SUIVI_OPE_AMENAGEMENT_EP_PROG_FIN_PRINC_SAU": "FIC",
        "GPOLE_SUIVI_OPE_AMENAGEMENT_EP_DEBUT_TRAVAUX": 2027,
        "GPOLE_SUIVI_OPE_AMENAGEMENT_EP_FIN_TRAVAUX": 2028
      },
      "geometry": {
        "type": "MultiLineString",
        "coordinates": [
          [
            [
              -0.684672187100688,
              44.911297783026754
            ],
            [
              -0.68466309645663,
              44.91123303534945
            ],
            [
              -0.684648306577752,
              44.91118838021049
            ],
            [
              -0.684618706930619,
              44.91112022473458
            ],
            [
              -0.684587302701794,
              44.91105711720719
            ],
            [
              -0.684569076516349,
              44.91101996079876
            ],
            [
              -0.684549100530361,
              44.91095943877309
            ],
            [
              -0.68454618107252,
              44.91090395050284
            ],
            [
              -0.68455482386437,
              44.910845092815
            ],
            [
              -0.68458874901598,
              44.91070987995827
            ],
            [
              -0.684635955865836,
              44.91056041508707
            ],
            [
              -0.684659273317033,
              44.9104894276959
            ],
            [
              -0.684708722778237,
              44.91035856934231
            ],
            [
              -0.684796728729094,
              44.91017304190441
            ],
            [
              -0.68484300845385,
              44.91007478758633
            ],
            [
              -0.684895799127615,
              44.909987903714175
            ],
            [
              -0.684937549748389,
              44.90991744088209
            ],
            [
              -0.684972647854061,
              44.90985802705007
            ],
            [
              -0.685026819723028,
              44.90975167218893
            ],
            [
              -0.685048039141102,
              44.90969719012663
            ],
            [
              -0.685072237780218,
              44.909622737139685
            ],
            [
              -0.68511610507134,
              44.90948682893013
            ],
            [
              -0.685127413152682,
              44.90942698895956
            ],
            [
              -0.685113420013315,
              44.9091920849164
            ],
            [
              -0.685111978131698,
              44.90905465339299
            ],
            [
              -0.685142009652625,
              44.90886689113114
            ],
            [
              -0.685178978543605,
              44.90859711884385
            ],
            [
              -0.685176654287031,
              44.90852132808274
            ],
            [
              -0.685171279036437,
              44.908387829146875
            ],
            [
              -0.685145533828217,
              44.90821599738772
            ],
            [
              -0.685096103231135,
              44.90795310001267
            ],
            [
              -0.685067908157445,
              44.90784119010765
            ],
            [
              -0.684987624940136,
              44.90762187893551
            ],
            [
              -0.684897803867368,
              44.90740138180885
            ],
            [
              -0.684811372318711,
              44.907217386070776
            ],
            [
              -0.684797136946375,
              44.90717756017141
            ],
            [
              -0.684770774939145,
              44.90705955305188
            ],
            [
              -0.684745531476465,
              44.90686237095018
            ],
            [
              -0.684740706573691,
              44.90675418823302
            ],
            [
              -0.684732468309814,
              44.906682379955825
            ],
            [
              -0.684750605711322,
              44.90662512965454
            ]
          ]
        ]
      }
    },
    {
      "type": "Feature",
      "properties": {
        "fid": 279,
        "GID": 253,
        "TERRIT_P": "PT_OUEST",
        "GO_DESCRITION": "amgt voie verte",
        "GPOLE_SUIVI_OPE_AMENAGEMENT_EP_COMMUNES": "Martignas-sur-Jalle",
        "GPOLE_SUIVI_OPE_AMENAGEMENT_EP_LIBELLE_PROJET": "MARTI-053 ... Av. République - J Moulin (Mobi REVE)",
        "GPOLE_SUIVI_OPE_AMENAGEMENT_EP_STATUT_PROJET": "Conception",
        "GPOLE_SUIVI_OPE_AMENAGEMENT_EP_CHEF_DE_PROJET": "PIAGUET Emilie",
        "GPOLE_SUIVI_OPE_AMENAGEMENT_EP_DESCRIPTION_PROJET": "Création d'une voie verte - REVE.\nImplantation de la voie verte sur trottoir avenue J Moulin et République",
        "GPOLE_SUIVI_OPE_AMENAGEMENT_EP_TYPE_PROJET": "Amgt EspPublic _ Géné",
        "GPOLE_SUIVI_OPE_AMENAGEMENT_EP_PROG_FIN_PRINC_SAU": "Plan vélo",
        "GPOLE_SUIVI_OPE_AMENAGEMENT_EP_DEBUT_TRAVAUX": 2027,
        "GPOLE_SUIVI_OPE_AMENAGEMENT_EP_FIN_TRAVAUX": 2028
      },
      "geometry": {
        "type": "MultiLineString",
        "coordinates": [
          [
            [
              -0.7754,
              44.84022169999992
            ],
            [
              -0.775300900000077,
              44.8400254
            ],
            [
              -0.775158899999963,
              44.8397443
            ],
            [
              -0.7751315,
              44.83966560000004
            ],
            [
              -0.775124899999923,
              44.839597100000034
            ],
            [
              -0.7751254,
              44.83956790000009
            ],
            [
              -0.775147099999973,
              44.839501
            ],
            [
              -0.775695500000018,
              44.838770700000026
            ],
            [
              -0.775759100000052,
              44.83868280000006
            ],
            [
              -0.7758208,
              44.83859080000002
            ],
            [
              -0.775881299999875,
              44.8384584000001
            ],
            [
              -0.775906799999905,
              44.83838789999991
            ],
            [
              -0.775925599999928,
              44.838324299999975
            ],
            [
              -0.775960900000023,
              44.83824119999996
            ],
            [
              -0.776019100000068,
              44.838063499999954
            ],
            [
              -0.7760449,
              44.837991
            ],
            [
              -0.776459499999931,
              44.837295
            ],
            [
              -0.7764907,
              44.83723510000009
            ],
            [
              -0.776522499999984,
              44.8371629999999
            ],
            [
              -0.776553899999815,
              44.837084400000016
            ],
            [
              -0.776577099999965,
              44.8370067
            ],
            [
              -0.776588100000062,
              44.83691289999999
            ],
            [
              -0.776594,
              44.8368405
            ],
            [
              -0.776589,
              44.836764600000045
            ],
            [
              -0.77657479999989,
              44.836685799999984
            ],
            [
              -0.776551699999969,
              44.83660970000008
            ],
            [
              -0.776518900000037,
              44.83653229999999
            ],
            [
              -0.776482,
              44.836460700000046
            ],
            [
              -0.7763411,
              44.836243600000074
            ],
            [
              -0.776146099999911,
              44.83596920000002
            ],
            [
              -0.776049099999921,
              44.83582839999998
            ],
            [
              -0.776001,
              44.835748700000025
            ],
            [
              -0.775972099999976,
              44.83569650000007
            ],
            [
              -0.775907399999919,
              44.835571899999955
            ],
            [
              -0.775856799999939,
              44.83545530000006
            ],
            [
              -0.775819,
              44.8353531
            ],
            [
              -0.775780499999939,
              44.83521440000008
            ],
            [
              -0.775761799999933,
              44.835128100000034
            ],
            [
              -0.775748699999969,
              44.83501500000014
            ],
            [
              -0.775718899999938,
              44.8345118
            ]
          ]
        ]
      }
    },
    {
      "type": "Feature",
      "properties": {
        "fid": 280,
        "GID": 254,
        "TERRIT_P": "PT_OUEST",
        "GO_DESCRITION": "amgt liaison douce",
        "GPOLE_SUIVI_OPE_AMENAGEMENT_EP_COMMUNES": "Martignas-sur-Jalle",
        "GPOLE_SUIVI_OPE_AMENAGEMENT_EP_LIBELLE_PROJET": "MARTI-054 ... Av. Verdun (Clos des chênes à Morilles)",
        "GPOLE_SUIVI_OPE_AMENAGEMENT_EP_STATUT_PROJET": "Conception",
        "GPOLE_SUIVI_OPE_AMENAGEMENT_EP_CHEF_DE_PROJET": "PIAGUET Emilie",
        "GPOLE_SUIVI_OPE_AMENAGEMENT_EP_DESCRIPTION_PROJET": "Opération qui s'intègre dans une étude plus globale de mobilité et de prise en compte des modes doux sur l'avenue de Verdun. Il s'agit ici d'une section de 145 m entre la \"rue du Clos des chênes\" et \"l'Allée des Morilles\". L'opération de voirie est conditionnée à la réfection des réseaux humides (Cf. CODEV Régie de l'eau / fiche C061268 - MART - Assainissement avenue de Verdun)",
        "GPOLE_SUIVI_OPE_AMENAGEMENT_EP_TYPE_PROJET": "Amgt EspPublic _ Géné",
        "GPOLE_SUIVI_OPE_AMENAGEMENT_EP_PROG_FIN_PRINC_SAU": "FIC",
        "GPOLE_SUIVI_OPE_AMENAGEMENT_EP_DEBUT_TRAVAUX": 2027,
        "GPOLE_SUIVI_OPE_AMENAGEMENT_EP_FIN_TRAVAUX": 2027
      },
      "geometry": {
        "type": "MultiLineString",
        "coordinates": [
          [
            [
              -0.780938659960518,
              44.84234551023325
            ],
            [
              -0.781058099999968,
              44.8423385
            ],
            [
              -0.7811637,
              44.842334499999936
            ],
            [
              -0.781525699999945,
              44.84234120000004
            ],
            [
              -0.7817184,
              44.842350399999965
            ],
            [
              -0.781872,
              44.842364
            ],
            [
              -0.78210070000006,
              44.8423886
            ],
            [
              -0.7822495,
              44.84240909999996
            ],
            [
              -0.782636099999969,
              44.8424783
            ],
            [
              -0.782720462546272,
              44.84248002952958
            ]
          ]
        ]
      }
    },
    {
      "type": "Feature",
      "properties": {
        "fid": 281,
        "GID": 255,
        "TERRIT_P": "PT_OUEST",
        "GO_DESCRITION": "voie nouvelle + giratoire",
        "GPOLE_SUIVI_OPE_AMENAGEMENT_EP_COMMUNES": "Bruges",
        "GPOLE_SUIVI_OPE_AMENAGEMENT_EP_LIBELLE_PROJET": "BRUGE-055 ... Liaison Est/Ouest P1",
        "GPOLE_SUIVI_OPE_AMENAGEMENT_EP_STATUT_PROJET": "Conception",
        "GPOLE_SUIVI_OPE_AMENAGEMENT_EP_CHEF_DE_PROJET": "BRUN-ROUDIER Jean",
        "GPOLE_SUIVI_OPE_AMENAGEMENT_EP_DESCRIPTION_PROJET": "Création d'une voie nouvelle entre la rue Maumey et l'avenue d'Aquitaine, via le pont tramway de la station Ausone.",
        "GPOLE_SUIVI_OPE_AMENAGEMENT_EP_TYPE_PROJET": "Amgt EspPublic _ Géné",
        "GPOLE_SUIVI_OPE_AMENAGEMENT_EP_PROG_FIN_PRINC_SAU": "CODEV",
        "GPOLE_SUIVI_OPE_AMENAGEMENT_EP_DEBUT_TRAVAUX": 2026,
        "GPOLE_SUIVI_OPE_AMENAGEMENT_EP_FIN_TRAVAUX": 2027
      },
      "geometry": {
        "type": "MultiLineString",
        "coordinates": [
          [
            [
              -0.605317293943604,
              44.879404242529496
            ],
            [
              -0.604771575436683,
              44.879476215401134
            ],
            [
              -0.603913561604704,
              44.87935489968673
            ],
            [
              -0.601919812074817,
              44.87923621089163
            ],
            [
              -0.601720798351762,
              44.87919947013585
            ],
            [
              -0.601551062450309,
              44.87908649221786
            ],
            [
              -0.601378895082096,
              44.87899510836681
            ],
            [
              -0.601193875439769,
              44.87851681729998
            ],
            [
              -0.600429870404811,
              44.8779142791629
            ],
            [
              -0.600183457328714,
              44.877784895777104
            ],
            [
              -0.59958366354345,
              44.87744881831776
            ],
            [
              -0.598424787039343,
              44.87676191980662
            ]
          ]
        ]
      }
    },
    {
      "type": "Feature",
      "properties": {
        "fid": 282,
        "GID": 256,
        "TERRIT_P": "PT_OUEST",
        "GO_DESCRITION": "amgt general",
        "GPOLE_SUIVI_OPE_AMENAGEMENT_EP_COMMUNES": "Blanquefort",
        "GPOLE_SUIVI_OPE_AMENAGEMENT_EP_LIBELLE_PROJET": "BLANQ-055 ... Rue Campot (Queyron / Liberté)",
        "GPOLE_SUIVI_OPE_AMENAGEMENT_EP_STATUT_PROJET": "Conception",
        "GPOLE_SUIVI_OPE_AMENAGEMENT_EP_CHEF_DE_PROJET": "GUIRAUD Sebastien",
        "GPOLE_SUIVI_OPE_AMENAGEMENT_EP_DESCRIPTION_PROJET": "L’aménagement général consiste à requalifier totalement la rue de Campot sur l'ensemble de sa plateforme (intégration d'une sécurisation de la zone, limitation des vitesses, prise en compte des modes doux, création de places de stationnement sécurisées).\n\nCette rue sera maintenue à double sens de circulation pour permettre de relier correctement :\n- La rue de Queyron ;\n- La rue de la Liberté (voie en sens unique).\n\nAfin de limiter la vitesse des usagers et du fait de l’absence de transports en commun, la chaussée sera limitée à 5,00m de largeur.\n\nLa voie aménagée sera en zone 30.\n\nCheminement vélos sur chaussée (marquage au sol d'identification en bord de chaussée). Cheminement piétons en quinconce sur trottoirs minéralisés (éventuellement traités en matériaux \"perméables\").\n\nSolution de base retenue (parmi 2 propositions faites au stade AVP) => Elle permet de sécuriser l’aménagement du carrefour Campot / Queyron à l’ouest du projet par création d'un plateau et modification du régime de priorité du carrefour.",
        "GPOLE_SUIVI_OPE_AMENAGEMENT_EP_TYPE_PROJET": "Amgt EspPublic _ Géné",
        "GPOLE_SUIVI_OPE_AMENAGEMENT_EP_PROG_FIN_PRINC_SAU": "FIC",
        "GPOLE_SUIVI_OPE_AMENAGEMENT_EP_DEBUT_TRAVAUX": 2026,
        "GPOLE_SUIVI_OPE_AMENAGEMENT_EP_FIN_TRAVAUX": 2026
      },
      "geometry": {
        "type": "MultiLineString",
        "coordinates": [
          [
            [
              -0.641915300000024,
              44.93265650000002
            ],
            [
              -0.641340699999956,
              44.932204200000015
            ],
            [
              -0.641212199999938,
              44.93212979999994
            ],
            [
              -0.640819499999943,
              44.931970800000016
            ],
            [
              -0.640462200000056,
              44.93186290000004
            ],
            [
              -0.640173700000048,
              44.931793100000014
            ],
            [
              -0.6388517,
              44.931544200000054
            ],
            [
              -0.638327300000017,
              44.931413400000025
            ],
            [
              -0.638167862263124,
              44.93135636940532
            ]
          ]
        ]
      }
    },
    {
      "type": "Feature",
      "properties": {
        "fid": 286,
        "GID": 1561,
        "TERRIT_P": "PT_OUEST",
        "GO_DESCRITION": "amgt général",
        "GPOLE_SUIVI_OPE_AMENAGEMENT_EP_COMMUNES": "Mérignac",
        "GPOLE_SUIVI_OPE_AMENAGEMENT_EP_LIBELLE_PROJET": "MERIG-130...Réaménagement de la rue du 19 mars 1962 (en lien avec les opérations stade Noël Berthet et GS Edouard Herriot)",
        "GPOLE_SUIVI_OPE_AMENAGEMENT_EP_STATUT_PROJET": "A lancer",
        "GPOLE_SUIVI_OPE_AMENAGEMENT_EP_CHEF_DE_PROJET": "DEFOUG Anne Helene",
        "GPOLE_SUIVI_OPE_AMENAGEMENT_EP_DESCRIPTION_PROJET": "La Ville de Mérignac va réaliser, d'ici mi-2027, deux projets de part et d'autre de la rue du 19 mars 1962. L'opération Noël Berthet comprend la création d'un terrain de sport collectif, de vestiaires, d'un square urbain d'environ 1300 m² au carrefour des rues d'Eysines et du 19 mars 1962. En parallèle un promoteur viendra construire une centaine de logements étudiants dans le quart nord-est de cette opération. De l'autre côté de la rue du 19 mars 1962, la commune envidage le réaménagement du parvis Edouard Herriot. Aussi, la Ville souhaite le réaménagement de la rue du 19 mars 1962 entre la rue d'Eysines et la limite communale d'Eysines dans un soucis de couture urbaine entre les deux opérations, en insistant sur les modes actifs, la végétalisation de l'espace public et la possibilité d'y créer une rue écoles.",
        "GPOLE_SUIVI_OPE_AMENAGEMENT_EP_TYPE_PROJET": "Amgt EspPublic _ Géné",
        "GPOLE_SUIVI_OPE_AMENAGEMENT_EP_PROG_FIN_PRINC_SAU": "FIC",
        "GPOLE_SUIVI_OPE_AMENAGEMENT_EP_DEBUT_TRAVAUX": null,
        "GPOLE_SUIVI_OPE_AMENAGEMENT_EP_FIN_TRAVAUX": null
      },
      "geometry": {
        "type": "MultiLineString",
        "coordinates": [
          [
            [
              -0.653180696284008,
              44.860277814301504
            ],
            [
              -0.654054793710712,
              44.860427859179076
            ],
            [
              -0.654971593589903,
              44.860583913987085
            ],
            [
              -0.6555623396228,
              44.86079141960909
            ],
            [
              -0.655651834868074,
              44.86082906712388
            ]
          ]
        ]
      }
    },
    {
      "type": "Feature",
      "properties": {
        "fid": 287,
        "GID": 258,
        "TERRIT_P": "PT_OUEST",
        "GO_DESCRITION": "securisation modes actifs",
        "GPOLE_SUIVI_OPE_AMENAGEMENT_EP_COMMUNES": "Martignas-sur-Jalle",
        "GPOLE_SUIVI_OPE_AMENAGEMENT_EP_LIBELLE_PROJET": "MARTI-056 ...OIM Bordeaux Aéroparc - Requalification de l'avenue des Martyrs de la Résistance",
        "GPOLE_SUIVI_OPE_AMENAGEMENT_EP_STATUT_PROJET": "Conception",
        "GPOLE_SUIVI_OPE_AMENAGEMENT_EP_CHEF_DE_PROJET": "SAVORGNAN Margaux",
        "GPOLE_SUIVI_OPE_AMENAGEMENT_EP_DESCRIPTION_PROJET": "Création d’une liaison cyclable entre l’avenue du 18 juin 40 et le site Dassault",
        "GPOLE_SUIVI_OPE_AMENAGEMENT_EP_TYPE_PROJET": "Amgt EspPublic _ Géné",
        "GPOLE_SUIVI_OPE_AMENAGEMENT_EP_PROG_FIN_PRINC_SAU": "OIM",
        "GPOLE_SUIVI_OPE_AMENAGEMENT_EP_DEBUT_TRAVAUX": null,
        "GPOLE_SUIVI_OPE_AMENAGEMENT_EP_FIN_TRAVAUX": null
      },
      "geometry": {
        "type": "MultiLineString",
        "coordinates": [
          [
            [
              -0.774805400000025,
              44.8419614
            ],
            [
              -0.774886200000025,
              44.842101799999966
            ],
            [
              -0.77490119999994,
              44.84213440000001
            ],
            [
              -0.774917299999951,
              44.84220010000004
            ],
            [
              -0.77493,
              44.842279100000056
            ],
            [
              -0.774926900000028,
              44.84233620000001
            ],
            [
              -0.774909199999956,
              44.842494500000036
            ],
            [
              -0.774886599999972,
              44.84264910000003
            ],
            [
              -0.774855,
              44.842800600000025
            ],
            [
              -0.774815599999949,
              44.84292940000007
            ],
            [
              -0.774796100000022,
              44.84298639999999
            ],
            [
              -0.774757,
              44.84308560000003
            ],
            [
              -0.774716200000022,
              44.8431897
            ],
            [
              -0.774648,
              44.84336050000004
            ],
            [
              -0.7745886,
              44.84350929999999
            ],
            [
              -0.774519300000038,
              44.84368550000006
            ],
            [
              -0.7744593,
              44.84385610000001
            ],
            [
              -0.774368899999951,
              44.844122100000035
            ],
            [
              -0.774302500000038,
              44.844309100000025
            ],
            [
              -0.774224799999986,
              44.84451060000008
            ],
            [
              -0.774154500000017,
              44.844677500000024
            ],
            [
              -0.774034100000041,
              44.84493280000003
            ],
            [
              -0.7736288,
              44.845801
            ],
            [
              -0.77328109999994,
              44.84653489999999
            ],
            [
              -0.77318989999998,
              44.8467317
            ],
            [
              -0.773104,
              44.846909600000025
            ],
            [
              -0.773010099999963,
              44.847105500000076
            ],
            [
              -0.772925700000067,
              44.8472962
            ],
            [
              -0.772888799999957,
              44.84740370000003
            ],
            [
              -0.7728629,
              44.8475014
            ],
            [
              -0.772841800000054,
              44.84763850000006
            ],
            [
              -0.772839899999942,
              44.84774890000002
            ],
            [
              -0.772848299999983,
              44.84791160000003
            ],
            [
              -0.7728847,
              44.848308900000035
            ],
            [
              -0.773055299999941,
              44.850144
            ],
            [
              -0.773154499999939,
              44.85123150000004
            ],
            [
              -0.773176800000061,
              44.85136629999999
            ],
            [
              -0.773207,
              44.851486
            ],
            [
              -0.773253,
              44.851624900000054
            ],
            [
              -0.77330209999995,
              44.8517391
            ],
            [
              -0.773608700000031,
              44.85237010000002
            ],
            [
              -0.773978400000057,
              44.853116700000044
            ],
            [
              -0.774571499999946,
              44.85430859999998
            ],
            [
              -0.774626899999972,
              44.85442339999999
            ],
            [
              -0.774663199999942,
              44.85450790000005
            ],
            [
              -0.774710099999941,
              44.854627500000056
            ],
            [
              -0.774756600000056,
              44.854795800000026
            ],
            [
              -0.77484450000001,
              44.85520550000007
            ],
            [
              -0.774993899999953,
              44.856013
            ],
            [
              -0.775032900000011,
              44.85624620000004
            ],
            [
              -0.775047500000027,
              44.856385700000025
            ],
            [
              -0.775051500000045,
              44.85655660000002
            ],
            [
              -0.775048899999947,
              44.85673940000002
            ],
            [
              -0.775030200000057,
              44.856895100000095
            ]
          ]
        ]
      }
    },
    {
      "type": "Feature",
      "properties": {
        "fid": 292,
        "GID": 263,
        "TERRIT_P": "PT_OUEST",
        "GO_DESCRITION": "amgt general",
        "GPOLE_SUIVI_OPE_AMENAGEMENT_EP_COMMUNES": "Mérignac",
        "GPOLE_SUIVI_OPE_AMENAGEMENT_EP_LIBELLE_PROJET": "MERIG-056 - Place Mondésir - Réaménagement",
        "GPOLE_SUIVI_OPE_AMENAGEMENT_EP_STATUT_PROJET": "Conception",
        "GPOLE_SUIVI_OPE_AMENAGEMENT_EP_CHEF_DE_PROJET": "DEFOUG Anne Helene",
        "GPOLE_SUIVI_OPE_AMENAGEMENT_EP_DESCRIPTION_PROJET": "Réaménagement de la place Mondésir.\nLe projet doit permettre l'intégration de l'itinéraire REVE 11 (axes avenue de la République, avenue d'Arès est, avenue de la Marne), ainsi que de l'itinéraire vélo structurant en direction du centre-ville de Mérignac (avenue d'Arès ouest), la prise en compte de cheminements piétons confortables et sécurisés. Les arbres existants seront préservés autant que possible. La désimperméabilisation et la renaturation des espaces, et l'aménagement d'espaces publics favorisant la vie de quartier, constituent des objectifs.",
        "GPOLE_SUIVI_OPE_AMENAGEMENT_EP_TYPE_PROJET": "Amgt EspPublic _ Géné",
        "GPOLE_SUIVI_OPE_AMENAGEMENT_EP_PROG_FIN_PRINC_SAU": "CODEV",
        "GPOLE_SUIVI_OPE_AMENAGEMENT_EP_DEBUT_TRAVAUX": 2028,
        "GPOLE_SUIVI_OPE_AMENAGEMENT_EP_FIN_TRAVAUX": 2030
      },
      "geometry": {
        "type": "MultiLineString",
        "coordinates": [
          [
            [
              -0.615968079870957,
              44.838737408025374
            ],
            [
              -0.615957341215271,
              44.83873768244166
            ],
            [
              -0.615946597463828,
              44.83873782346967
            ],
            [
              -0.615935851889533,
              44.83873783106636
            ],
            [
              -0.615925107765324,
              44.838737705229505
            ],
            [
              -0.615914368364396,
              44.838737445997346
            ],
            [
              -0.615903636957952,
              44.83873705344894
            ],
            [
              -0.615892916815049,
              44.838736527703894
            ],
            [
              -0.615882211201077,
              44.838735868922164
            ],
            [
              -0.615871523377418,
              44.83873507730468
            ],
            [
              -0.615860856599466,
              44.83873415309232
            ],
            [
              -0.615850214116584,
              44.838733096566884
            ],
            [
              -0.61583959917075,
              44.83873190804999
            ],
            [
              -0.615829014995472,
              44.83873058790377
            ],
            [
              -0.61581846481461,
              44.838729136530354
            ],
            [
              -0.615807951842138,
              44.83872755437191
            ],
            [
              -0.615797479280448,
              44.83872584191028
            ],
            [
              -0.615787050319631,
              44.83872399966713
            ],
            [
              -0.615776668136433,
              44.83872202820375
            ],
            [
              -0.615766335893588,
              44.83871992812048
            ],
            [
              -0.615756056738336,
              44.8387177000573
            ],
            [
              -0.61574583380198,
              44.83871534469273
            ],
            [
              -0.615735670198392,
              44.83871286274424
            ],
            [
              -0.615725569023851,
              44.838710254968
            ],
            [
              -0.615715533355007,
              44.83870752215821
            ],
            [
              -0.615705566249135,
              44.838704665147496
            ],
            [
              -0.615695670742318,
              44.83870168480609
            ],
            [
              -0.61568584984882,
              44.838698582041836
            ],
            [
              -0.615676106560163,
              44.83869535779986
            ],
            [
              -0.615666443844383,
              44.83869201306244
            ],
            [
              -0.61565686464495,
              44.83868854884824
            ],
            [
              -0.615647371879649,
              44.8386849662126
            ],
            [
              -0.615637968440298,
              44.83868126624693
            ],
            [
              -0.615628657191063,
              44.83867745007824
            ],
            [
              -0.615619440968576,
              44.83867351886895
            ],
            [
              -0.61561032258015,
              44.83866947381662
            ],
            [
              -0.615601304803105,
              44.83866531615352
            ],
            [
              -0.615592390384746,
              44.83866104714586
            ],
            [
              -0.615583582040336,
              44.83865666809434
            ],
            [
              -0.615574882452921,
              44.83865218033286
            ],
            [
              -0.615566294272657,
              44.83864758522813
            ],
            [
              -0.615557820115451,
              44.83864288418034
            ],
            [
              -0.615549462562856,
              44.83863807862119
            ],
            [
              -0.615541224160593,
              44.838633170014624
            ],
            [
              -0.615533107417974,
              44.83862815985591
            ],
            [
              -0.615525114807765,
              44.83862304967127
            ],
            [
              -0.615517248764362,
              44.83861784101714
            ],
            [
              -0.615509511683929,
              44.83861253548026
            ],
            [
              -0.615501905923195,
              44.83860713467689
            ],
            [
              -0.615494433799046,
              44.838601640251994
            ],
            [
              -0.615487097587622,
              44.8385960538794
            ],
            [
              -0.61547989952339,
              44.838590377260765
            ],
            [
              -0.615472841798977,
              44.838584612125196
            ],
            [
              -0.615465926564525,
              44.838578760228955
            ],
            [
              -0.615459155926115,
              44.838572823354546
            ],
            [
              -0.615452531946241,
              44.83856680331032
            ],
            [
              -0.615446056642551,
              44.83856070193031
            ],
            [
              -0.615439731987743,
              44.838554521072794
            ],
            [
              -0.61543355990807,
              44.83854826262078
            ],
            [
              -0.615427542283649,
              44.83854192848061
            ],
            [
              -0.615421680947421,
              44.83853552058169
            ],
            [
              -0.615415977684875,
              44.83852904087607
            ],
            [
              -0.615410434233348,
              44.838522491337386
            ],
            [
              -0.615405052281134,
              44.83851587396083
            ],
            [
              -0.615399833467805,
              44.83850919076214
            ],
            [
              -0.615394779382778,
              44.83850244377703
            ],
            [
              -0.615389891565806,
              44.838495635060816
            ],
            [
              -0.615385171505641,
              44.838488766687504
            ],
            [
              -0.615380620640014,
              44.838481840749196
            ],
            [
              -0.615376240354963,
              44.838474859355756
            ],
            [
              -0.615372031984907,
              44.83846782463372
            ],
            [
              -0.615367996811601,
              44.83846073872592
            ],
            [
              -0.615364136064226,
              44.8384536037909
            ],
            [
              -0.615360450918702,
              44.83844642200194
            ],
            [
              -0.615356942497407,
              44.83843919554682
            ],
            [
              -0.615353611869127,
              44.83843192662674
            ],
            [
              -0.615350460048373,
              44.838424617455864
            ],
            [
              -0.615347487994988,
              44.83841727026078
            ],
            [
              -0.615344696614319,
              44.83840988727935
            ],
            [
              -0.615342086756576,
              44.83840247076066
            ],
            [
              -0.615339659216757,
              44.83839502296374
            ],
            [
              -0.615337414734008,
              44.83838754615738
            ],
            [
              -0.615335353992306,
              44.838380042619036
            ],
            [
              -0.615333477618924,
              44.83837251463448
            ],
            [
              -0.615331786185751,
              44.83836496449671
            ],
            [
              -0.615330280207618,
              44.83835739450557
            ],
            [
              -0.615328960143284,
              44.83834980696704
            ],
            [
              -0.615327826394851,
              44.83834220419228
            ],
            [
              -0.615326879307484,
              44.83833458849711
            ],
            [
              -0.615326119169773,
              44.83832696220163
            ],
            [
              -0.615325546212996,
              44.83831932762864
            ],
            [
              -0.615325160611753,
              44.838311687103676
            ],
            [
              -0.615324962483291,
              44.838304042954306
            ],
            [
              -0.615324951888063,
              44.83829639750899
            ],
            [
              -0.615325128829064,
              44.838288753096464
            ],
            [
              -0.615325493252431,
              44.8382811120454
            ],
            [
              -0.615326045047005,
              44.83827347668328
            ],
            [
              -0.615326784044539,
              44.83826584933585
            ],
            [
              -0.615327710020188,
              44.83825823232665
            ],
            [
              -0.615328822691401,
              44.83825062797571
            ],
            [
              -0.615330121719568,
              44.838243038599465
            ],
            [
              -0.615331606708566,
              44.83823546650979
            ],
            [
              -0.615333277206216,
              44.83822791401309
            ],
            [
              -0.615335132703519,
              44.8382203834099
            ],
            [
              -0.615337172635215,
              44.838212876994106
            ],
            [
              -0.615339396379762,
              44.83820539705244
            ],
            [
              -0.615341803259875,
              44.83819794586303
            ],
            [
              -0.615344392542308,
              44.83819052569581
            ],
            [
              -0.615347163438126,
              44.838183138810955
            ],
            [
              -0.615350115103321,
              44.83817578745855
            ],
            [
              -0.615353246638756,
              44.838168473877765
            ],
            [
              -0.615356557090415,
              44.838161200296604
            ],
            [
              -0.615360045449933,
              44.83815396893053
            ],
            [
              -0.615363710654463,
              44.838146781982246
            ],
            [
              -0.615367551587659,
              44.838139641641
            ],
            [
              -0.61537156707947,
              44.838132550081774
            ],
            [
              -0.615375755906758,
              44.83812550946464
            ],
            [
              -0.615380116793262,
              44.838118521934355
            ],
            [
              -0.615380165501912,
              44.83811846546024
            ],
            [
              -0.615384648410791,
              44.83811158961927
            ],
            [
              -0.615389349378716,
              44.83810471463106
            ],
            [
              -0.615394218265297,
              44.838097899063925
            ],
            [
              -0.615399253587268,
              44.83809114499389
            ],
            [
              -0.61540445381068,
              44.83808445447817
            ],
            [
              -0.61540981735152,
              44.83807782955492
            ],
            [
              -0.615415342575888,
              44.83807127224208
            ],
            [
              -0.615421027800997,
              44.83806478453697
            ],
            [
              -0.615426871294751,
              44.838058368415886
            ],
            [
              -0.61543287127721,
              44.83805202583312
            ],
            [
              -0.615439025920582,
              44.83804575872082
            ],
            [
              -0.615445333350417,
              44.838039568987774
            ],
            [
              -0.615451791645106,
              44.83803345851958
            ],
            [
              -0.615458398837326,
              44.83802742917747
            ],
            [
              -0.615465152914644,
              44.83802148279793
            ],
            [
              -0.615472051819647,
              44.838015621192426
            ],
            [
              -0.615479093450733,
              44.83800984614631
            ],
            [
              -0.615486275663008,
              44.83800415941865
            ],
            [
              -0.615493596268621,
              44.83799856274178
            ],
            [
              -0.615501053037865,
              44.83799305782039
            ],
            [
              -0.615508643699011,
              44.8379876463313
            ],
            [
              -0.615516365940079,
              44.83798232992293
            ],
            [
              -0.615524217408897,
              44.83797711021474
            ],
            [
              -0.615532195713582,
              44.837971988796525
            ],
            [
              -0.615540298424065,
              44.8379669672284
            ],
            [
              -0.615548523072012,
              44.8379620470399
            ],
            [
              -0.615556867152219,
              44.83795722972977
            ],
            [
              -0.61556532812321,
              44.83795251676535
            ],
            [
              -0.615573903407327,
              44.837947909582276
            ],
            [
              -0.615582590392735,
              44.837943409583865
            ],
            [
              -0.6155913864334,
              44.8379390181409
            ],
            [
              -0.615600288849682,
              44.83793473659097
            ],
            [
              -0.615609294930096,
              44.83793056623824
            ],
            [
              -0.615618401931157,
              44.83792650835314
            ],
            [
              -0.61562760707899,
              44.837922564171556
            ],
            [
              -0.615636907569574,
              44.83791873489496
            ],
            [
              -0.615646300569855,
              44.83791502168987
            ],
            [
              -0.615655783218731,
              44.837911425687196
            ],
            [
              -0.615665352627791,
              44.83790794798234
            ],
            [
              -0.615675005882192,
              44.83790458963464
            ],
            [
              -0.615684740041252,
              44.837901351667
            ],
            [
              -0.615694552140222,
              44.83789823506585
            ],
            [
              -0.615704439190001,
              44.8378952407804
            ],
            [
              -0.61571439817915,
              44.837892369722724
            ],
            [
              -0.615724426073994,
              44.83788962276745
            ],
            [
              -0.615734519820126,
              44.83788700075112
            ],
            [
              -0.615744676342798,
              44.837884504472655
            ],
            [
              -0.615754892548372,
              44.83788213469226
            ],
            [
              -0.615765165324976,
              44.837879892131795
            ],
            [
              -0.61577549154351,
              44.8378777774744
            ],
            [
              -0.615785868058357,
              44.83787579136421
            ],
            [
              -0.615796291709045,
              44.83787393440615
            ],
            [
              -0.615806759320481,
              44.83787220716594
            ],
            [
              -0.615817267704076,
              44.83787061016963
            ],
            [
              -0.615827813658874,
              44.83786914390362
            ],
            [
              -0.61583839397282,
              44.83786780881466
            ],
            [
              -0.615849005422861,
              44.83786660530934
            ],
            [
              -0.61585964477685,
              44.837865533754275
            ],
            [
              -0.615870308793915,
              44.83786459447584
            ],
            [
              -0.61588099422597,
              44.83786378776023
            ],
            [
              -0.615891697817843,
              44.837863113853125
            ],
            [
              -0.615902416309528,
              44.83786257295969
            ],
            [
              -0.615913146435969,
              44.837862165244886
            ],
            [
              -0.615923884928775,
              44.83786189083267
            ],
            [
              -0.615934628517041,
              44.83786174980687
            ],
            [
              -0.615945373928163,
              44.837861742210215
            ],
            [
              -0.615956117889041,
              44.83786186804515
            ],
            [
              -0.615966857127177,
              44.837862127273404
            ],
            [
              -0.615977588371064,
              44.83786251981588
            ],
            [
              -0.615988308352347,
              44.83786304555309
            ],
            [
              -0.615999013805317,
              44.837863704324846
            ],
            [
              -0.616009701469316,
              44.83786449593054
            ],
            [
              -0.61602036808874,
              44.83786542012897
            ],
            [
              -0.616031010414445,
              44.83786647663873
            ],
            [
              -0.616041625204875,
              44.83786766513781
            ],
            [
              -0.61605220922672,
              44.83786898526442
            ],
            [
              -0.616062759256058,
              44.83787043661633
            ],
            [
              -0.616073272079103,
              44.83787201875151
            ],
            [
              -0.616083744494008,
              44.837873731187955
            ],
            [
              -0.616094173310486,
              44.837875573404055
            ],
            [
              -0.616104555351988,
              44.83787754483881
            ],
            [
              -0.616114887456302,
              44.837879644891494
            ],
            [
              -0.616125166475871,
              44.83788187292261
            ],
            [
              -0.616135389280056,
              44.83788422825339
            ],
            [
              -0.616145552754639,
              44.83788671016637
            ],
            [
              -0.616155653804008,
              44.83788931790571
            ],
            [
              -0.616165689351154,
              44.83789205067691
            ],
            [
              -0.616175656339338,
              44.837894907647666
            ],
            [
              -0.616185551732614,
              44.83789788794766
            ],
            [
              -0.61619537251661,
              44.83790099066913
            ],
            [
              -0.616205115700051,
              44.837904214867
            ],
            [
              -0.616214778314922,
              44.837907559559135
            ],
            [
              -0.616224357418238,
              44.837911023726754
            ],
            [
              -0.61623385009195,
              44.83791460631455
            ],
            [
              -0.616243253444497,
              44.837918306231394
            ],
            [
              -0.616252564611676,
              44.83792212235021
            ],
            [
              -0.616261780757215,
              44.837926053508625
            ],
            [
              -0.616270899073892,
              44.83793009850914
            ],
            [
              -0.616279916784101,
              44.8379342561197
            ],
            [
              -0.61628883114111,
              44.83793852507385
            ],
            [
              -0.616297639429366,
              44.83794290407125
            ],
            [
              -0.616306338966017,
              44.83794739177801
            ],
            [
              -0.616314927100956,
              44.83795198682721
            ],
            [
              -0.61632340121822,
              44.837956687819194
            ],
            [
              -0.616331758736546,
              44.83796149332193
            ],
            [
              -0.616339997110256,
              44.83796640187167
            ],
            [
              -0.616348113829701,
              44.83797141197327
            ],
            [
              -0.616356106422651,
              44.83797652210065
            ],
            [
              -0.616363972454339,
              44.83798173069727
            ],
            [
              -0.616371709528747,
              44.83798703617643
            ],
            [
              -0.616379315289151,
              44.837992436922114
            ],
            [
              -0.616386787418549,
              44.83799793128939
            ],
            [
              -0.616394123641166,
              44.838003517604434
            ],
            [
              -0.616401321722144,
              44.83800919416569
            ],
            [
              -0.616408379468836,
              44.83801495924418
            ],
            [
              -0.61641529473145,
              44.83802081108359
            ],
            [
              -0.616422065403501,
              44.83802674790165
            ],
            [
              -0.616428689422558,
              44.83803276788981
            ],
            [
              -0.616435164770822,
              44.83803886921445
            ],
            [
              -0.616441489475904,
              44.83804505001698
            ],
            [
              -0.616447661611124,
              44.83805130841475
            ],
            [
              -0.61645367929642,
              44.83805764250149
            ],
            [
              -0.61645954069864,
              44.83806405034762
            ],
            [
              -0.616465244032477,
              44.83807053000137
            ],
            [
              -0.616470787560503,
              44.838077079489054
            ],
            [
              -0.616476169594085,
              44.83808369681562
            ],
            [
              -0.616481388493674,
              44.83809037996542
            ],
            [
              -0.616486442669612,
              44.8380971269026
            ],
            [
              -0.616491330582303,
              44.83810393557208
            ],
            [
              -0.616496050742746,
              44.83811080389987
            ],
            [
              -0.616500601713214,
              44.838117729793915
            ],
            [
              -0.616504982107161,
              44.83812471114444
            ],
            [
              -0.616509190590418,
              44.83813174582491
            ],
            [
              -0.616513225880962,
              44.838138831692554
            ],
            [
              -0.616517086749475,
              44.83814596658899
            ],
            [
              -0.616520772020001,
              44.838153148340716
            ],
            [
              -0.616524280569646,
              44.83816037476024
            ],
            [
              -0.616527611329851,
              44.83816764364643
            ],
            [
              -0.616530763285926,
              44.838174952784954
            ],
            [
              -0.61653373547762,
              44.838182299949395
            ],
            [
              -0.616536526999543,
              44.83818968290187
            ],
            [
              -0.616539137001187,
              44.838197099393405
            ],
            [
              -0.616541564687751,
              44.83820454716484
            ],
            [
              -0.616543809319418,
              44.83821202394764
            ],
            [
              -0.616545870212526,
              44.83821952746427
            ],
            [
              -0.616547746739117,
              44.838227055429
            ],
            [
              -0.616549438327627,
              44.83823460554893
            ],
            [
              -0.616550944462634,
              44.83824217552405
            ],
            [
              -0.616552264685334,
              44.83824976304855
            ],
            [
              -0.616553398593424,
              44.83825736581119
            ],
            [
              -0.616554345841414,
              44.838264981496145
            ],
            [
              -0.616555106140912,
              44.83827260778349
            ],
            [
              -0.616555679260059,
              44.83828024235042
            ],
            [
              -0.61655606502417,
              44.83828788287115
            ],
            [
              -0.616556263315688,
              44.83829552701841
            ],
            [
              -0.616556274074335,
              44.8383031724636
            ],
            [
              -0.61655609729654,
              44.838310816878
            ],
            [
              -0.616555733036097,
              44.83831845793307
            ],
            [
              -0.616555181403959,
              44.83832609330113
            ],
            [
              -0.616554442568039,
              44.83833372065639
            ],
            [
              -0.616553516753385,
              44.838341337675466
            ],
            [
              -0.616552404241839,
              44.8383489420383
            ],
            [
              -0.61655110537232,
              44.83835653142837
            ],
            [
              -0.61654962054026,
              44.83836410353392
            ],
            [
              -0.616547950198137,
              44.83837165604834
            ],
            [
              -0.616546094854385,
              44.838379186671055
            ],
            [
              -0.616544055074212,
              44.838386693108326
            ],
            [
              -0.616541831478853,
              44.838394173073446
            ],
            [
              -0.616539424745643,
              44.83840162428795
            ],
            [
              -0.616536835607669,
              44.838409044482134
            ],
            [
              -0.616534064853308,
              44.83841643139581
            ],
            [
              -0.616531113326766,
              44.838423782778676
            ],
            [
              -0.616527981926885,
              44.83843109639153
            ],
            [
              -0.616524671607522,
              44.8384383700065
            ],
            [
              -0.616521183377008,
              44.83844560140798
            ],
            [
              -0.61651751829765,
              44.83845278839328
            ],
            [
              -0.616513677486023,
              44.838459928773005
            ],
            [
              -0.616509662111901,
              44.83846702037221
            ],
            [
              -0.616505473398405,
              44.838474061030745
            ],
            [
              -0.616501112621409,
              44.8384810486038
            ],
            [
              -0.616496581109088,
              44.83848798096298
            ],
            [
              -0.61649188024183,
              44.838494855996586
            ],
            [
              -0.616487011451493,
              44.838501671610324
            ],
            [
              -0.616481976221233,
              44.83850842572817
            ],
            [
              -0.616476776084623,
              44.83851511629263
            ],
            [
              -0.616471412625716,
              44.838521741265865
            ],
            [
              -0.616465887478163,
              44.83852829862949
            ],
            [
              -0.616460202325056,
              44.838534786386376
            ],
            [
              -0.616454358898022,
              44.838541202560194
            ],
            [
              -0.616448358977029,
              44.83854754519629
            ],
            [
              -0.616442204389686,
              44.83855381236275
            ],
            [
              -0.616435897010745,
              44.838560002150594
            ],
            [
              -0.616429438761378,
              44.838566112674194
            ],
            [
              -0.616422831608851,
              44.838572142072245
            ],
            [
              -0.616416077565928,
              44.83857808850817
            ],
            [
              -0.616409178689608,
              44.83858395017055
            ],
            [
              -0.616402137081561,
              44.83858972527366
            ],
            [
              -0.616394954886678,
              44.83859541205865
            ],
            [
              -0.616387634292652,
              44.83860100879306
            ],
            [
              -0.61638017752956,
              44.838606513772056
            ],
            [
              -0.61637258686861,
              44.838611925318816
            ],
            [
              -0.616364864622167,
              44.838617241784824
            ],
            [
              -0.616357013142412,
              44.83862246155054
            ],
            [
              -0.616349034820984,
              44.83862758302621
            ],
            [
              -0.616340932088091,
              44.83863260465139
            ],
            [
              -0.616332707412107,
              44.83863752489668
            ],
            [
              -0.61632436329814,
              44.83864234226324
            ],
            [
              -0.616315902288086,
              44.83864705528366
            ],
            [
              -0.616307326959145,
              44.838651662522196
            ],
            [
              -0.616298639923586,
              44.83865616257549
            ],
            [
              -0.616289843827506,
              44.83866055407269
            ],
            [
              -0.616280941350351,
              44.838664835676134
            ],
            [
              -0.616271935203817,
              44.83866900608159
            ],
            [
              -0.61626282813134,
              44.838673064018664
            ],
            [
              -0.616253622907254,
              44.83867700825113
            ],
            [
              -0.616244322335308,
              44.838680837577726
            ],
            [
              -0.616234929248771,
              44.83868455083188
            ],
            [
              -0.616225446508727,
              44.83868814688242
            ],
            [
              -0.616215877003942,
              44.83869162463392
            ],
            [
              -0.616206223649395,
              44.838694983027196
            ],
            [
              -0.616196489385492,
              44.838698221039
            ],
            [
              -0.616186677177627,
              44.83870133768315
            ],
            [
              -0.616176790014521,
              44.83870433201019
            ],
            [
              -0.616166830908266,
              44.83870720310801
            ],
            [
              -0.616156802892161,
              44.83870995010197
            ],
            [
              -0.616146709021265,
              44.838712572155366
            ],
            [
              -0.616136552370122,
              44.838715068469504
            ],
            [
              -0.616126336032507,
              44.83871743828389
            ],
            [
              -0.616116063120826,
              44.83871968087662
            ],
            [
              -0.616105736763983,
              44.838721795564666
            ],
            [
              -0.616095360107759,
              44.83872378170382
            ],
            [
              -0.616084936313041,
              44.83872563868903
            ],
            [
              -0.616074468555107,
              44.83872736595463
            ],
            [
              -0.616063960022473,
              44.838728962974585
            ],
            [
              -0.616053413916262,
              44.8387304292622
            ],
            [
              -0.616042833449107,
              44.83873176437099
            ],
            [
              -0.616032221843748,
              44.83873296789435
            ],
            [
              -0.616021582333004,
              44.83873403946542
            ],
            [
              -0.616010918157443,
              44.83873497875782
            ],
            [
              -0.616000232565856,
              44.83873578548557
            ],
            [
              -0.615989528813106,
              44.83873645940286
            ],
            [
              -0.615978810159756,
              44.83873700030435
            ],
            [
              -0.615968079870957,
              44.838737408025374
            ]
          ]
        ]
      }
    },
    {
      "type": "Feature",
      "properties": {
        "fid": 294,
        "GID": 265,
        "TERRIT_P": "PT_OUEST",
        "GO_DESCRITION": "amgt general",
        "GPOLE_SUIVI_OPE_AMENAGEMENT_EP_COMMUNES": "Mérignac",
        "GPOLE_SUIVI_OPE_AMENAGEMENT_EP_LIBELLE_PROJET": "MERIG-058 ... OIM Bdx Aéroparc - allée des acacias",
        "GPOLE_SUIVI_OPE_AMENAGEMENT_EP_STATUT_PROJET": "Exécution",
        "GPOLE_SUIVI_OPE_AMENAGEMENT_EP_CHEF_DE_PROJET": "VILLAUME Aline",
        "GPOLE_SUIVI_OPE_AMENAGEMENT_EP_DESCRIPTION_PROJET": "Requalification de l'allée des Acacias avec création d'une voie verte de Kennedy jusqu'à Nicolas Blanc et d'un plateau surélevé en traversée de la rue Nicolas Leblanc",
        "GPOLE_SUIVI_OPE_AMENAGEMENT_EP_TYPE_PROJET": "Amgt EspPublic _ Géné",
        "GPOLE_SUIVI_OPE_AMENAGEMENT_EP_PROG_FIN_PRINC_SAU": "OIM",
        "GPOLE_SUIVI_OPE_AMENAGEMENT_EP_DEBUT_TRAVAUX": 2025,
        "GPOLE_SUIVI_OPE_AMENAGEMENT_EP_FIN_TRAVAUX": 2026
      },
      "geometry": {
        "type": "MultiLineString",
        "coordinates": [
          [
            [
              -0.683567099999943,
              44.835812
            ],
            [
              -0.683549599999986,
              44.835924900000066
            ],
            [
              -0.6835417,
              44.83596650000017
            ],
            [
              -0.683519799999937,
              44.83601550000006
            ],
            [
              -0.683432800000093,
              44.83619510000004
            ],
            [
              -0.683339900000015,
              44.83637660000002
            ],
            [
              -0.683075199999958,
              44.83686760000001
            ],
            [
              -0.682850999999892,
              44.8373253
            ],
            [
              -0.6821563,
              44.83870050000011
            ],
            [
              -0.68196739999991,
              44.83905909999998
            ],
            [
              -0.681827600000021,
              44.839295400000125
            ],
            [
              -0.681529099999978,
              44.83989800000012
            ]
          ]
        ]
      }
    },
    {
      "type": "Feature",
      "properties": {
        "fid": 300,
        "GID": 271,
        "TERRIT_P": "PT_OUEST",
        "GO_DESCRITION": "amgt liaison douce",
        "GPOLE_SUIVI_OPE_AMENAGEMENT_EP_COMMUNES": "Parempuyre",
        "GPOLE_SUIVI_OPE_AMENAGEMENT_EP_LIBELLE_PROJET": "PAREM-051 ... Rue de Macau (Mairie à entrée d'agglo)",
        "GPOLE_SUIVI_OPE_AMENAGEMENT_EP_STATUT_PROJET": "Conception",
        "GPOLE_SUIVI_OPE_AMENAGEMENT_EP_CHEF_DE_PROJET": "GROULT Frederic",
        "GPOLE_SUIVI_OPE_AMENAGEMENT_EP_DESCRIPTION_PROJET": "Dans la continuité du réseau ReVE, il est prévu le réaménagement de la rue de Macau, du centre de la commune à la limite avec Ludon-Médoc. Outre la liaison cyclable, le projet devra prévoir un cheminement piéton et des aménagements pour modérer la vitesse dans la partie en agglomération.\nSur le Codev 6, Bordeaux Métropole s'engage à lancer les préalables, environnementaux et fonciers, à réaliser les études de voirie et d'assainissement au stade AVP et PRO.",
        "GPOLE_SUIVI_OPE_AMENAGEMENT_EP_TYPE_PROJET": "Amgt EspPublic _ Géné",
        "GPOLE_SUIVI_OPE_AMENAGEMENT_EP_PROG_FIN_PRINC_SAU": "CODEV",
        "GPOLE_SUIVI_OPE_AMENAGEMENT_EP_DEBUT_TRAVAUX": 2028,
        "GPOLE_SUIVI_OPE_AMENAGEMENT_EP_FIN_TRAVAUX": 2031
      },
      "geometry": {
        "type": "MultiLineString",
        "coordinates": [
          [
            [
              -0.605483699999949,
              44.9473724
            ],
            [
              -0.6054705,
              44.94752490000007
            ],
            [
              -0.6054792,
              44.94778790000002
            ],
            [
              -0.605574600000067,
              44.948274100000056
            ],
            [
              -0.605743700000029,
              44.94916670000007
            ],
            [
              -0.605851200000046,
              44.9497098
            ],
            [
              -0.606041900000052,
              44.95067430000003
            ],
            [
              -0.606084,
              44.95088160000001
            ],
            [
              -0.606142299999957,
              44.951178100000014
            ],
            [
              -0.606399,
              44.952460800000054
            ],
            [
              -0.606457,
              44.95277090000001
            ],
            [
              -0.60683679999998,
              44.95466190000002
            ],
            [
              -0.606989200000023,
              44.95546260000004
            ],
            [
              -0.60708280000005,
              44.95593559999999
            ],
            [
              -0.607544300000032,
              44.95735119999995
            ],
            [
              -0.60821579999998,
              44.95948249999998
            ],
            [
              -0.608505599999937,
              44.9612529
            ],
            [
              -0.60854740000006,
              44.961527
            ],
            [
              -0.608581899999941,
              44.9616661000001
            ],
            [
              -0.6086333,
              44.96181110000003
            ],
            [
              -0.608669499999967,
              44.96187980000002
            ],
            [
              -0.60877280000006,
              44.962039400000045
            ],
            [
              -0.608882299999989,
              44.96217410000004
            ],
            [
              -0.611019500000052,
              44.964601
            ]
          ]
        ]
      }
    },
    {
      "type": "Feature",
      "properties": {
        "fid": 305,
        "GID": 276,
        "TERRIT_P": "PT_OUEST",
        "GO_DESCRITION": "secur° virage",
        "GPOLE_SUIVI_OPE_AMENAGEMENT_EP_COMMUNES": "Saint-Aubin de Médoc",
        "GPOLE_SUIVI_OPE_AMENAGEMENT_EP_LIBELLE_PROJET": "StAUB-056 Route de Castelnau  Aménagement en faveur des modes actifs entre la route de Ségonnes et le hameau(site 26)",
        "GPOLE_SUIVI_OPE_AMENAGEMENT_EP_STATUT_PROJET": "Conception",
        "GPOLE_SUIVI_OPE_AMENAGEMENT_EP_CHEF_DE_PROJET": "GROULT Frederic",
        "GPOLE_SUIVI_OPE_AMENAGEMENT_EP_DESCRIPTION_PROJET": "Aménagement de sécurité sur la route de Castelnau,  en faveur des modes actifs dans le Hameau de Ségonnes, et traitement d'une discontinuité cyclable entre le hameau et la route de Ségonnes",
        "GPOLE_SUIVI_OPE_AMENAGEMENT_EP_TYPE_PROJET": "Amgt EspPublic _ Géné",
        "GPOLE_SUIVI_OPE_AMENAGEMENT_EP_PROG_FIN_PRINC_SAU": "CODEV",
        "GPOLE_SUIVI_OPE_AMENAGEMENT_EP_DEBUT_TRAVAUX": 2028,
        "GPOLE_SUIVI_OPE_AMENAGEMENT_EP_FIN_TRAVAUX": 2028
      },
      "geometry": {
        "type": "MultiLineString",
        "coordinates": [
          [
            [
              -0.766420096756721,
              44.945335955204825
            ],
            [
              -0.766709908305032,
              44.946365369263745
            ],
            [
              -0.767107800000046,
              44.94730440000006
            ],
            [
              -0.767387,
              44.94803910000001
            ],
            [
              -0.767442199999941,
              44.948214800000045
            ],
            [
              -0.767465500000023,
              44.9483971
            ],
            [
              -0.76749,
              44.94876709999997
            ],
            [
              -0.7675156,
              44.94958980000006
            ],
            [
              -0.767619399999953,
              44.950241
            ],
            [
              -0.767614699999965,
              44.95048069999998
            ],
            [
              -0.767564699999975,
              44.950709
            ],
            [
              -0.767450800000013,
              44.95092260000007
            ],
            [
              -0.767257199999956,
              44.951132
            ],
            [
              -0.767010299999956,
              44.95132339999996
            ],
            [
              -0.766803600000014,
              44.95144580000003
            ],
            [
              -0.766544800000029,
              44.95157960000003
            ],
            [
              -0.766390900000042,
              44.951702199999986
            ],
            [
              -0.766304099999948,
              44.95184319999996
            ],
            [
              -0.766243500000057,
              44.95204949999995
            ],
            [
              -0.766257,
              44.95237720000002
            ],
            [
              -0.7663395,
              44.9528931
            ],
            [
              -0.766356600000052,
              44.95342190000005
            ],
            [
              -0.766372600000023,
              44.95357849999997
            ]
          ]
        ]
      }
    },
    {
      "type": "Feature",
      "properties": {
        "fid": 313,
        "GID": 284,
        "TERRIT_P": "PT_OUEST",
        "GO_DESCRITION": "amgt general",
        "GPOLE_SUIVI_OPE_AMENAGEMENT_EP_COMMUNES": "Saint-Médard-en-Jalles",
        "GPOLE_SUIVI_OPE_AMENAGEMENT_EP_LIBELLE_PROJET": "StMED-054 ... Ch. Maurice Lestage (PH2)",
        "GPOLE_SUIVI_OPE_AMENAGEMENT_EP_STATUT_PROJET": "Conception",
        "GPOLE_SUIVI_OPE_AMENAGEMENT_EP_CHEF_DE_PROJET": "BRUN-ROUDIER Jean",
        "GPOLE_SUIVI_OPE_AMENAGEMENT_EP_DESCRIPTION_PROJET": "Création d'une voie verte dans l'accotement Est, réduction de la largeur de chaussée, reprise des trottoirs, gestion des eaux pluviales.",
        "GPOLE_SUIVI_OPE_AMENAGEMENT_EP_TYPE_PROJET": "Amgt EspPublic _ Géné",
        "GPOLE_SUIVI_OPE_AMENAGEMENT_EP_PROG_FIN_PRINC_SAU": "FIC",
        "GPOLE_SUIVI_OPE_AMENAGEMENT_EP_DEBUT_TRAVAUX": 2027,
        "GPOLE_SUIVI_OPE_AMENAGEMENT_EP_FIN_TRAVAUX": 2027
      },
      "geometry": {
        "type": "MultiLineString",
        "coordinates": [
          [
            [
              -0.696521099999975,
              44.876924
            ],
            [
              -0.69619879999996,
              44.87621460000004
            ],
            [
              -0.696121200000048,
              44.87596770000002
            ],
            [
              -0.696030299999975,
              44.875493
            ],
            [
              -0.696048299999964,
              44.87519660000007
            ],
            [
              -0.696068400000032,
              44.874966200000074
            ],
            [
              -0.6961241,
              44.87456819999997
            ],
            [
              -0.696123499999965,
              44.874445500000014
            ]
          ]
        ]
      }
    },
    {
      "type": "Feature",
      "properties": {
        "fid": 315,
        "GID": 286,
        "TERRIT_P": "PT_OUEST",
        "GO_DESCRITION": "amgt general",
        "GPOLE_SUIVI_OPE_AMENAGEMENT_EP_COMMUNES": "Saint-Médard-en-Jalles",
        "GPOLE_SUIVI_OPE_AMENAGEMENT_EP_LIBELLE_PROJET": "StMED-060 ... Av. Blaise Pascal (Place Issac / Rol Tanguy)",
        "GPOLE_SUIVI_OPE_AMENAGEMENT_EP_STATUT_PROJET": "Conception",
        "GPOLE_SUIVI_OPE_AMENAGEMENT_EP_CHEF_DE_PROJET": "BRUN-ROUDIER Jean",
        "GPOLE_SUIVI_OPE_AMENAGEMENT_EP_DESCRIPTION_PROJET": "Requalification de la voirie entre la rue du Général Niox (place d'Issac) et la rue Rol Tanguy. Création  d'une voie verte, de trottoirs aux normes PMR, de stationnements, d'aménagements de sécurité,  d' un arrêt BEX, etc...",
        "GPOLE_SUIVI_OPE_AMENAGEMENT_EP_TYPE_PROJET": "Amgt EspPublic _ Géné",
        "GPOLE_SUIVI_OPE_AMENAGEMENT_EP_PROG_FIN_PRINC_SAU": "CODEV",
        "GPOLE_SUIVI_OPE_AMENAGEMENT_EP_DEBUT_TRAVAUX": 2027,
        "GPOLE_SUIVI_OPE_AMENAGEMENT_EP_FIN_TRAVAUX": 2028
      },
      "geometry": {
        "type": "MultiLineString",
        "coordinates": [
          [
            [
              -0.761327900000018,
              44.89326670000004
            ],
            [
              -0.761589100000063,
              44.89327290000003
            ],
            [
              -0.761880299999895,
              44.89329350000016
            ],
            [
              -0.762812299999958,
              44.89342010000005
            ],
            [
              -0.762875899999856,
              44.8934293
            ],
            [
              -0.763369399999923,
              44.893505
            ],
            [
              -0.763697376795062,
              44.89356517730226
            ],
            [
              -0.763981844618188,
              44.893619426106255
            ],
            [
              -0.764382923967168,
              44.89370601737547
            ],
            [
              -0.764600782844239,
              44.89375947207723
            ],
            [
              -0.764772126288207,
              44.89380267579126
            ],
            [
              -0.765002821868923,
              44.89386364282536
            ],
            [
              -0.765281741779585,
              44.89393735353917
            ],
            [
              -0.765691689604329,
              44.89404568967487
            ],
            [
              -0.766284757450869,
              44.894202415259024
            ],
            [
              -0.766754105986398,
              44.89432644367595
            ],
            [
              -0.766901698799012,
              44.89435739797214
            ],
            [
              -0.767195919460247,
              44.894410811911236
            ],
            [
              -0.767561261468903,
              44.894472564315016
            ],
            [
              -0.76788024151746,
              44.894520369750936
            ],
            [
              -0.768297478076095,
              44.894569416925115
            ],
            [
              -0.768694889959946,
              44.894623886494365
            ],
            [
              -0.76889388450293,
              44.894651160275146
            ],
            [
              -0.769098413623858,
              44.89469097600539
            ],
            [
              -0.769388603999166,
              44.89475235801925
            ],
            [
              -0.769556625716525,
              44.89479964994837
            ],
            [
              -0.769948350071738,
              44.8949099046717
            ],
            [
              -0.77027273624831,
              44.89500319411286
            ],
            [
              -0.770599510429932,
              44.895097531820305
            ],
            [
              -0.77099033916979,
              44.89521036004913
            ],
            [
              -0.771520012658069,
              44.89536326847867
            ],
            [
              -0.771953621794932,
              44.89548071985755
            ],
            [
              -0.772133114338264,
              44.895525650730946
            ],
            [
              -0.772133114338264,
              44.895525650730946
            ]
          ],
          [
            [
              -0.760427799999968,
              44.89346740000005
            ],
            [
              -0.760513399999966,
              44.89346150000007
            ],
            [
              -0.760602799999966,
              44.8934396
            ],
            [
              -0.760715499999989,
              44.89342170000001
            ],
            [
              -0.760787599999897,
              44.89340440000014
            ],
            [
              -0.760908400000065,
              44.89337370000004
            ],
            [
              -0.761111499999935,
              44.8933092
            ],
            [
              -0.761198800000067,
              44.89329059999997
            ],
            [
              -0.761327900000018,
              44.89326670000004
            ]
          ],
          [
            [
              -0.760427799999968,
              44.89346740000005
            ],
            [
              -0.760475700000015,
              44.89342070000007
            ],
            [
              -0.760554299999935,
              44.89337920000006
            ],
            [
              -0.760634200000068,
              44.89334350000004
            ],
            [
              -0.760710899999909,
              44.89331580000012
            ],
            [
              -0.760811600000049,
              44.89329139999996
            ],
            [
              -0.760980399999919,
              44.89324740000002
            ],
            [
              -0.761167,
              44.8932459000001
            ],
            [
              -0.761327900000018,
              44.89326670000004
            ]
          ],
          [
            [
              -0.7593359,
              44.89407329999999
            ],
            [
              -0.7595145,
              44.89397350000021
            ],
            [
              -0.759975800000048,
              44.89367750000007
            ],
            [
              -0.760217099999912,
              44.89355710000001
            ],
            [
              -0.760427799999968,
              44.89346740000005
            ]
          ]
        ]
      }
    },
    {
      "type": "Feature",
      "properties": {
        "fid": 316,
        "GID": 287,
        "TERRIT_P": "PT_OUEST",
        "GO_DESCRITION": "amgt voie verte",
        "GPOLE_SUIVI_OPE_AMENAGEMENT_EP_COMMUNES": "Bruges",
        "GPOLE_SUIVI_OPE_AMENAGEMENT_EP_LIBELLE_PROJET": "BRUGE-052 ... Liaison Durin-Claudeville",
        "GPOLE_SUIVI_OPE_AMENAGEMENT_EP_STATUT_PROJET": "Exécution",
        "GPOLE_SUIVI_OPE_AMENAGEMENT_EP_CHEF_DE_PROJET": "MARCHAND Anne-Laure",
        "GPOLE_SUIVI_OPE_AMENAGEMENT_EP_DESCRIPTION_PROJET": "Création d'une liaison douce (voie verte) entre les rues Durin et Claudeville.",
        "GPOLE_SUIVI_OPE_AMENAGEMENT_EP_TYPE_PROJET": "Amgt EspPublic _ Géné",
        "GPOLE_SUIVI_OPE_AMENAGEMENT_EP_PROG_FIN_PRINC_SAU": "CODEV",
        "GPOLE_SUIVI_OPE_AMENAGEMENT_EP_DEBUT_TRAVAUX": 2024,
        "GPOLE_SUIVI_OPE_AMENAGEMENT_EP_FIN_TRAVAUX": 2025
      },
      "geometry": {
        "type": "MultiLineString",
        "coordinates": [
          [
            [
              -0.579281532776452,
              44.873788589071644
            ],
            [
              -0.579031769425218,
              44.8715134169061
            ]
          ]
        ]
      }
    },
    {
      "type": "Feature",
      "properties": {
        "fid": 320,
        "GID": 291,
        "TERRIT_P": "PT_OUEST",
        "GO_DESCRITION": "amgt general",
        "GPOLE_SUIVI_OPE_AMENAGEMENT_EP_COMMUNES": "Le Haillan,Eysines",
        "GPOLE_SUIVI_OPE_AMENAGEMENT_EP_LIBELLE_PROJET": "EYSIN-052 ... Avenue Jean Mermoz",
        "GPOLE_SUIVI_OPE_AMENAGEMENT_EP_STATUT_PROJET": "Conception",
        "GPOLE_SUIVI_OPE_AMENAGEMENT_EP_CHEF_DE_PROJET": "LEFEVRE Coralie",
        "GPOLE_SUIVI_OPE_AMENAGEMENT_EP_DESCRIPTION_PROJET": "Travaux d'assainissement démarrés en septembre 2024 pour 9 mois préalablement aux travaux d'aménagement de voirie. Les travaux de voirie sont programmés pour fin 2025 , une fois l'enfouissement des secs réalisés",
        "GPOLE_SUIVI_OPE_AMENAGEMENT_EP_TYPE_PROJET": "Amgt EspPublic _ Géné",
        "GPOLE_SUIVI_OPE_AMENAGEMENT_EP_PROG_FIN_PRINC_SAU": "CODEV",
        "GPOLE_SUIVI_OPE_AMENAGEMENT_EP_DEBUT_TRAVAUX": 2026,
        "GPOLE_SUIVI_OPE_AMENAGEMENT_EP_FIN_TRAVAUX": 2027
      },
      "geometry": {
        "type": "MultiLineString",
        "coordinates": [
          [
            [
              -0.664607224179808,
              44.8648852509415
            ],
            [
              -0.664657683008746,
              44.86474660762485
            ],
            [
              -0.664821799787358,
              44.86453088660634
            ],
            [
              -0.665053575177012,
              44.86424380208264
            ],
            [
              -0.665407985669119,
              44.863811785920916
            ],
            [
              -0.665701679161935,
              44.86345280046152
            ],
            [
              -0.665785979135719,
              44.86335036210755
            ],
            [
              -0.665866739174076,
              44.863226146997526
            ],
            [
              -0.665906982786636,
              44.86311215482719
            ],
            [
              -0.6659359699848,
              44.862976544334394
            ],
            [
              -0.665950008378913,
              44.86281105651178
            ],
            [
              -0.666010549510453,
              44.86201707934132
            ],
            [
              -0.666149623252958,
              44.86065411816081
            ],
            [
              -0.666202557618908,
              44.860140640169966
            ],
            [
              -0.666241515366794,
              44.85963842240165
            ],
            [
              -0.66624783706017,
              44.85944525654159
            ],
            [
              -0.666264061168314,
              44.85902962191302
            ],
            [
              -0.666279652775628,
              44.85891840520035
            ],
            [
              -0.666324700554371,
              44.85869093090882
            ],
            [
              -0.666374402589825,
              44.858506727713944
            ],
            [
              -0.666405939394911,
              44.85843310344308
            ],
            [
              -0.666427493450291,
              44.858395654544225
            ]
          ]
        ]
      }
    },
    {
      "type": "Feature",
      "properties": {
        "fid": 328,
        "GID": 299,
        "TERRIT_P": "PT_OUEST",
        "GO_DESCRITION": "sens unique",
        "GPOLE_SUIVI_OPE_AMENAGEMENT_EP_COMMUNES": "Parempuyre",
        "GPOLE_SUIVI_OPE_AMENAGEMENT_EP_LIBELLE_PROJET": "PAREM-022 ... Rue du Général de Gaulle (entre rue Macau et gir. 14 juillet)",
        "GPOLE_SUIVI_OPE_AMENAGEMENT_EP_STATUT_PROJET": "Conception",
        "GPOLE_SUIVI_OPE_AMENAGEMENT_EP_CHEF_DE_PROJET": "GOURAUD Simon",
        "GPOLE_SUIVI_OPE_AMENAGEMENT_EP_DESCRIPTION_PROJET": "Réaménagement général de la rue du Général de Gaulle",
        "GPOLE_SUIVI_OPE_AMENAGEMENT_EP_TYPE_PROJET": "Amgt EspPublic _ Géné",
        "GPOLE_SUIVI_OPE_AMENAGEMENT_EP_PROG_FIN_PRINC_SAU": "CODEV",
        "GPOLE_SUIVI_OPE_AMENAGEMENT_EP_DEBUT_TRAVAUX": 2028,
        "GPOLE_SUIVI_OPE_AMENAGEMENT_EP_FIN_TRAVAUX": 2028
      },
      "geometry": {
        "type": "MultiLineString",
        "coordinates": [
          [
            [
              -0.606040466729409,
              44.95072569914367
            ],
            [
              -0.605917256002305,
              44.950731495274304
            ],
            [
              -0.605866987269604,
              44.950728307007225
            ],
            [
              -0.605817703542549,
              44.95071483186291
            ],
            [
              -0.605776780886921,
              44.95068956285747
            ],
            [
              -0.604908419653982,
              44.950145620378926
            ],
            [
              -0.604683119935805,
              44.950001857433215
            ],
            [
              -0.60391373757292,
              44.94953010182241
            ],
            [
              -0.60381101791284,
              44.94946785957454
            ],
            [
              -0.603724649487881,
              44.94943374616555
            ],
            [
              -0.603284522364484,
              44.94928478913865
            ],
            [
              -0.602778510329013,
              44.94908440423904
            ],
            [
              -0.60218975861981,
              44.948846995541714
            ],
            [
              -0.601692723079705,
              44.948643980378534
            ],
            [
              -0.601523125840056,
              44.94858528990885
            ],
            [
              -0.600768656010284,
              44.94825573114927
            ],
            [
              -0.600699122540651,
              44.94819667206891
            ],
            [
              -0.600662532723673,
              44.94812080854455
            ]
          ]
        ]
      }
    },
    {
      "type": "Feature",
      "properties": {
        "fid": 329,
        "GID": 300,
        "TERRIT_P": "PT_OUEST",
        "GO_DESCRITION": "amgt general",
        "GPOLE_SUIVI_OPE_AMENAGEMENT_EP_COMMUNES": "Eysines",
        "GPOLE_SUIVI_OPE_AMENAGEMENT_EP_LIBELLE_PROJET": "EYSIN-063 ... Centre bourg",
        "GPOLE_SUIVI_OPE_AMENAGEMENT_EP_STATUT_PROJET": "Conception",
        "GPOLE_SUIVI_OPE_AMENAGEMENT_EP_CHEF_DE_PROJET": "HARO Stéphanie",
        "GPOLE_SUIVI_OPE_AMENAGEMENT_EP_DESCRIPTION_PROJET": null,
        "GPOLE_SUIVI_OPE_AMENAGEMENT_EP_TYPE_PROJET": "Amgt EspPublic _ Géné",
        "GPOLE_SUIVI_OPE_AMENAGEMENT_EP_PROG_FIN_PRINC_SAU": "FIC",
        "GPOLE_SUIVI_OPE_AMENAGEMENT_EP_DEBUT_TRAVAUX": null,
        "GPOLE_SUIVI_OPE_AMENAGEMENT_EP_FIN_TRAVAUX": null
      },
      "geometry": {
        "type": "MultiLineString",
        "coordinates": [
          [
            [
              -0.652198169722519,
              44.88242242211303
            ],
            [
              -0.65209332168012,
              44.88264134154278
            ],
            [
              -0.651441823531898,
              44.88307512649091
            ],
            [
              -0.650759210510351,
              44.88325431888234
            ],
            [
              -0.650001438308867,
              44.88319995152113
            ],
            [
              -0.649482384277434,
              44.882944868535944
            ],
            [
              -0.649271405926864,
              44.88247255006869
            ],
            [
              -0.649267196707134,
              44.88166463327478
            ],
            [
              -0.649741192016385,
              44.88099880832105
            ],
            [
              -0.650036952075803,
              44.88074621506824
            ],
            [
              -0.651266276826519,
              44.88075499911013
            ],
            [
              -0.652162235568198,
              44.880983385645465
            ],
            [
              -0.652690525560145,
              44.881338384794724
            ]
          ],
          [
            [
              -0.654941268092657,
              44.88325444107676
            ],
            [
              -0.654689861005698,
              44.883290164594534
            ],
            [
              -0.653720299772523,
              44.88290733581655
            ],
            [
              -0.652857824708222,
              44.88264637167447
            ],
            [
              -0.652270920538705,
              44.88231305523119
            ],
            [
              -0.652740516710379,
              44.88123094845636
            ],
            [
              -0.654163188143683,
              44.88179806317561
            ],
            [
              -0.655005468897357,
              44.88316018492278
            ]
          ],
          [
            [
              -0.650849378457027,
              44.88955364151649
            ],
            [
              -0.650526439826616,
              44.889575609546235
            ],
            [
              -0.649864895894687,
              44.889453800809505
            ],
            [
              -0.649276507977633,
              44.88905792853732
            ],
            [
              -0.648915474413137,
              44.88844025772619
            ],
            [
              -0.648886975745549,
              44.88799069412705
            ],
            [
              -0.648971353414658,
              44.88738721668974
            ],
            [
              -0.649564727923192,
              44.886782009576436
            ],
            [
              -0.650164821135028,
              44.886569718309396
            ],
            [
              -0.65099154495724,
              44.886600424499626
            ],
            [
              -0.65174241541033,
              44.886862370590755
            ],
            [
              -0.6520815402623,
              44.887137422137876
            ],
            [
              -0.652322417239878,
              44.88760171991661
            ],
            [
              -0.652348252944912,
              44.88810016784653
            ],
            [
              -0.65226029149897,
              44.88868342769507
            ],
            [
              -0.651897323808667,
              44.8891455427663
            ],
            [
              -0.65162434885773,
              44.88932954177373
            ],
            [
              -0.651030730923794,
              44.88949993609834
            ]
          ]
        ]
      }
    },
    {
      "type": "Feature",
      "properties": {
        "fid": 331,
        "GID": 302,
        "TERRIT_P": "PT_OUEST",
        "GO_DESCRITION": "amgt general",
        "GPOLE_SUIVI_OPE_AMENAGEMENT_EP_COMMUNES": "Saint-Médard-en-Jalles",
        "GPOLE_SUIVI_OPE_AMENAGEMENT_EP_LIBELLE_PROJET": "StMED-063 ... Lotissement des Sablons",
        "GPOLE_SUIVI_OPE_AMENAGEMENT_EP_STATUT_PROJET": "Conception",
        "GPOLE_SUIVI_OPE_AMENAGEMENT_EP_CHEF_DE_PROJET": "BRUN-ROUDIER Jean",
        "GPOLE_SUIVI_OPE_AMENAGEMENT_EP_DESCRIPTION_PROJET": "Réaménagement des espaces publics du quartier (rue, parkings, venelles, placettes de cœur d'îlots).\nRenouvellement complet des réseaux EP/EU.\nDélégation de MOA ville -> BM.",
        "GPOLE_SUIVI_OPE_AMENAGEMENT_EP_TYPE_PROJET": "Amgt EspPublic _ Géné",
        "GPOLE_SUIVI_OPE_AMENAGEMENT_EP_PROG_FIN_PRINC_SAU": "FIC",
        "GPOLE_SUIVI_OPE_AMENAGEMENT_EP_DEBUT_TRAVAUX": 2027,
        "GPOLE_SUIVI_OPE_AMENAGEMENT_EP_FIN_TRAVAUX": 2028
      },
      "geometry": {
        "type": "MultiLineString",
        "coordinates": [
          [
            [
              -0.727633377426051,
              44.86222339025297
            ],
            [
              -0.728380717398135,
              44.862152536447
            ]
          ],
          [
            [
              -0.727502858170742,
              44.861450808071865
            ],
            [
              -0.727753624250134,
              44.861427321295096
            ]
          ],
          [
            [
              -0.727633377426051,
              44.86222339025297
            ],
            [
              -0.727633429888442,
              44.86222367184985
            ]
          ],
          [
            [
              -0.726714111671753,
              44.86231035494255
            ],
            [
              -0.727627349772614,
              44.8622239617021
            ],
            [
              -0.727633377426051,
              44.86222339025297
            ]
          ],
          [
            [
              -0.726754001096145,
              44.86144665927898
            ],
            [
              -0.727364607535341,
              44.86138802567139
            ],
            [
              -0.727440234316706,
              44.86138554959213
            ],
            [
              -0.727475780408495,
              44.861414330726625
            ],
            [
              -0.727491479597755,
              44.86146172864584
            ],
            [
              -0.727633377426051,
              44.86222339025297
            ]
          ],
          [
            [
              -0.727260882693498,
              44.863948720327166
            ],
            [
              -0.727100332643729,
              44.86309455643035
            ],
            [
              -0.727055802271938,
              44.863057085790565
            ],
            [
              -0.726868083533191,
              44.86308419239902
            ],
            [
              -0.726848569589517,
              44.86304290827058
            ],
            [
              -0.726782440068237,
              44.86268262391658
            ]
          ],
          [
            [
              -0.727258502070226,
              44.86395419923329
            ],
            [
              -0.72682192956105,
              44.86398074290427
            ],
            [
              -0.726781196754058,
              44.863752015783035
            ]
          ],
          [
            [
              -0.726782440068237,
              44.86268262391658
            ],
            [
              -0.727076220744605,
              44.86265469939332
            ]
          ],
          [
            [
              -0.726559080042648,
              44.861465688562255
            ],
            [
              -0.726510386947803,
              44.861200386427235
            ],
            [
              -0.726530234112788,
              44.861181769801746
            ],
            [
              -0.726688923260047,
              44.861161602811244
            ],
            [
              -0.726702881327336,
              44.86118210736066
            ],
            [
              -0.726749502536766,
              44.861447091241445
            ],
            [
              -0.726754001096145,
              44.86144665927898
            ]
          ],
          [
            [
              -0.726559080042648,
              44.861465688562255
            ],
            [
              -0.726754116123147,
              44.861447342196406
            ],
            [
              -0.726754001096145,
              44.86144665927898
            ]
          ],
          [
            [
              -0.726779861075148,
              44.86268286905232
            ],
            [
              -0.726782440068237,
              44.86268262391658
            ]
          ],
          [
            [
              -0.726782440068237,
              44.86268262391658
            ],
            [
              -0.726714111671753,
              44.86231035494255
            ]
          ],
          [
            [
              -0.726714111671753,
              44.86231035494255
            ],
            [
              -0.726559080042648,
              44.861465688562255
            ]
          ]
        ]
      }
    },
    {
      "type": "Feature",
      "properties": {
        "fid": 334,
        "GID": 738,
        "TERRIT_P": "PT_OUEST",
        "GO_DESCRITION": "amgt general",
        "GPOLE_SUIVI_OPE_AMENAGEMENT_EP_COMMUNES": "Blanquefort",
        "GPOLE_SUIVI_OPE_AMENAGEMENT_EP_LIBELLE_PROJET": "BLANQ-074 - AXTOM",
        "GPOLE_SUIVI_OPE_AMENAGEMENT_EP_STATUT_PROJET": "Conception",
        "GPOLE_SUIVI_OPE_AMENAGEMENT_EP_CHEF_DE_PROJET": "GUIRAUD Sebastien",
        "GPOLE_SUIVI_OPE_AMENAGEMENT_EP_DESCRIPTION_PROJET": "Réaménagement de l'ex site Ford implanté dans la zone Ecoparc de Blanquefort. Porteur de projet privé (groupe Axtom). \n50ha (20ha d'espaces verts et 25ha de locaux industriels, commerces, services, ...)\nRétrocession des futurs corridors et équipements à BM (voiries, cheminements doux, aménagements paysagers, réseaux, ...).\nGouvernance projet : COPIL / COTEC / GTthématique / COPAR\n2500 emplois prévus et 2500 arbres plantés. 120.000 m² de panneaux photovoltaïque (5 000 Foyers couverts - 20 000 personnes)",
        "GPOLE_SUIVI_OPE_AMENAGEMENT_EP_TYPE_PROJET": "Amgt EspPublic _ Géné",
        "GPOLE_SUIVI_OPE_AMENAGEMENT_EP_PROG_FIN_PRINC_SAU": "Autres",
        "GPOLE_SUIVI_OPE_AMENAGEMENT_EP_DEBUT_TRAVAUX": 2026,
        "GPOLE_SUIVI_OPE_AMENAGEMENT_EP_FIN_TRAVAUX": 2029
      },
      "geometry": {
        "type": "MultiLineString",
        "coordinates": [
          [
            [
              -0.606315526710369,
              44.91768438439053
            ],
            [
              -0.606050709388485,
              44.917402936363125
            ],
            [
              -0.604933460471464,
              44.91414869361971
            ],
            [
              -0.604979739279764,
              44.91390193810366
            ],
            [
              -0.605120844870202,
              44.91356595469459
            ],
            [
              -0.605289582361623,
              44.9131939151408
            ],
            [
              -0.605376208423186,
              44.912874898708175
            ],
            [
              -0.60535042598063,
              44.912603038091454
            ],
            [
              -0.605348708816388,
              44.91228834805844
            ],
            [
              -0.605501193537762,
              44.91218281248521
            ],
            [
              -0.605485143440356,
              44.911926678413714
            ],
            [
              -0.605755309195797,
              44.91186020758098
            ],
            [
              -0.606119259239284,
              44.91157286123154
            ],
            [
              -0.606416889753018,
              44.91138841370453
            ],
            [
              -0.606863209654077,
              44.91123213871408
            ],
            [
              -0.609724703940071,
              44.91048546351256
            ],
            [
              -0.610268831967301,
              44.91035075857388
            ],
            [
              -0.610322708450298,
              44.910407334407736
            ],
            [
              -0.610399486818517,
              44.910447059970465
            ],
            [
              -0.610585570219256,
              44.91045900004038
            ],
            [
              -0.610630495431126,
              44.910447667543906
            ],
            [
              -0.610739959528849,
              44.91057797025318
            ],
            [
              -0.611979289387765,
              44.911249167043515
            ],
            [
              -0.612259021999194,
              44.91134533508166
            ],
            [
              -0.613754905911726,
              44.91153165859093
            ],
            [
              -0.614659768838514,
              44.91161746182531
            ],
            [
              -0.614760873843372,
              44.911654881525635
            ],
            [
              -0.614832051711796,
              44.91175874003005
            ],
            [
              -0.61492822404813,
              44.91184072643127
            ],
            [
              -0.615111736082559,
              44.91182778817728
            ],
            [
              -0.6151832999452,
              44.91173399459281
            ],
            [
              -0.615442303247785,
              44.91168776265955
            ],
            [
              -0.616097844463475,
              44.911663718763094
            ],
            [
              -0.615731917813306,
              44.913569739145395
            ],
            [
              -0.615355718355497,
              44.91461881770063
            ],
            [
              -0.614294803639265,
              44.914506152232704
            ],
            [
              -0.613416517331349,
              44.918940776093486
            ],
            [
              -0.612697820431634,
              44.91866912042749
            ],
            [
              -0.612171620639849,
              44.918523112336594
            ],
            [
              -0.61186542357423,
              44.91847246231198
            ],
            [
              -0.609455962196427,
              44.918179765218845
            ],
            [
              -0.606774563634853,
              44.91791603185715
            ],
            [
              -0.606780152126971,
              44.917812243382365
            ],
            [
              -0.606715521705271,
              44.91771907280274
            ],
            [
              -0.606680633515399,
              44.91769444068958
            ],
            [
              -0.606549094357752,
              44.91764911282368
            ],
            [
              -0.606451152666016,
              44.917646456104755
            ],
            [
              -0.606315526710369,
              44.91768438439053
            ]
          ]
        ]
      }
    },
    {
      "type": "Feature",
      "properties": {
        "fid": 335,
        "GID": 407,
        "TERRIT_P": "PT_OUEST",
        "GO_DESCRITION": "amgt voie verte",
        "GPOLE_SUIVI_OPE_AMENAGEMENT_EP_COMMUNES": "Martignas-sur-Jalle",
        "GPOLE_SUIVI_OPE_AMENAGEMENT_EP_LIBELLE_PROJET": "MARTI-059 ... Av. Verdun (Gir DeGaulle à Marne)",
        "GPOLE_SUIVI_OPE_AMENAGEMENT_EP_STATUT_PROJET": "Conception",
        "GPOLE_SUIVI_OPE_AMENAGEMENT_EP_CHEF_DE_PROJET": "PIAGUET Emilie",
        "GPOLE_SUIVI_OPE_AMENAGEMENT_EP_DESCRIPTION_PROJET": "Création d'une voie verte",
        "GPOLE_SUIVI_OPE_AMENAGEMENT_EP_TYPE_PROJET": "Amgt EspPublic _ Géné",
        "GPOLE_SUIVI_OPE_AMENAGEMENT_EP_PROG_FIN_PRINC_SAU": "FIC",
        "GPOLE_SUIVI_OPE_AMENAGEMENT_EP_DEBUT_TRAVAUX": 2027,
        "GPOLE_SUIVI_OPE_AMENAGEMENT_EP_FIN_TRAVAUX": 2027
      },
      "geometry": {
        "type": "MultiLineString",
        "coordinates": [
          [
            [
              -0.775667900350813,
              44.84053779285257
            ],
            [
              -0.775828254169516,
              44.84061769862046
            ],
            [
              -0.775912355662231,
              44.84065860230038
            ],
            [
              -0.775955385903978,
              44.84069303075745
            ],
            [
              -0.775979559726137,
              44.840723760494164
            ],
            [
              -0.776104150676319,
              44.84091872744435
            ],
            [
              -0.776151596553521,
              44.84097994650912
            ],
            [
              -0.776522671746079,
              44.84135556471627
            ],
            [
              -0.776664807810125,
              44.84149940789571
            ],
            [
              -0.77673086152481,
              44.841531540495026
            ],
            [
              -0.776824960086957,
              44.84161094099957
            ],
            [
              -0.776832202606909,
              44.84163707857623
            ],
            [
              -0.776836239722756,
              44.84165164813877
            ],
            [
              -0.776888277694058,
              44.841717219086725
            ],
            [
              -0.776898174001601,
              44.841727425269006
            ],
            [
              -0.7769196661469,
              44.84174959036438
            ],
            [
              -0.776991873768373,
              44.84182405875537
            ],
            [
              -0.777020644267918,
              44.841853729972456
            ],
            [
              -0.777093952086269,
              44.841929332665785
            ],
            [
              -0.77709511954276,
              44.841930536667
            ],
            [
              -0.77726253155385,
              44.842085162031495
            ],
            [
              -0.777320564940338,
              44.842135939077906
            ],
            [
              -0.777427527308082,
              44.84221644372158
            ],
            [
              -0.777489100137545,
              44.842243949826475
            ],
            [
              -0.777492491463249,
              44.8422454588977
            ]
          ]
        ]
      }
    },
    {
      "type": "Feature",
      "properties": {
        "fid": 344,
        "GID": 336,
        "TERRIT_P": "PT_OUEST",
        "GO_DESCRITION": "amgt general",
        "GPOLE_SUIVI_OPE_AMENAGEMENT_EP_COMMUNES": "Le Haillan",
        "GPOLE_SUIVI_OPE_AMENAGEMENT_EP_LIBELLE_PROJET": "HAILL-062 ... Rue Los Heros (Ecoliers à Pasteur)",
        "GPOLE_SUIVI_OPE_AMENAGEMENT_EP_STATUT_PROJET": "Conception",
        "GPOLE_SUIVI_OPE_AMENAGEMENT_EP_CHEF_DE_PROJET": "LEFEVRE Coralie",
        "GPOLE_SUIVI_OPE_AMENAGEMENT_EP_DESCRIPTION_PROJET": "Réaménagement de la rue de Los Heros entre le chemin des écoliers et l'avenue Pasteur lié à l'arrivée de la ZAC et ses nouveaux espaces publics et l'arrivée du BHNS\n. arrivée des premiers espaces publics de la ZAC en 2023, déboucher de la venelle en 2024\n. à noter premiers ilots en travaux en 2022\n. mise en service BHNS en 2024",
        "GPOLE_SUIVI_OPE_AMENAGEMENT_EP_TYPE_PROJET": "Amgt EspPublic _ Géné",
        "GPOLE_SUIVI_OPE_AMENAGEMENT_EP_PROG_FIN_PRINC_SAU": "FIC",
        "GPOLE_SUIVI_OPE_AMENAGEMENT_EP_DEBUT_TRAVAUX": null,
        "GPOLE_SUIVI_OPE_AMENAGEMENT_EP_FIN_TRAVAUX": null
      },
      "geometry": {
        "type": "MultiLineString",
        "coordinates": [
          [
            [
              -0.671776696599853,
              44.868770982007234
            ],
            [
              -0.671876199550613,
              44.869161265703504
            ],
            [
              -0.671900397110666,
              44.86920300562363
            ],
            [
              -0.671983681595055,
              44.86934490667602
            ],
            [
              -0.672146549997135,
              44.8695567597556
            ],
            [
              -0.672305280822435,
              44.8697374864859
            ],
            [
              -0.672494204726198,
              44.86991687886867
            ],
            [
              -0.672626742830649,
              44.87003052568811
            ],
            [
              -0.672932925412949,
              44.87025676321911
            ],
            [
              -0.673075175826119,
              44.87037766344445
            ],
            [
              -0.673243639994379,
              44.87056393058392
            ],
            [
              -0.673344826618035,
              44.87068849740689
            ],
            [
              -0.6734900791604,
              44.87090010632816
            ],
            [
              -0.673581136218701,
              44.87106842089036
            ],
            [
              -0.673760656161477,
              44.87143981638528
            ],
            [
              -0.673921126908696,
              44.871772729231765
            ],
            [
              -0.674031242220236,
              44.87194385183741
            ],
            [
              -0.674127968076264,
              44.87206594952771
            ],
            [
              -0.67422350148936,
              44.872165384116485
            ],
            [
              -0.67433356541639,
              44.87235891744192
            ],
            [
              -0.674611385509809,
              44.87244672608281
            ],
            [
              -0.674730921971104,
              44.872513315313626
            ],
            [
              -0.674990125868826,
              44.87271376810604
            ],
            [
              -0.675213398111358,
              44.87290303837109
            ],
            [
              -0.675375831970964,
              44.87307796645368
            ],
            [
              -0.675480054990772,
              44.8732162166905
            ]
          ]
        ]
      }
    },
    {
      "type": "Feature",
      "properties": {
        "fid": 350,
        "GID": 343,
        "TERRIT_P": "PT_OUEST",
        "GO_DESCRITION": "amgt carrefour",
        "GPOLE_SUIVI_OPE_AMENAGEMENT_EP_COMMUNES": "Eysines",
        "GPOLE_SUIVI_OPE_AMENAGEMENT_EP_LIBELLE_PROJET": "EYSIN-061 ... Carrefour Cantinolle",
        "GPOLE_SUIVI_OPE_AMENAGEMENT_EP_STATUT_PROJET": "Exécution",
        "GPOLE_SUIVI_OPE_AMENAGEMENT_EP_CHEF_DE_PROJET": "FALGERE Eric",
        "GPOLE_SUIVI_OPE_AMENAGEMENT_EP_DESCRIPTION_PROJET": "Requalification du carrefour de Cantinolle. Marché travaux commun avec la 2ième phase de l'avenue de Soulac.",
        "GPOLE_SUIVI_OPE_AMENAGEMENT_EP_TYPE_PROJET": "Amgt EspPublic _ Géné",
        "GPOLE_SUIVI_OPE_AMENAGEMENT_EP_PROG_FIN_PRINC_SAU": "CODEV",
        "GPOLE_SUIVI_OPE_AMENAGEMENT_EP_DEBUT_TRAVAUX": 2025,
        "GPOLE_SUIVI_OPE_AMENAGEMENT_EP_FIN_TRAVAUX": 2026
      },
      "geometry": {
        "type": "MultiLineString",
        "coordinates": [
          [
            [
              -0.665101630742684,
              44.892688753773214
            ],
            [
              -0.665365637141411,
              44.8927476525767
            ],
            [
              -0.665632010158449,
              44.89283710815727
            ],
            [
              -0.666104965902411,
              44.89294860544644
            ],
            [
              -0.666834698579382,
              44.89310443542875
            ],
            [
              -0.667313986331812,
              44.89323604684318
            ],
            [
              -0.667735136115055,
              44.89340539178977
            ],
            [
              -0.667918597869432,
              44.89346045256979
            ],
            [
              -0.668289757912622,
              44.89374258249121
            ],
            [
              -0.668493931770833,
              44.893990639149585
            ],
            [
              -0.668751576763086,
              44.894285986850456
            ],
            [
              -0.668989550340515,
              44.89453654034601
            ],
            [
              -0.669061957484362,
              44.8948808898565
            ],
            [
              -0.669271625396703,
              44.89485025382974
            ],
            [
              -0.669465462848519,
              44.89485235185678
            ],
            [
              -0.66951914056046,
              44.89461272727648
            ],
            [
              -0.669596227532655,
              44.894028057842355
            ],
            [
              -0.669613781991525,
              44.89398684696679
            ],
            [
              -0.669440883838197,
              44.89372822100812
            ],
            [
              -0.669283315606633,
              44.8934989877232
            ],
            [
              -0.669385786556799,
              44.8934179823333
            ],
            [
              -0.669548378869537,
              44.8933039583349
            ],
            [
              -0.669833808980551,
              44.89311185859337
            ],
            [
              -0.669986476698351,
              44.89302684445089
            ],
            [
              -0.669670935966899,
              44.892693914714556
            ],
            [
              -0.669336380264696,
              44.89297049991255
            ],
            [
              -0.669133007081513,
              44.89304609826023
            ],
            [
              -0.668864090409405,
              44.89311222770971
            ],
            [
              -0.668685742028161,
              44.89310656673859
            ],
            [
              -0.668541035269071,
              44.8931039661764
            ],
            [
              -0.668368854742974,
              44.89303913573689
            ],
            [
              -0.66823028137616,
              44.89288855298707
            ],
            [
              -0.667965635579907,
              44.89290544321271
            ],
            [
              -0.667423254832869,
              44.89291775444965
            ],
            [
              -0.667082306854444,
              44.892872914994584
            ],
            [
              -0.666787556235789,
              44.89280664149064
            ],
            [
              -0.66660191921283,
              44.89277017851124
            ],
            [
              -0.666224771265039,
              44.89269744051437
            ],
            [
              -0.665559502465148,
              44.89256344144407
            ],
            [
              -0.665441140446857,
              44.89242007943964
            ],
            [
              -0.665192945553794,
              44.89240607989077
            ],
            [
              -0.665101630742684,
              44.892688753773214
            ]
          ]
        ]
      }
    },
    {
      "type": "Feature",
      "properties": {
        "fid": 351,
        "GID": 1365,
        "TERRIT_P": "PT_OUEST",
        "GO_DESCRITION": "amgt général + piétonnisat° cv",
        "GPOLE_SUIVI_OPE_AMENAGEMENT_EP_COMMUNES": "Mérignac",
        "GPOLE_SUIVI_OPE_AMENAGEMENT_EP_LIBELLE_PROJET": "MERIG-106 ... Rue Aimé Césaire et piétonnisation centre-ville",
        "GPOLE_SUIVI_OPE_AMENAGEMENT_EP_STATUT_PROJET": "Conception",
        "GPOLE_SUIVI_OPE_AMENAGEMENT_EP_CHEF_DE_PROJET": "DEFOUG Anne Helene",
        "GPOLE_SUIVI_OPE_AMENAGEMENT_EP_DESCRIPTION_PROJET": "Projet d'inversion du sens de la rue Aimé Césaire, pour la passer en sens sud > nord, avec un double sens sur 30m au sud (côté avenue de l'Yser). Projet dans le cadre du projet de piétonnisation du centre-ville, ainsi que de la démolition partielle et restructuration de l'école Jules Ferry, ce qui va libérer de l'espace public sur la rue Aimé Césaire.",
        "GPOLE_SUIVI_OPE_AMENAGEMENT_EP_TYPE_PROJET": "Amgt EspPublic _ Géné",
        "GPOLE_SUIVI_OPE_AMENAGEMENT_EP_PROG_FIN_PRINC_SAU": "FIC",
        "GPOLE_SUIVI_OPE_AMENAGEMENT_EP_DEBUT_TRAVAUX": 2029,
        "GPOLE_SUIVI_OPE_AMENAGEMENT_EP_FIN_TRAVAUX": 2029
      },
      "geometry": {
        "type": "MultiLineString",
        "coordinates": [
          [
            [
              -0.650786754218646,
              44.84140646711903
            ],
            [
              -0.648701607854045,
              44.84183197005662
            ],
            [
              -0.648645053484097,
              44.84210634558981
            ],
            [
              -0.648639238371606,
              44.8421471771607
            ],
            [
              -0.648542976056802,
              44.8421395039681
            ],
            [
              -0.648467465526589,
              44.8426452087901
            ],
            [
              -0.648356948263199,
              44.843049226784665
            ],
            [
              -0.648273224377211,
              44.84310690116939
            ],
            [
              -0.64798088870813,
              44.84342643283278
            ],
            [
              -0.647519053232338,
              44.843429935522124
            ],
            [
              -0.646852667347899,
              44.843255236740255
            ],
            [
              -0.646183777894739,
              44.8430674643184
            ],
            [
              -0.646050034019253,
              44.84302512648683
            ],
            [
              -0.646252114709325,
              44.84274011333174
            ],
            [
              -0.646431140965605,
              44.84238291626118
            ],
            [
              -0.646477691449039,
              44.84202996323413
            ],
            [
              -0.64646740538553,
              44.84189401186371
            ],
            [
              -0.646342321611568,
              44.841776083799715
            ],
            [
              -0.646545087638632,
              44.84174089653357
            ],
            [
              -0.646943805956824,
              44.841722143414245
            ],
            [
              -0.647458983352666,
              44.841711611113624
            ],
            [
              -0.648022638581474,
              44.84169713162822
            ],
            [
              -0.648522677309391,
              44.841633284554426
            ],
            [
              -0.649275737700212,
              44.84147883632923
            ],
            [
              -0.649273345795676,
              44.841365636970586
            ],
            [
              -0.649660498603088,
              44.84127654088216
            ],
            [
              -0.650129402833396,
              44.84123067998717
            ],
            [
              -0.650609411202537,
              44.84118487070319
            ],
            [
              -0.650784458626466,
              44.84140669002879
            ]
          ]
        ]
      }
    },
    {
      "type": "Feature",
      "properties": {
        "fid": 354,
        "GID": 347,
        "TERRIT_P": "PT_OUEST",
        "GO_DESCRITION": "Trottoirs",
        "GPOLE_SUIVI_OPE_AMENAGEMENT_EP_COMMUNES": "Blanquefort",
        "GPOLE_SUIVI_OPE_AMENAGEMENT_EP_LIBELLE_PROJET": "BLANQ-086...Rue de la Landille (section Renney - 11 nov)",
        "GPOLE_SUIVI_OPE_AMENAGEMENT_EP_STATUT_PROJET": "A lancer",
        "GPOLE_SUIVI_OPE_AMENAGEMENT_EP_CHEF_DE_PROJET": "GUIRAUD Sebastien",
        "GPOLE_SUIVI_OPE_AMENAGEMENT_EP_DESCRIPTION_PROJET": "Requalification générale de la rue. Demande de la ville de réfléchir à la création d'un ou deux trottoirs et sécurisation des usages.",
        "GPOLE_SUIVI_OPE_AMENAGEMENT_EP_TYPE_PROJET": "Amgt EspPublic _ Géné",
        "GPOLE_SUIVI_OPE_AMENAGEMENT_EP_PROG_FIN_PRINC_SAU": "FIC",
        "GPOLE_SUIVI_OPE_AMENAGEMENT_EP_DEBUT_TRAVAUX": 2027,
        "GPOLE_SUIVI_OPE_AMENAGEMENT_EP_FIN_TRAVAUX": 2027
      },
      "geometry": {
        "type": "MultiLineString",
        "coordinates": [
          [
            [
              -0.629352170637075,
              44.91277959396028
            ],
            [
              -0.629241385803518,
              44.91289239252291
            ],
            [
              -0.628874842519305,
              44.91324755058816
            ],
            [
              -0.628500619193714,
              44.91350512224116
            ],
            [
              -0.628295081723282,
              44.9136231888863
            ],
            [
              -0.62800177599603,
              44.91377080396936
            ],
            [
              -0.62725119586978,
              44.91413575007824
            ],
            [
              -0.627000248457569,
              44.914243458833425
            ],
            [
              -0.626733203057321,
              44.91433915788062
            ],
            [
              -0.626359053705371,
              44.91445132658317
            ]
          ]
        ]
      }
    },
    {
      "type": "Feature",
      "properties": {
        "fid": 363,
        "GID": 356,
        "TERRIT_P": "PT_OUEST",
        "GO_DESCRITION": "amgt general",
        "GPOLE_SUIVI_OPE_AMENAGEMENT_EP_COMMUNES": "Blanquefort",
        "GPOLE_SUIVI_OPE_AMENAGEMENT_EP_LIBELLE_PROJET": "BLANQ-060 ... Rue de Musset",
        "GPOLE_SUIVI_OPE_AMENAGEMENT_EP_STATUT_PROJET": "Conception",
        "GPOLE_SUIVI_OPE_AMENAGEMENT_EP_CHEF_DE_PROJET": "GUIRAUD Sebastien",
        "GPOLE_SUIVI_OPE_AMENAGEMENT_EP_DESCRIPTION_PROJET": "Voirie limitrophe en son axe avec les communes du Pian Médoc et de Blanquefort\nRequalification de cette voie nécessaire du fait de l'état de dégradation de la chaussée\nProblème d’évacuation des eaux pluviales et vitesses élevées\nZone apaisée - Aménagement général",
        "GPOLE_SUIVI_OPE_AMENAGEMENT_EP_TYPE_PROJET": "Amgt EspPublic _ Géné",
        "GPOLE_SUIVI_OPE_AMENAGEMENT_EP_PROG_FIN_PRINC_SAU": "FIC",
        "GPOLE_SUIVI_OPE_AMENAGEMENT_EP_DEBUT_TRAVAUX": 2026,
        "GPOLE_SUIVI_OPE_AMENAGEMENT_EP_FIN_TRAVAUX": 2026
      },
      "geometry": {
        "type": "MultiLineString",
        "coordinates": [
          [
            [
              -0.638724209392582,
              44.94482065614017
            ],
            [
              -0.638582484772509,
              44.94483845093602
            ],
            [
              -0.638407127407057,
              44.94483939148829
            ],
            [
              -0.638295384723687,
              44.944836610972615
            ],
            [
              -0.638096539148433,
              44.94481878057072
            ],
            [
              -0.637806111025367,
              44.94478488159885
            ],
            [
              -0.636842151561184,
              44.94465150334859
            ],
            [
              -0.636684548467001,
              44.944640495728116
            ],
            [
              -0.636542319230313,
              44.94463791570935
            ],
            [
              -0.635783106573998,
              44.94464519280268
            ],
            [
              -0.635648745068502,
              44.94465470207656
            ],
            [
              -0.635313783532804,
              44.944687362680945
            ],
            [
              -0.634700282348482,
              44.944738270718034
            ],
            [
              -0.63453168503915,
              44.9447399518988
            ],
            [
              -0.634429790737094,
              44.94473734461761
            ],
            [
              -0.63426359431455,
              44.94472282412499
            ],
            [
              -0.63407276092193,
              44.94471386302323
            ],
            [
              -0.633949550232794,
              44.94472319503249
            ],
            [
              -0.633882135708657,
              44.944746332853406
            ],
            [
              -0.633814696052419,
              44.94477911024546
            ],
            [
              -0.633755339522852,
              44.9448273943934
            ],
            [
              -0.633679312243032,
              44.944927016243305
            ],
            [
              -0.633569835021464,
              44.94508544682276
            ],
            [
              -0.633223777620242,
              44.94552274421425
            ],
            [
              -0.633171833563616,
              44.945567909177086
            ],
            [
              -0.633119116940385,
              44.9456008475371
            ],
            [
              -0.633037222517644,
              44.94562570735733
            ],
            [
              -0.632942096820266,
              44.94563990858118
            ],
            [
              -0.632165158691643,
              44.94566195894221
            ],
            [
              -0.632071378448805,
              44.945663324890354
            ],
            [
              -0.631438731586979,
              44.94564023676656
            ]
          ]
        ]
      }
    },
    {
      "type": "Feature",
      "properties": {
        "fid": 364,
        "GID": 357,
        "TERRIT_P": "PT_OUEST",
        "GO_DESCRITION": "amgt general",
        "GPOLE_SUIVI_OPE_AMENAGEMENT_EP_COMMUNES": "Le Bouscat",
        "GPOLE_SUIVI_OPE_AMENAGEMENT_EP_LIBELLE_PROJET": "BOUSC-056b ... Rue Bonnaous (de Combes à Ecus)",
        "GPOLE_SUIVI_OPE_AMENAGEMENT_EP_STATUT_PROJET": "Exécution",
        "GPOLE_SUIVI_OPE_AMENAGEMENT_EP_CHEF_DE_PROJET": "SINTES Philippe",
        "GPOLE_SUIVI_OPE_AMENAGEMENT_EP_DESCRIPTION_PROJET": "Concernant la rue Bonnaous, on divise le projet en 2 fiches GEOPOLE : BOUSC-056a ... Rue Bonnaous (de Coudol à Combes) & BOUSC-056b ... Rue Bonnaous (de Coudol à Combes)\nzone 30 du giratoire de la rue des Ecus à la Rue Emile Combes\nle projet d’aménagement voirie propose : \n-\tA l’Ouest, un trottoir d’1,50 m en enrobé rouge,\n-\tDu stationnement de 2 m en enrobé noir,\n-\tUne chaussée de 4,60 m en enrobé noir où circulent cyclistes et voiture, un caniveau et des bordures T3,\n-\tUn trottoir 1,90 m en enrobé rouge.\nOn compte 29 places de stationnement, une bande de résine le long de la rue parfois coupée avec les chevrons vélo, quelques poches d’espaces verts.\nAu niveau du futur projet immobilier, il faudra créer un nouvel accès et donc supprimer l’accès actuel.\nA l’angle avec la voie privée de la résidence Bleue, le bac à verre est à déplacer.\nAu niveau du carrefour Bonnaous / Combes, les usagers venant :\n-\tDes Ecus peuvent tourner à gauche ou à droite,\n-\tDepuis les branches Emile Combes Est et Ouest, mise en place d’un STOP afin de laisser la priorité aux usagers de Bonnaous.",
        "GPOLE_SUIVI_OPE_AMENAGEMENT_EP_TYPE_PROJET": "Amgt EspPublic _ Géné",
        "GPOLE_SUIVI_OPE_AMENAGEMENT_EP_PROG_FIN_PRINC_SAU": "Mobilité",
        "GPOLE_SUIVI_OPE_AMENAGEMENT_EP_DEBUT_TRAVAUX": 2025,
        "GPOLE_SUIVI_OPE_AMENAGEMENT_EP_FIN_TRAVAUX": 2026
      },
      "geometry": {
        "type": "MultiLineString",
        "coordinates": [
          [
            [
              -0.599301695545509,
              44.866966160799684
            ],
            [
              -0.599417798983648,
              44.867046356636045
            ],
            [
              -0.599903045687966,
              44.86741665574123
            ],
            [
              -0.600042179734712,
              44.867510626007764
            ],
            [
              -0.600384608734048,
              44.86794876610651
            ],
            [
              -0.600467993849586,
              44.868010087459325
            ],
            [
              -0.601000442469541,
              44.86830241036378
            ],
            [
              -0.601348838580091,
              44.86852992822178
            ],
            [
              -0.60153294338914,
              44.868694720036295
            ],
            [
              -0.601981319236719,
              44.86913734187697
            ],
            [
              -0.602097269678567,
              44.869200784844594
            ],
            [
              -0.602320758664114,
              44.86926406858101
            ],
            [
              -0.602417566058636,
              44.86932928791672
            ],
            [
              -0.602977265320136,
              44.87034220534052
            ],
            [
              -0.602970434147609,
              44.87037395912937
            ]
          ]
        ]
      }
    },
    {
      "type": "Feature",
      "properties": {
        "fid": 372,
        "GID": 365,
        "TERRIT_P": "PT_OUEST",
        "GO_DESCRITION": "amgt carref",
        "GPOLE_SUIVI_OPE_AMENAGEMENT_EP_COMMUNES": "Le Haillan",
        "GPOLE_SUIVI_OPE_AMENAGEMENT_EP_LIBELLE_PROJET": "HAILL-061 ... Carref \"Morandière / Satellites\"",
        "GPOLE_SUIVI_OPE_AMENAGEMENT_EP_STATUT_PROJET": "Conception",
        "GPOLE_SUIVI_OPE_AMENAGEMENT_EP_CHEF_DE_PROJET": "LEFEVRE Coralie",
        "GPOLE_SUIVI_OPE_AMENAGEMENT_EP_DESCRIPTION_PROJET": "carrefour à retravailler pour la traversée des cycles",
        "GPOLE_SUIVI_OPE_AMENAGEMENT_EP_TYPE_PROJET": "Amgt EspPublic _ Géné",
        "GPOLE_SUIVI_OPE_AMENAGEMENT_EP_PROG_FIN_PRINC_SAU": "FIC",
        "GPOLE_SUIVI_OPE_AMENAGEMENT_EP_DEBUT_TRAVAUX": 2026,
        "GPOLE_SUIVI_OPE_AMENAGEMENT_EP_FIN_TRAVAUX": 2026
      },
      "geometry": {
        "type": "MultiLineString",
        "coordinates": [
          [
            [
              -0.677854019991492,
              44.86098321583304
            ],
            [
              -0.6777732550914,
              44.860982284657425
            ],
            [
              -0.677693263258611,
              44.86097430157678
            ],
            [
              -0.677615257116249,
              44.8609593876093
            ],
            [
              -0.677540419183338,
              44.86093776884075
            ],
            [
              -0.677469883947997,
              44.86090977299696
            ],
            [
              -0.677404720667887,
              44.86087582447518
            ],
            [
              -0.67734591716092,
              44.86083643791038
            ],
            [
              -0.677294364830042,
              44.86079221037305
            ],
            [
              -0.677250845150588,
              44.86074381231785
            ],
            [
              -0.677216017824048,
              44.86069197741952
            ],
            [
              -0.677190410778729,
              44.86063749145036
            ],
            [
              -0.677174412167632,
              44.86058118036829
            ],
            [
              -0.677168264486368,
              44.860523897796064
            ],
            [
              -0.677172060898154,
              44.86046651208062
            ],
            [
              -0.677185743823911,
              44.86040989312998
            ],
            [
              -0.677209105816677,
              44.86035489922609
            ],
            [
              -0.677241792707766,
              44.86030236401491
            ],
            [
              -0.677283308977198,
              44.860253083868805
            ],
            [
              -0.677333025267054,
              44.86020780581553
            ],
            [
              -0.677390187921669,
              44.860167216213966
            ],
            [
              -0.67745393041356,
              44.860131930350725
            ],
            [
              -0.677523286478937,
              44.860102483113515
            ],
            [
              -0.677597204764322,
              44.86007932088309
            ],
            [
              -0.677674564763889,
              44.860062794767636
            ],
            [
              -0.677754193803562,
              44.86005315528045
            ],
            [
              -0.677834884816159,
              44.860050548542944
            ],
            [
              -0.677915414637552,
              44.86005501406967
            ],
            [
              -0.677994562546913,
              44.86006648416934
            ],
            [
              -0.678071128769829,
              44.86008478497103
            ],
            [
              -0.678143952663906,
              44.86010963905947
            ],
            [
              -0.678211930311772,
              44.86014066968029
            ],
            [
              -0.678274031253665,
              44.86017740645034
            ],
            [
              -0.678329314108142,
              44.860219292487784
            ],
            [
              -0.678376940841406,
              44.86026569285358
            ],
            [
              -0.678416189472048,
              44.86031590417519
            ],
            [
              -0.678446465014971,
              44.860369165309216
            ],
            [
              -0.678467308502826,
              44.86042466887818
            ],
            [
              -0.678478403943717,
              44.860481573509944
            ],
            [
              -0.678479583113808,
              44.860539016591034
            ],
            [
              -0.678470828108412,
              44.86059612734329
            ],
            [
              -0.678452271615825,
              44.86065204002351
            ],
            [
              -0.678424194907036,
              44.86070590704795
            ],
            [
              -0.678387023574036,
              44.860756911840625
            ],
            [
              -0.678341321079206,
              44.86080428121232
            ],
            [
              -0.678287780215173,
              44.860847297081826
            ],
            [
              -0.678227212603238,
              44.86088530736219
            ],
            [
              -0.678160536390427,
              44.8609177358459
            ],
            [
              -0.678088762330769,
              44.860944090940535
            ],
            [
              -0.678012978463116,
              44.8609639731212
            ],
            [
              -0.677934333615981,
              44.860977080987546
            ],
            [
              -0.677854019991492,
              44.86098321583304
            ]
          ]
        ]
      }
    },
    {
      "type": "Feature",
      "properties": {
        "fid": 374,
        "GID": 367,
        "TERRIT_P": "PT_OUEST",
        "GO_DESCRITION": "amgt general",
        "GPOLE_SUIVI_OPE_AMENAGEMENT_EP_COMMUNES": "Mérignac",
        "GPOLE_SUIVI_OPE_AMENAGEMENT_EP_LIBELLE_PROJET": "MERIG-071 ... Boulevard Technologique",
        "GPOLE_SUIVI_OPE_AMENAGEMENT_EP_STATUT_PROJET": "Conception",
        "GPOLE_SUIVI_OPE_AMENAGEMENT_EP_CHEF_DE_PROJET": "HERVE Laurent",
        "GPOLE_SUIVI_OPE_AMENAGEMENT_EP_DESCRIPTION_PROJET": "Les objectifs du projet sont\n- accompagner les opérations d’aménagement économique, publiques et privées, envisagées\nde part et d’autre du boulevard technologique, notamment en assurant une meilleure desserte pour\nles salariés du secteur,\n- créer un véritable lien entre les différents lieux de vie et d’emploi existants et à venir, et non\nplus comme un simple support d’écoulement des flux ; réaliser un aménagement pouvant offrir des\nespaces publics utiles et porteurs d’une ambiance et d’une qualité renouvelées, et partagées par les\ndifférents usagers qui le traversent, qui y travaillent ou s’y rencontrent,\n- offrir une meilleure cohabitation des différents modes de déplacements, en premier lieu par\nune augmentation significative des espaces en faveur des modes de déplacements collectifs (en\ndéveloppant des emprises réservées au covoiturage et aux transports en commun) et des modes\ndoux assurant par la nième la sécurisation des déplacements,\n- compte tenu de l’importance du projet envisagé et de son rôle à l’échelle du projet\nd’aménagement porté par ‘01M Bordeaux Aéroparc, intégrer l’exemplarité en matière de performance\nenvironnementale et de prise en compte écologique : qualité paysagère, biodiversité, gestion des\neaux pluviales",
        "GPOLE_SUIVI_OPE_AMENAGEMENT_EP_TYPE_PROJET": "Amgt EspPublic _ Géné",
        "GPOLE_SUIVI_OPE_AMENAGEMENT_EP_PROG_FIN_PRINC_SAU": "OIM",
        "GPOLE_SUIVI_OPE_AMENAGEMENT_EP_DEBUT_TRAVAUX": 2027,
        "GPOLE_SUIVI_OPE_AMENAGEMENT_EP_FIN_TRAVAUX": 2032
      },
      "geometry": {
        "type": "MultiLineString",
        "coordinates": [
          [
            [
              -0.668167231310614,
              44.858384337136116
            ],
            [
              -0.668884487199106,
              44.85843868793401
            ],
            [
              -0.670165625404998,
              44.85853325271899
            ],
            [
              -0.671740909361699,
              44.85864215174498
            ],
            [
              -0.675072646944229,
              44.858856323717674
            ],
            [
              -0.67580015995163,
              44.85876261851827
            ],
            [
              -0.676615038809518,
              44.85853489701329
            ],
            [
              -0.677716305844025,
              44.858200193516765
            ],
            [
              -0.678981801039257,
              44.858102099389285
            ],
            [
              -0.67967641415358,
              44.858142813047024
            ],
            [
              -0.680416099462546,
              44.85825952994027
            ],
            [
              -0.681464069980767,
              44.858533119977686
            ],
            [
              -0.682903488546985,
              44.85893275906626
            ],
            [
              -0.683510941486072,
              44.859098544478165
            ],
            [
              -0.684530370290481,
              44.859303641974726
            ],
            [
              -0.684994693297218,
              44.859404957626865
            ],
            [
              -0.687541441841682,
              44.85989896969814
            ],
            [
              -0.692328597425201,
              44.860806148810255
            ],
            [
              -0.693202911086818,
              44.86094797825392
            ],
            [
              -0.695776734269471,
              44.86148144430251
            ],
            [
              -0.696364321937974,
              44.861663629728575
            ]
          ]
        ]
      }
    },
    {
      "type": "Feature",
      "properties": {
        "fid": 375,
        "GID": 368,
        "TERRIT_P": "PT_OUEST",
        "GO_DESCRITION": "amgt general",
        "GPOLE_SUIVI_OPE_AMENAGEMENT_EP_COMMUNES": "Mérignac",
        "GPOLE_SUIVI_OPE_AMENAGEMENT_EP_LIBELLE_PROJET": "MERIG-071 ... Boulevard Technologique",
        "GPOLE_SUIVI_OPE_AMENAGEMENT_EP_STATUT_PROJET": "Conception",
        "GPOLE_SUIVI_OPE_AMENAGEMENT_EP_CHEF_DE_PROJET": "HERVE Laurent",
        "GPOLE_SUIVI_OPE_AMENAGEMENT_EP_DESCRIPTION_PROJET": "Les objectifs du projet sont\n- accompagner les opérations d’aménagement économique, publiques et privées, envisagées\nde part et d’autre du boulevard technologique, notamment en assurant une meilleure desserte pour\nles salariés du secteur,\n- créer un véritable lien entre les différents lieux de vie et d’emploi existants et à venir, et non\nplus comme un simple support d’écoulement des flux ; réaliser un aménagement pouvant offrir des\nespaces publics utiles et porteurs d’une ambiance et d’une qualité renouvelées, et partagées par les\ndifférents usagers qui le traversent, qui y travaillent ou s’y rencontrent,\n- offrir une meilleure cohabitation des différents modes de déplacements, en premier lieu par\nune augmentation significative des espaces en faveur des modes de déplacements collectifs (en\ndéveloppant des emprises réservées au covoiturage et aux transports en commun) et des modes\ndoux assurant par la nième la sécurisation des déplacements,\n- compte tenu de l’importance du projet envisagé et de son rôle à l’échelle du projet\nd’aménagement porté par ‘01M Bordeaux Aéroparc, intégrer l’exemplarité en matière de performance\nenvironnementale et de prise en compte écologique : qualité paysagère, biodiversité, gestion des\neaux pluviales",
        "GPOLE_SUIVI_OPE_AMENAGEMENT_EP_TYPE_PROJET": "Amgt EspPublic _ Géné",
        "GPOLE_SUIVI_OPE_AMENAGEMENT_EP_PROG_FIN_PRINC_SAU": "OIM",
        "GPOLE_SUIVI_OPE_AMENAGEMENT_EP_DEBUT_TRAVAUX": 2027,
        "GPOLE_SUIVI_OPE_AMENAGEMENT_EP_FIN_TRAVAUX": 2032
      },
      "geometry": {
        "type": "MultiLineString",
        "coordinates": [
          [
            [
              -0.692280287799841,
              44.847459232323935
            ],
            [
              -0.692212972921567,
              44.8476287877008
            ],
            [
              -0.692095951043542,
              44.84776945473211
            ],
            [
              -0.692027708959458,
              44.84786573405364
            ],
            [
              -0.691995032249407,
              44.8479370353977
            ],
            [
              -0.69197608252,
              44.84803301694004
            ],
            [
              -0.691998518706638,
              44.84818816391094
            ],
            [
              -0.692093697164704,
              44.84846634274514
            ],
            [
              -0.692225012549564,
              44.848848583928415
            ],
            [
              -0.69241734348314,
              44.84940217258511
            ],
            [
              -0.692634038366467,
              44.849920637636835
            ],
            [
              -0.692737045597692,
              44.85028201306126
            ],
            [
              -0.692763056420246,
              44.85045122371741
            ],
            [
              -0.692815054306054,
              44.85074250010212
            ],
            [
              -0.692871935693006,
              44.85095681860596
            ],
            [
              -0.693052982822301,
              44.85152348859935
            ],
            [
              -0.693188804983861,
              44.851950406289895
            ],
            [
              -0.69347225965273,
              44.85280881313081
            ],
            [
              -0.693680708951184,
              44.853386792002055
            ],
            [
              -0.693849139692133,
              44.85383329895575
            ],
            [
              -0.693975927828605,
              44.85419277947811
            ],
            [
              -0.694081081560489,
              44.85453735188706
            ],
            [
              -0.694210467578336,
              44.854973534937145
            ],
            [
              -0.694474426693313,
              44.85569537129914
            ],
            [
              -0.694783337580559,
              44.856668811553575
            ],
            [
              -0.695411620975652,
              44.85862909164724
            ],
            [
              -0.695927295366653,
              44.860206645119035
            ],
            [
              -0.696364321937974,
              44.861663629728575
            ],
            [
              -0.696856566527654,
              44.86184981305847
            ],
            [
              -0.697665302268606,
              44.862008989729354
            ],
            [
              -0.698494761243452,
              44.862237027308986
            ],
            [
              -0.699777431260471,
              44.86267054265121
            ],
            [
              -0.701531828745327,
              44.86334368910036
            ],
            [
              -0.702471539906188,
              44.86376514505381
            ]
          ]
        ]
      }
    },
    {
      "type": "Feature",
      "properties": {
        "fid": 376,
        "GID": 369,
        "TERRIT_P": "PT_OUEST",
        "GO_DESCRITION": "amgt general",
        "GPOLE_SUIVI_OPE_AMENAGEMENT_EP_COMMUNES": "Mérignac",
        "GPOLE_SUIVI_OPE_AMENAGEMENT_EP_LIBELLE_PROJET": "MERIG-071 ... Boulevard Technologique",
        "GPOLE_SUIVI_OPE_AMENAGEMENT_EP_STATUT_PROJET": "Conception",
        "GPOLE_SUIVI_OPE_AMENAGEMENT_EP_CHEF_DE_PROJET": "HERVE Laurent",
        "GPOLE_SUIVI_OPE_AMENAGEMENT_EP_DESCRIPTION_PROJET": "Les objectifs du projet sont\n- accompagner les opérations d’aménagement économique, publiques et privées, envisagées\nde part et d’autre du boulevard technologique, notamment en assurant une meilleure desserte pour\nles salariés du secteur,\n- créer un véritable lien entre les différents lieux de vie et d’emploi existants et à venir, et non\nplus comme un simple support d’écoulement des flux ; réaliser un aménagement pouvant offrir des\nespaces publics utiles et porteurs d’une ambiance et d’une qualité renouvelées, et partagées par les\ndifférents usagers qui le traversent, qui y travaillent ou s’y rencontrent,\n- offrir une meilleure cohabitation des différents modes de déplacements, en premier lieu par\nune augmentation significative des espaces en faveur des modes de déplacements collectifs (en\ndéveloppant des emprises réservées au covoiturage et aux transports en commun) et des modes\ndoux assurant par la nième la sécurisation des déplacements,\n- compte tenu de l’importance du projet envisagé et de son rôle à l’échelle du projet\nd’aménagement porté par ‘01M Bordeaux Aéroparc, intégrer l’exemplarité en matière de performance\nenvironnementale et de prise en compte écologique : qualité paysagère, biodiversité, gestion des\neaux pluviales",
        "GPOLE_SUIVI_OPE_AMENAGEMENT_EP_TYPE_PROJET": "Amgt EspPublic _ Géné",
        "GPOLE_SUIVI_OPE_AMENAGEMENT_EP_PROG_FIN_PRINC_SAU": "OIM",
        "GPOLE_SUIVI_OPE_AMENAGEMENT_EP_DEBUT_TRAVAUX": 2027,
        "GPOLE_SUIVI_OPE_AMENAGEMENT_EP_FIN_TRAVAUX": 2032
      },
      "geometry": {
        "type": "MultiLineString",
        "coordinates": [
          [
            [
              -0.692280287799841,
              44.847459232323935
            ],
            [
              -0.692356932495099,
              44.84679809442331
            ],
            [
              -0.692144876576195,
              44.846453033990194
            ],
            [
              -0.692123117099853,
              44.846298727155194
            ],
            [
              -0.692496100552911,
              44.844652689346574
            ],
            [
              -0.69272923386804,
              44.843632461094636
            ],
            [
              -0.692967608319102,
              44.84261166803905
            ],
            [
              -0.693162310426043,
              44.84177786616113
            ],
            [
              -0.693410500661596,
              44.840715626565405
            ],
            [
              -0.693656456394132,
              44.83962383913356
            ],
            [
              -0.693827925213096,
              44.83885544876641
            ],
            [
              -0.694107661006292,
              44.83767530729891
            ],
            [
              -0.694161998659008,
              44.83735560224453
            ],
            [
              -0.694166458016732,
              44.83707814666866
            ],
            [
              -0.694040818940025,
              44.836711551928246
            ],
            [
              -0.693970494742861,
              44.83651389834698
            ]
          ]
        ]
      }
    },
    {
      "type": "Feature",
      "properties": {
        "fid": 377,
        "GID": 370,
        "TERRIT_P": "PT_OUEST",
        "GO_DESCRITION": "amgt general",
        "GPOLE_SUIVI_OPE_AMENAGEMENT_EP_COMMUNES": "Mérignac",
        "GPOLE_SUIVI_OPE_AMENAGEMENT_EP_LIBELLE_PROJET": "MERIG-071 ... Boulevard Technologique",
        "GPOLE_SUIVI_OPE_AMENAGEMENT_EP_STATUT_PROJET": "Conception",
        "GPOLE_SUIVI_OPE_AMENAGEMENT_EP_CHEF_DE_PROJET": "HERVE Laurent",
        "GPOLE_SUIVI_OPE_AMENAGEMENT_EP_DESCRIPTION_PROJET": "Les objectifs du projet sont\n- accompagner les opérations d’aménagement économique, publiques et privées, envisagées\nde part et d’autre du boulevard technologique, notamment en assurant une meilleure desserte pour\nles salariés du secteur,\n- créer un véritable lien entre les différents lieux de vie et d’emploi existants et à venir, et non\nplus comme un simple support d’écoulement des flux ; réaliser un aménagement pouvant offrir des\nespaces publics utiles et porteurs d’une ambiance et d’une qualité renouvelées, et partagées par les\ndifférents usagers qui le traversent, qui y travaillent ou s’y rencontrent,\n- offrir une meilleure cohabitation des différents modes de déplacements, en premier lieu par\nune augmentation significative des espaces en faveur des modes de déplacements collectifs (en\ndéveloppant des emprises réservées au covoiturage et aux transports en commun) et des modes\ndoux assurant par la nième la sécurisation des déplacements,\n- compte tenu de l’importance du projet envisagé et de son rôle à l’échelle du projet\nd’aménagement porté par ‘01M Bordeaux Aéroparc, intégrer l’exemplarité en matière de performance\nenvironnementale et de prise en compte écologique : qualité paysagère, biodiversité, gestion des\neaux pluviales",
        "GPOLE_SUIVI_OPE_AMENAGEMENT_EP_TYPE_PROJET": "Amgt EspPublic _ Géné",
        "GPOLE_SUIVI_OPE_AMENAGEMENT_EP_PROG_FIN_PRINC_SAU": "OIM",
        "GPOLE_SUIVI_OPE_AMENAGEMENT_EP_DEBUT_TRAVAUX": 2027,
        "GPOLE_SUIVI_OPE_AMENAGEMENT_EP_FIN_TRAVAUX": 2032
      },
      "geometry": {
        "type": "MultiLineString",
        "coordinates": [
          [
            [
              -0.693970494742867,
              44.83651389834709
            ],
            [
              -0.693684054019924,
              44.83609963836222
            ],
            [
              -0.693557159022456,
              44.835909260855935
            ],
            [
              -0.693501972144908,
              44.835831947674606
            ],
            [
              -0.693262982267813,
              44.835428163203126
            ],
            [
              -0.693021488092888,
              44.83522531679075
            ],
            [
              -0.692520524820533,
              44.834943436607226
            ],
            [
              -0.692410166458355,
              44.83492020264157
            ],
            [
              -0.692205973807665,
              44.8348702188196
            ],
            [
              -0.692023614974279,
              44.83482774380109
            ],
            [
              -0.69196806042686,
              44.83453994422924
            ],
            [
              -0.691827585684102,
              44.833735412864904
            ],
            [
              -0.691474143666226,
              44.83316820416796
            ],
            [
              -0.690841230165404,
              44.832301094826285
            ]
          ]
        ]
      }
    },
    {
      "type": "Feature",
      "properties": {
        "fid": 378,
        "GID": 371,
        "TERRIT_P": "PT_OUEST",
        "GO_DESCRITION": "amgt general",
        "GPOLE_SUIVI_OPE_AMENAGEMENT_EP_COMMUNES": "Mérignac",
        "GPOLE_SUIVI_OPE_AMENAGEMENT_EP_LIBELLE_PROJET": "MERIG-071 ... Boulevard Technologique",
        "GPOLE_SUIVI_OPE_AMENAGEMENT_EP_STATUT_PROJET": "Conception",
        "GPOLE_SUIVI_OPE_AMENAGEMENT_EP_CHEF_DE_PROJET": "HERVE Laurent",
        "GPOLE_SUIVI_OPE_AMENAGEMENT_EP_DESCRIPTION_PROJET": "Les objectifs du projet sont\n- accompagner les opérations d’aménagement économique, publiques et privées, envisagées\nde part et d’autre du boulevard technologique, notamment en assurant une meilleure desserte pour\nles salariés du secteur,\n- créer un véritable lien entre les différents lieux de vie et d’emploi existants et à venir, et non\nplus comme un simple support d’écoulement des flux ; réaliser un aménagement pouvant offrir des\nespaces publics utiles et porteurs d’une ambiance et d’une qualité renouvelées, et partagées par les\ndifférents usagers qui le traversent, qui y travaillent ou s’y rencontrent,\n- offrir une meilleure cohabitation des différents modes de déplacements, en premier lieu par\nune augmentation significative des espaces en faveur des modes de déplacements collectifs (en\ndéveloppant des emprises réservées au covoiturage et aux transports en commun) et des modes\ndoux assurant par la nième la sécurisation des déplacements,\n- compte tenu de l’importance du projet envisagé et de son rôle à l’échelle du projet\nd’aménagement porté par ‘01M Bordeaux Aéroparc, intégrer l’exemplarité en matière de performance\nenvironnementale et de prise en compte écologique : qualité paysagère, biodiversité, gestion des\neaux pluviales",
        "GPOLE_SUIVI_OPE_AMENAGEMENT_EP_TYPE_PROJET": "Amgt EspPublic _ Géné",
        "GPOLE_SUIVI_OPE_AMENAGEMENT_EP_PROG_FIN_PRINC_SAU": "OIM",
        "GPOLE_SUIVI_OPE_AMENAGEMENT_EP_DEBUT_TRAVAUX": 2027,
        "GPOLE_SUIVI_OPE_AMENAGEMENT_EP_FIN_TRAVAUX": 2032
      },
      "geometry": {
        "type": "MultiLineString",
        "coordinates": [
          [
            [
              -0.690841230165398,
              44.83230109482621
            ],
            [
              -0.689892345892673,
              44.83152629925448
            ],
            [
              -0.689058579401194,
              44.83092854871833
            ],
            [
              -0.688670528740538,
              44.83058470547967
            ],
            [
              -0.688086939469007,
              44.82993189780872
            ],
            [
              -0.687714369641919,
              44.82941733054734
            ],
            [
              -0.687146454076593,
              44.82850336120001
            ],
            [
              -0.68677814804689,
              44.82773561197426
            ],
            [
              -0.686622665386348,
              44.82715048558367
            ],
            [
              -0.686486141532129,
              44.825962777615715
            ],
            [
              -0.686357870825837,
              44.82518906119138
            ],
            [
              -0.686173580222984,
              44.82472968513566
            ],
            [
              -0.685844312603276,
              44.82411603281616
            ],
            [
              -0.685254887946629,
              44.82329516521843
            ],
            [
              -0.684797390343914,
              44.8228479002679
            ],
            [
              -0.684004285797391,
              44.822184478668085
            ],
            [
              -0.682177817327156,
              44.82102337024281
            ],
            [
              -0.681514964838423,
              44.820528865224674
            ],
            [
              -0.681270804735029,
              44.82024745517999
            ],
            [
              -0.681078048306526,
              44.81995722238424
            ],
            [
              -0.680938725172435,
              44.81961025326922
            ],
            [
              -0.680862589318807,
              44.81897904968491
            ],
            [
              -0.680824218968589,
              44.81792646162295
            ],
            [
              -0.680897421287456,
              44.8172851108712
            ],
            [
              -0.680772149575798,
              44.816488927439714
            ],
            [
              -0.680678959119991,
              44.81602578471812
            ]
          ]
        ]
      }
    },
    {
      "type": "Feature",
      "properties": {
        "fid": 379,
        "GID": 372,
        "TERRIT_P": "PT_OUEST",
        "GO_DESCRITION": "amgt general",
        "GPOLE_SUIVI_OPE_AMENAGEMENT_EP_COMMUNES": "Mérignac",
        "GPOLE_SUIVI_OPE_AMENAGEMENT_EP_LIBELLE_PROJET": "MERIG-071 ... Boulevard Technologique",
        "GPOLE_SUIVI_OPE_AMENAGEMENT_EP_STATUT_PROJET": "Conception",
        "GPOLE_SUIVI_OPE_AMENAGEMENT_EP_CHEF_DE_PROJET": "HERVE Laurent",
        "GPOLE_SUIVI_OPE_AMENAGEMENT_EP_DESCRIPTION_PROJET": "Les objectifs du projet sont\n- accompagner les opérations d’aménagement économique, publiques et privées, envisagées\nde part et d’autre du boulevard technologique, notamment en assurant une meilleure desserte pour\nles salariés du secteur,\n- créer un véritable lien entre les différents lieux de vie et d’emploi existants et à venir, et non\nplus comme un simple support d’écoulement des flux ; réaliser un aménagement pouvant offrir des\nespaces publics utiles et porteurs d’une ambiance et d’une qualité renouvelées, et partagées par les\ndifférents usagers qui le traversent, qui y travaillent ou s’y rencontrent,\n- offrir une meilleure cohabitation des différents modes de déplacements, en premier lieu par\nune augmentation significative des espaces en faveur des modes de déplacements collectifs (en\ndéveloppant des emprises réservées au covoiturage et aux transports en commun) et des modes\ndoux assurant par la nième la sécurisation des déplacements,\n- compte tenu de l’importance du projet envisagé et de son rôle à l’échelle du projet\nd’aménagement porté par ‘01M Bordeaux Aéroparc, intégrer l’exemplarité en matière de performance\nenvironnementale et de prise en compte écologique : qualité paysagère, biodiversité, gestion des\neaux pluviales",
        "GPOLE_SUIVI_OPE_AMENAGEMENT_EP_TYPE_PROJET": "Amgt EspPublic _ Géné",
        "GPOLE_SUIVI_OPE_AMENAGEMENT_EP_PROG_FIN_PRINC_SAU": "OIM",
        "GPOLE_SUIVI_OPE_AMENAGEMENT_EP_DEBUT_TRAVAUX": 2027,
        "GPOLE_SUIVI_OPE_AMENAGEMENT_EP_FIN_TRAVAUX": 2032
      },
      "geometry": {
        "type": "MultiLineString",
        "coordinates": [
          [
            [
              -0.680678959119991,
              44.81602578471812
            ],
            [
              -0.677146119161311,
              44.81680066308016
            ],
            [
              -0.674732248542328,
              44.81724954176462
            ],
            [
              -0.673212862971063,
              44.81742610007404
            ]
          ]
        ]
      }
    },
    {
      "type": "Feature",
      "properties": {
        "fid": 387,
        "GID": 622,
        "TERRIT_P": "PT_OUEST",
        "GO_DESCRITION": "voie nouvelle",
        "GPOLE_SUIVI_OPE_AMENAGEMENT_EP_COMMUNES": "Mérignac",
        "GPOLE_SUIVI_OPE_AMENAGEMENT_EP_LIBELLE_PROJET": "MERIG-103...PRU Yser - Création d'une voie nouvelle",
        "GPOLE_SUIVI_OPE_AMENAGEMENT_EP_STATUT_PROJET": "A lancer",
        "GPOLE_SUIVI_OPE_AMENAGEMENT_EP_CHEF_DE_PROJET": "DEFOUG Anne Helene",
        "GPOLE_SUIVI_OPE_AMENAGEMENT_EP_DESCRIPTION_PROJET": "Dans le cadre du futur PRU Yser (OAIM), il s'agit de recomposer le quartier en reconfigurant complètement les espaces publics. L'objectif est d'ouvrir le quartier et le rendre plus perméable, mais également de travailler sur une véritable composition urbaine et paysagère.\nDans ce cadre, sont envisagés :\n- la création d'une voie nouvelle \"diagonale\",\n- l'aménagement de cheminements,\n- l'aménagement d'espaces publics paysagés, de compétence communale, dans le cadre d'une co-maîtrise d'ouvrage (à confirmer)\n\nLe programme global de renouvellement urbain devra être arrêté et conventionné en préalable au lancement des études sur les espaces publics.",
        "GPOLE_SUIVI_OPE_AMENAGEMENT_EP_TYPE_PROJET": "Amgt EspPublic _ Géné",
        "GPOLE_SUIVI_OPE_AMENAGEMENT_EP_PROG_FIN_PRINC_SAU": "CODEV",
        "GPOLE_SUIVI_OPE_AMENAGEMENT_EP_DEBUT_TRAVAUX": null,
        "GPOLE_SUIVI_OPE_AMENAGEMENT_EP_FIN_TRAVAUX": null
      },
      "geometry": {
        "type": "MultiLineString",
        "coordinates": [
          [
            [
              -0.656170617408589,
              44.84157068957467
            ],
            [
              -0.656079527316517,
              44.84210334708301
            ],
            [
              -0.658679607234309,
              44.84363174438039
            ],
            [
              -0.659581873181012,
              44.843788311297686
            ]
          ]
        ]
      }
    },
    {
      "type": "Feature",
      "properties": {
        "fid": 392,
        "GID": 740,
        "TERRIT_P": "PT_OUEST",
        "GO_DESCRITION": "amgt general",
        "GPOLE_SUIVI_OPE_AMENAGEMENT_EP_COMMUNES": "Blanquefort",
        "GPOLE_SUIVI_OPE_AMENAGEMENT_EP_LIBELLE_PROJET": "BLANQ-075 - Terrain des circuits",
        "GPOLE_SUIVI_OPE_AMENAGEMENT_EP_STATUT_PROJET": "Conception",
        "GPOLE_SUIVI_OPE_AMENAGEMENT_EP_CHEF_DE_PROJET": "GUIRAUD Sebastien",
        "GPOLE_SUIVI_OPE_AMENAGEMENT_EP_DESCRIPTION_PROJET": "Aménagement de l'ancienne zone dite terrain des circuits (ex site Ford). \n\nOBJECTIFS DE L’OPÉRATION :\n• Réindustrialiser le site, en offrant la possibilité à des industries nouvelles de s’installer,\n• Offrir des locaux artisanaux à destination des PME/PMI,\n• Consolider le potentiel de développement économique, en assurant le développement d’un pôle d’activités productif (industrie artisanat\n• Renouveler le paysage et l’offre économique sur le sud de la Zone industrielle de Blanquefort, en aménageant les anciens terrains Ford,\n• Aménager les futurs espaces publics de cette opération,\n• Renforcer l'ouverture et la liaison du site avec la zone existante et favoriser son accès à la gare de Blanquefort\n• Renforcer le maillage de mode doux du quartier et la mobilité des utilisateurs \n• Viser l'efficacité énergétique et contribuer à la transition écologique du secteur\n\nCréation possible de 5 lots (industries, parking silo ?, ...) et aménagement du futur espace public (voiries, cheminements doux, espaces verts, ...). Propects en cours pour une surface de bâti proche de 7ha.\n\nConduite d'opération assurée par la PTO (SAU)",
        "GPOLE_SUIVI_OPE_AMENAGEMENT_EP_TYPE_PROJET": "Amgt EspPublic _ Géné",
        "GPOLE_SUIVI_OPE_AMENAGEMENT_EP_PROG_FIN_PRINC_SAU": "DEVECO",
        "GPOLE_SUIVI_OPE_AMENAGEMENT_EP_DEBUT_TRAVAUX": 2028,
        "GPOLE_SUIVI_OPE_AMENAGEMENT_EP_FIN_TRAVAUX": 2028
      },
      "geometry": {
        "type": "MultiLineString",
        "coordinates": [
          [
            [
              -0.617418869906365,
              44.92019425730717
            ],
            [
              -0.617476919870001,
              44.920029582188725
            ],
            [
              -0.617808345580196,
              44.918461196346115
            ],
            [
              -0.618618864651909,
              44.91502493995157
            ],
            [
              -0.618772528282781,
              44.91443478445499
            ],
            [
              -0.61877713778799,
              44.91436362990826
            ],
            [
              -0.619728092855461,
              44.91441304259194
            ],
            [
              -0.619891428013248,
              44.91441000614548
            ],
            [
              -0.620211783889621,
              44.914399829381836
            ],
            [
              -0.620605483889421,
              44.914400231938195
            ],
            [
              -0.620457772191648,
              44.91522904607142
            ],
            [
              -0.620068628857171,
              44.91703381778893
            ],
            [
              -0.619551747211774,
              44.919311725493905
            ],
            [
              -0.619374067695652,
              44.92000162476344
            ],
            [
              -0.619125266892656,
              44.92006828692088
            ],
            [
              -0.61881547531972,
              44.92012479905623
            ],
            [
              -0.618482676334746,
              44.920178400909855
            ],
            [
              -0.618271827281671,
              44.9201929440665
            ],
            [
              -0.617861790306973,
              44.9202110959304
            ],
            [
              -0.617418869906365,
              44.92019425730717
            ]
          ]
        ]
      }
    },
    {
      "type": "Feature",
      "properties": {
        "fid": 395,
        "GID": 388,
        "TERRIT_P": "PT_OUEST",
        "GO_DESCRITION": "amgt voie verte",
        "GPOLE_SUIVI_OPE_AMENAGEMENT_EP_COMMUNES": "Mérignac",
        "GPOLE_SUIVI_OPE_AMENAGEMENT_EP_LIBELLE_PROJET": "MERIG-094 … Rue des Genets",
        "GPOLE_SUIVI_OPE_AMENAGEMENT_EP_STATUT_PROJET": "Exécution",
        "GPOLE_SUIVI_OPE_AMENAGEMENT_EP_CHEF_DE_PROJET": "VILLAUME Aline",
        "GPOLE_SUIVI_OPE_AMENAGEMENT_EP_DESCRIPTION_PROJET": "=> OIM: Requalification générale de la rue des Genets.",
        "GPOLE_SUIVI_OPE_AMENAGEMENT_EP_TYPE_PROJET": "Amgt EspPublic _ Géné",
        "GPOLE_SUIVI_OPE_AMENAGEMENT_EP_PROG_FIN_PRINC_SAU": "OIM",
        "GPOLE_SUIVI_OPE_AMENAGEMENT_EP_DEBUT_TRAVAUX": 2025,
        "GPOLE_SUIVI_OPE_AMENAGEMENT_EP_FIN_TRAVAUX": 2025
      },
      "geometry": {
        "type": "MultiLineString",
        "coordinates": [
          [
            [
              -0.68896748328414,
              44.84334375989566
            ],
            [
              -0.68896748328414,
              44.84334375989566
            ],
            [
              -0.68896748328414,
              44.84334375989566
            ],
            [
              -0.688839973300743,
              44.84355894042519
            ],
            [
              -0.687978956378866,
              44.84524112507228
            ]
          ]
        ]
      }
    },
    {
      "type": "Feature",
      "properties": {
        "fid": 403,
        "GID": 395,
        "TERRIT_P": "PT_OUEST",
        "GO_DESCRITION": "recalibrage de voie",
        "GPOLE_SUIVI_OPE_AMENAGEMENT_EP_COMMUNES": "Parempuyre",
        "GPOLE_SUIVI_OPE_AMENAGEMENT_EP_LIBELLE_PROJET": "PAREM-054 Recalibrage de l'avenue de Labarde (ex RD209)",
        "GPOLE_SUIVI_OPE_AMENAGEMENT_EP_STATUT_PROJET": "Conception",
        "GPOLE_SUIVI_OPE_AMENAGEMENT_EP_CHEF_DE_PROJET": "GOURAUD Simon",
        "GPOLE_SUIVI_OPE_AMENAGEMENT_EP_DESCRIPTION_PROJET": "Le projet de réaménagement de la rue de Labarde consiste en son recalibrage entre le giratoire de la rue des Palus et la limite nord de la commune. La commune a confirmé son accord pour la mise en œuvre du projet initié par le département (sans aménagement cyclable).",
        "GPOLE_SUIVI_OPE_AMENAGEMENT_EP_TYPE_PROJET": "Amgt EspPublic _ Géné",
        "GPOLE_SUIVI_OPE_AMENAGEMENT_EP_PROG_FIN_PRINC_SAU": "CODEV",
        "GPOLE_SUIVI_OPE_AMENAGEMENT_EP_DEBUT_TRAVAUX": 2028,
        "GPOLE_SUIVI_OPE_AMENAGEMENT_EP_FIN_TRAVAUX": 2029
      },
      "geometry": {
        "type": "MultiLineString",
        "coordinates": [
          [
            [
              -0.559889937116898,
              44.94385775127794
            ],
            [
              -0.558413559632288,
              44.946102476732335
            ],
            [
              -0.556640641674822,
              44.948288870328206
            ],
            [
              -0.556216165188158,
              44.94881231334171
            ],
            [
              -0.555957073888992,
              44.94914557661864
            ],
            [
              -0.554219217080342,
              44.95169195573391
            ],
            [
              -0.55403159849996,
              44.95193822234046
            ],
            [
              -0.553910236728196,
              44.95206198899516
            ],
            [
              -0.553236180894676,
              44.95261094289021
            ],
            [
              -0.553113525590746,
              44.952740513900345
            ],
            [
              -0.552975061582459,
              44.95294272998222
            ],
            [
              -0.552272996703716,
              44.9543897290204
            ],
            [
              -0.552167189823653,
              44.954605249024006
            ],
            [
              -0.551558308971904,
              44.95587323674239
            ],
            [
              -0.551491157031582,
              44.95604098168988
            ],
            [
              -0.550985725585888,
              44.95773550607104
            ],
            [
              -0.550919483366163,
              44.9580700467778
            ],
            [
              -0.550915916375512,
              44.95821770571877
            ],
            [
              -0.550951294200532,
              44.9583940579995
            ],
            [
              -0.551750463157767,
              44.96113393911664
            ],
            [
              -0.552213512611235,
              44.96292990735933
            ],
            [
              -0.55253646474007,
              44.96418922888938
            ],
            [
              -0.552658738727482,
              44.96464436813449
            ],
            [
              -0.552916446369202,
              44.965367144266025
            ],
            [
              -0.553254475847947,
              44.96629513780283
            ],
            [
              -0.553420036467515,
              44.96674424387818
            ],
            [
              -0.553501241199587,
              44.9669802408038
            ],
            [
              -0.553667032822845,
              44.96741249479623
            ],
            [
              -0.553876643925882,
              44.967915175568905
            ],
            [
              -0.555573605429543,
              44.97092143519738
            ],
            [
              -0.555778808968356,
              44.97126418167695
            ],
            [
              -0.556466838887115,
              44.972248455296004
            ],
            [
              -0.55707202200144,
              44.97312604386392
            ],
            [
              -0.55747262432142,
              44.97369149325733
            ],
            [
              -0.557753577940674,
              44.97402466977147
            ]
          ]
        ]
      }
    },
    {
      "type": "Feature",
      "properties": {
        "fid": 405,
        "GID": 397,
        "TERRIT_P": "PT_OUEST",
        "GO_DESCRITION": "zone apaisée",
        "GPOLE_SUIVI_OPE_AMENAGEMENT_EP_COMMUNES": "Mérignac",
        "GPOLE_SUIVI_OPE_AMENAGEMENT_EP_LIBELLE_PROJET": "MERIG-077 ... Rue Maubec",
        "GPOLE_SUIVI_OPE_AMENAGEMENT_EP_STATUT_PROJET": "Réception",
        "GPOLE_SUIVI_OPE_AMENAGEMENT_EP_CHEF_DE_PROJET": "DEFOUG Anne Helene",
        "GPOLE_SUIVI_OPE_AMENAGEMENT_EP_DESCRIPTION_PROJET": "CR réunion mairie du 8 avril 2022 par Anne-Hélène :\n-\tEn accompagnement du parc Maubec (travaux automne 2022, ouverture printemps 2023), travail en coordination avec Patrice Heinry du CRP. \n-\tA traiter en zone de rencontre, avoir un traitement apaisé (laisser tout à plat), esprit cœur de bourg : par exemple avec des pavés résine\n-\tElargir la rue pour la redresser en prenant sur le foncier Ville, et avoir la même largeur partout (sans pincement)\n-\tLa haie bocagère prévue par le CRP peut évoluer en largeur et/ou en implantation\n-\tLa rue restera en sens unique, sans impasse\n-\tLes revêtements de la placette sont à reprendre (enrobé, signalisation)\n-\tDemande d’enfouissement : éclairage public, Enedis, Orange\n-\tEtudier le sujet des eaux pluviales\n-\tGérer la question des poubelles et celle du stationnement\n+ petite place à traiter (enrobés, marquages, …)",
        "GPOLE_SUIVI_OPE_AMENAGEMENT_EP_TYPE_PROJET": "Amgt EspPublic _ Géné",
        "GPOLE_SUIVI_OPE_AMENAGEMENT_EP_PROG_FIN_PRINC_SAU": "FIC",
        "GPOLE_SUIVI_OPE_AMENAGEMENT_EP_DEBUT_TRAVAUX": 2025,
        "GPOLE_SUIVI_OPE_AMENAGEMENT_EP_FIN_TRAVAUX": 2025
      },
      "geometry": {
        "type": "MultiLineString",
        "coordinates": [
          [
            [
              -0.644982283838978,
              44.85112491584346
            ],
            [
              -0.645077678660402,
              44.85088133647036
            ],
            [
              -0.645664812670651,
              44.85069182393053
            ],
            [
              -0.645764192640073,
              44.85068332599772
            ],
            [
              -0.646026810916366,
              44.850710857964316
            ],
            [
              -0.646265007617877,
              44.85076070175719
            ]
          ]
        ]
      }
    },
    {
      "type": "Feature",
      "properties": {
        "fid": 414,
        "GID": 463,
        "TERRIT_P": "PT_OUEST",
        "GO_DESCRITION": "amgt general",
        "GPOLE_SUIVI_OPE_AMENAGEMENT_EP_COMMUNES": "Bruges",
        "GPOLE_SUIVI_OPE_AMENAGEMENT_EP_LIBELLE_PROJET": "BRUGE-067...Aménagement de l'avenue de l'Europe",
        "GPOLE_SUIVI_OPE_AMENAGEMENT_EP_STATUT_PROJET": "Conception",
        "GPOLE_SUIVI_OPE_AMENAGEMENT_EP_CHEF_DE_PROJET": "SINTES Philippe",
        "GPOLE_SUIVI_OPE_AMENAGEMENT_EP_DESCRIPTION_PROJET": "Depuis plusieurs années, l'avenue de l'Europe entre le secteur Terrefort et la rue du Jarteau s'est dégradée en raison de déformations liées à la présence de pins parasols et de leurs racines. L'étude aura pour objectif d'identifier comment résoudre cette problématique et de proposer un programme d'action. Elle comportera un volet paysager important au regard des enjeux liés à la présence d'alignements de pins sur cet axe.",
        "GPOLE_SUIVI_OPE_AMENAGEMENT_EP_TYPE_PROJET": "Amgt EspPublic _ Géné",
        "GPOLE_SUIVI_OPE_AMENAGEMENT_EP_PROG_FIN_PRINC_SAU": "CODEV",
        "GPOLE_SUIVI_OPE_AMENAGEMENT_EP_DEBUT_TRAVAUX": null,
        "GPOLE_SUIVI_OPE_AMENAGEMENT_EP_FIN_TRAVAUX": null
      },
      "geometry": {
        "type": "MultiLineString",
        "coordinates": [
          [
            [
              -0.61427593782767,
              44.87796525055029
            ],
            [
              -0.613951392331166,
              44.8782397855436
            ],
            [
              -0.613569525496026,
              44.8785842868905
            ],
            [
              -0.613113832514321,
              44.87899282439983
            ],
            [
              -0.612809142733916,
              44.87926817636604
            ],
            [
              -0.612702324426214,
              44.879353621835584
            ],
            [
              -0.612499432120846,
              44.8795911881879
            ],
            [
              -0.612327891523085,
              44.879813334258586
            ],
            [
              -0.612203755671152,
              44.87999766922299
            ],
            [
              -0.612096151039983,
              44.880201109024455
            ],
            [
              -0.611964676782181,
              44.88049139092227
            ],
            [
              -0.611815625571202,
              44.880835041109755
            ],
            [
              -0.611766369623738,
              44.88109005030618
            ],
            [
              -0.611713310673029,
              44.88135085328019
            ],
            [
              -0.611664362816251,
              44.881584636889805
            ],
            [
              -0.61158744399512,
              44.88178246247436
            ],
            [
              -0.611498112452323,
              44.88196652517567
            ],
            [
              -0.611433001992042,
              44.88208958690639
            ],
            [
              -0.61127225369893,
              44.88232336433681
            ],
            [
              -0.611169488209389,
              44.882471873084334
            ],
            [
              -0.610989476466724,
              44.88266810726116
            ],
            [
              -0.610805336608161,
              44.882879853254494
            ],
            [
              -0.610661833111073,
              44.883042701829304
            ],
            [
              -0.610635858175186,
              44.88307822887016
            ],
            [
              -0.610512257803107,
              44.88323484291861
            ],
            [
              -0.610463603586822,
              44.883306563630164
            ],
            [
              -0.61039684178751,
              44.88341818904357
            ],
            [
              -0.610356951538561,
              44.883525877847156
            ],
            [
              -0.610333997313835,
              44.883593307589656
            ],
            [
              -0.61033730102006,
              44.88389650898171
            ],
            [
              -0.610383917060452,
              44.88401366882273
            ],
            [
              -0.610424449530233,
              44.88410646923583
            ],
            [
              -0.610592532079048,
              44.88435743312215
            ],
            [
              -0.610795838347091,
              44.884658693114915
            ],
            [
              -0.610972480558965,
              44.884915297894196
            ],
            [
              -0.611036289404631,
              44.8850145181392
            ],
            [
              -0.611108821718058,
              44.885211299821016
            ]
          ]
        ]
      }
    },
    {
      "type": "Feature",
      "properties": {
        "fid": 417,
        "GID": 466,
        "TERRIT_P": "PT_OUEST",
        "GO_DESCRITION": "amgt trottoir",
        "GPOLE_SUIVI_OPE_AMENAGEMENT_EP_COMMUNES": "Le Haillan",
        "GPOLE_SUIVI_OPE_AMENAGEMENT_EP_LIBELLE_PROJET": "HAILL-063 ... 24 Rue Colbert - résorption discontinuité de trottoir (PAVE)",
        "GPOLE_SUIVI_OPE_AMENAGEMENT_EP_STATUT_PROJET": "Exécution",
        "GPOLE_SUIVI_OPE_AMENAGEMENT_EP_CHEF_DE_PROJET": "LEFEVRE Coralie",
        "GPOLE_SUIVI_OPE_AMENAGEMENT_EP_DESCRIPTION_PROJET": "La résidence du n°24 rue Colbert à récemment mis en œuvre une clôture avec portail le long de sa parcelle, permettant ainsi de créer une trottoir dans cette zone et résorber une discontinuité identifiée en priorité 1 du PAVE de la commune.",
        "GPOLE_SUIVI_OPE_AMENAGEMENT_EP_TYPE_PROJET": "Amgt EspPublic _ Géné",
        "GPOLE_SUIVI_OPE_AMENAGEMENT_EP_PROG_FIN_PRINC_SAU": "FIC",
        "GPOLE_SUIVI_OPE_AMENAGEMENT_EP_DEBUT_TRAVAUX": 2026,
        "GPOLE_SUIVI_OPE_AMENAGEMENT_EP_FIN_TRAVAUX": 2026
      },
      "geometry": {
        "type": "MultiLineString",
        "coordinates": [
          [
            [
              -0.679814577984195,
              44.8800837133228
            ],
            [
              -0.679682875618297,
              44.88001148615407
            ],
            [
              -0.67953789720231,
              44.87992383273225
            ],
            [
              -0.679405430528262,
              44.879826679489305
            ],
            [
              -0.679292674342846,
              44.87973275655755
            ],
            [
              -0.679231646936454,
              44.87967559269493
            ],
            [
              -0.679152246079693,
              44.87959671128348
            ],
            [
              -0.679110881274945,
              44.879556747019045
            ]
          ]
        ]
      }
    },
    {
      "type": "Feature",
      "properties": {
        "fid": 418,
        "GID": 467,
        "TERRIT_P": "PT_OUEST",
        "GO_DESCRITION": "voie transp com/covoit \n+ amgt cycl",
        "GPOLE_SUIVI_OPE_AMENAGEMENT_EP_COMMUNES": "Mérignac",
        "GPOLE_SUIVI_OPE_AMENAGEMENT_EP_LIBELLE_PROJET": "MERIG-098... OIM BA - Création de voies réservées au transport en commun et covoiturage et création d'une voie cyclable - route de Bordeaux (RD 106)",
        "GPOLE_SUIVI_OPE_AMENAGEMENT_EP_STATUT_PROJET": "Conception",
        "GPOLE_SUIVI_OPE_AMENAGEMENT_EP_CHEF_DE_PROJET": "SAVORGNAN Margaux",
        "GPOLE_SUIVI_OPE_AMENAGEMENT_EP_DESCRIPTION_PROJET": "Le projet prévoit la création de voies dédiées au transport en commun et au covoiturage et d'une voie cyclable le long de la RD 106 (avenue de Bordeaux) entre l'avenue de l’Argonne et la rue de la Poudrière.\nIl s'inscrit dans l'objectif de fluidifier la circulation sur les pénétrantes métropolitaines, fortement saturées, en favorisant le report modal vers les transports en commun, le covoiturage et le vélo.",
        "GPOLE_SUIVI_OPE_AMENAGEMENT_EP_TYPE_PROJET": "Amgt EspPublic _ Géné",
        "GPOLE_SUIVI_OPE_AMENAGEMENT_EP_PROG_FIN_PRINC_SAU": "OIM",
        "GPOLE_SUIVI_OPE_AMENAGEMENT_EP_DEBUT_TRAVAUX": 2028,
        "GPOLE_SUIVI_OPE_AMENAGEMENT_EP_FIN_TRAVAUX": 2030
      },
      "geometry": {
        "type": "MultiLineString",
        "coordinates": [
          [
            [
              -0.730381686379172,
              44.81386672662007
            ],
            [
              -0.727931687356816,
              44.813763749736275
            ],
            [
              -0.726475745271001,
              44.8136766260528
            ],
            [
              -0.725969122086136,
              44.81362781749634
            ],
            [
              -0.723865630047122,
              44.81330238133433
            ],
            [
              -0.722171879520488,
              44.81304015264952
            ],
            [
              -0.721617165919573,
              44.81296777667073
            ],
            [
              -0.721199077326637,
              44.81294532928133
            ],
            [
              -0.720556227367802,
              44.81296617739972
            ],
            [
              -0.719944927437254,
              44.813044457439034
            ],
            [
              -0.716114669698796,
              44.813684540324104
            ],
            [
              -0.715304887954591,
              44.81381906392542
            ],
            [
              -0.714959030206158,
              44.81386873715226
            ],
            [
              -0.714697440535095,
              44.813876829515806
            ],
            [
              -0.714262263191945,
              44.8138347348516
            ],
            [
              -0.713791526585603,
              44.81377109731311
            ]
          ]
        ]
      }
    },
    {
      "type": "Feature",
      "properties": {
        "fid": 419,
        "GID": 468,
        "TERRIT_P": "PT_OUEST",
        "GO_DESCRITION": "requalif° de voie",
        "GPOLE_SUIVI_OPE_AMENAGEMENT_EP_COMMUNES": "Mérignac",
        "GPOLE_SUIVI_OPE_AMENAGEMENT_EP_LIBELLE_PROJET": "MERIG-099...Avenue Henri Vigneau (section Kennedy - Yser)",
        "GPOLE_SUIVI_OPE_AMENAGEMENT_EP_STATUT_PROJET": "Conception",
        "GPOLE_SUIVI_OPE_AMENAGEMENT_EP_CHEF_DE_PROJET": "GOURAUD Simon",
        "GPOLE_SUIVI_OPE_AMENAGEMENT_EP_DESCRIPTION_PROJET": "Requalification de la voie structurante N/S entre le quartier Chemin Long et le secteur de Pichey. Création de cheminements piétons aux normes, recalibrage de la voie afin d'apaiser la circulation, création de places de stationnement et confortement du cheminement cyclable. Linéaire 950 m.",
        "GPOLE_SUIVI_OPE_AMENAGEMENT_EP_TYPE_PROJET": "Amgt EspPublic _ Géné",
        "GPOLE_SUIVI_OPE_AMENAGEMENT_EP_PROG_FIN_PRINC_SAU": "CODEV",
        "GPOLE_SUIVI_OPE_AMENAGEMENT_EP_DEBUT_TRAVAUX": 2028,
        "GPOLE_SUIVI_OPE_AMENAGEMENT_EP_FIN_TRAVAUX": 2029
      },
      "geometry": {
        "type": "MultiLineString",
        "coordinates": [
          [
            [
              -0.667253786944898,
              44.84155030185212
            ],
            [
              -0.667169402344361,
              44.84133652960155
            ],
            [
              -0.667081434747769,
              44.84105513198768
            ],
            [
              -0.666987457276437,
              44.84076853968153
            ],
            [
              -0.666859969125547,
              44.84035827979248
            ],
            [
              -0.666698321976961,
              44.83988474719877
            ],
            [
              -0.666619159630816,
              44.83964634662697
            ],
            [
              -0.666588914177659,
              44.83943372872256
            ],
            [
              -0.666646327843131,
              44.83913621881126
            ],
            [
              -0.666835242099164,
              44.838704342121
            ],
            [
              -0.667062089195055,
              44.83819322777342
            ],
            [
              -0.667326442257211,
              44.83757789776474
            ],
            [
              -0.66748942178348,
              44.83705132119214
            ],
            [
              -0.667536843469414,
              44.83684556924193
            ],
            [
              -0.667585025422146,
              44.83642304720367
            ],
            [
              -0.667621463555932,
              44.83622575684982
            ],
            [
              -0.667498025354267,
              44.83585613535399
            ],
            [
              -0.667172449035629,
              44.835172885262665
            ],
            [
              -0.666774988230576,
              44.83454987487653
            ],
            [
              -0.666435642510598,
              44.8340454391587
            ],
            [
              -0.666151615377313,
              44.83354648088332
            ]
          ]
        ]
      }
    },
    {
      "type": "Feature",
      "properties": {
        "fid": 420,
        "GID": 544,
        "TERRIT_P": "PT_OUEST",
        "GO_DESCRITION": "requalif° de l'avenue",
        "GPOLE_SUIVI_OPE_AMENAGEMENT_EP_COMMUNES": "Saint-Médard-en-Jalles",
        "GPOLE_SUIVI_OPE_AMENAGEMENT_EP_LIBELLE_PROJET": "StMED-071 ... Avenue de Martignas (Hugon / Gay Lussac)",
        "GPOLE_SUIVI_OPE_AMENAGEMENT_EP_STATUT_PROJET": "Conception",
        "GPOLE_SUIVI_OPE_AMENAGEMENT_EP_CHEF_DE_PROJET": "VILLAUME Aline",
        "GPOLE_SUIVI_OPE_AMENAGEMENT_EP_DESCRIPTION_PROJET": "Etudes de requalification de la section de l'avenue de Martignas comprise entre l'avenue Gay Lussac et la rue Hugon.",
        "GPOLE_SUIVI_OPE_AMENAGEMENT_EP_TYPE_PROJET": "Amgt EspPublic _ Géné",
        "GPOLE_SUIVI_OPE_AMENAGEMENT_EP_PROG_FIN_PRINC_SAU": "CODEV",
        "GPOLE_SUIVI_OPE_AMENAGEMENT_EP_DEBUT_TRAVAUX": null,
        "GPOLE_SUIVI_OPE_AMENAGEMENT_EP_FIN_TRAVAUX": null
      },
      "geometry": {
        "type": "MultiLineString",
        "coordinates": [
          [
            [
              -0.731221736624968,
              44.8643724789608
            ],
            [
              -0.730493531366052,
              44.864375171094146
            ],
            [
              -0.729717698021284,
              44.864364193933305
            ],
            [
              -0.729216925434229,
              44.864357895618426
            ],
            [
              -0.728880302542137,
              44.86435910159662
            ],
            [
              -0.728734034431913,
              44.86437929716985
            ],
            [
              -0.728628582852055,
              44.86445860501033
            ],
            [
              -0.728469656882387,
              44.8646452473184
            ],
            [
              -0.728226760013879,
              44.86510409285333
            ],
            [
              -0.728067138537147,
              44.86545417718911
            ],
            [
              -0.727900898573783,
              44.86559835623509
            ],
            [
              -0.727538119391758,
              44.865812031461445
            ],
            [
              -0.726934816054282,
              44.86616528781059
            ]
          ]
        ]
      }
    },
    {
      "type": "Feature",
      "properties": {
        "fid": 421,
        "GID": 545,
        "TERRIT_P": "PT_OUEST",
        "GO_DESCRITION": "secur° modes doux",
        "GPOLE_SUIVI_OPE_AMENAGEMENT_EP_COMMUNES": "Eysines",
        "GPOLE_SUIVI_OPE_AMENAGEMENT_EP_LIBELLE_PROJET": "EYSIN-068 Opération Aménagement Centre Bourg",
        "GPOLE_SUIVI_OPE_AMENAGEMENT_EP_STATUT_PROJET": "A lancer",
        "GPOLE_SUIVI_OPE_AMENAGEMENT_EP_CHEF_DE_PROJET": "HARO Stéphanie",
        "GPOLE_SUIVI_OPE_AMENAGEMENT_EP_DESCRIPTION_PROJET": "Suites de l'étude Pré opérationnelle réalisée par la Fab sur le CODEV5. Cette fiche devra être actualisée dès que l'outil d'aménagement sera connu avec les dépenses associées.",
        "GPOLE_SUIVI_OPE_AMENAGEMENT_EP_TYPE_PROJET": "Amgt EspPublic _ Géné",
        "GPOLE_SUIVI_OPE_AMENAGEMENT_EP_PROG_FIN_PRINC_SAU": null,
        "GPOLE_SUIVI_OPE_AMENAGEMENT_EP_DEBUT_TRAVAUX": null,
        "GPOLE_SUIVI_OPE_AMENAGEMENT_EP_FIN_TRAVAUX": null
      },
      "geometry": {
        "type": "MultiLineString",
        "coordinates": [
          [
            [
              -0.647240559090812,
              44.88771425444252
            ],
            [
              -0.646841187929582,
              44.88777505662869
            ],
            [
              -0.646335406012327,
              44.88772638901831
            ],
            [
              -0.646212010515147,
              44.88773286155216
            ],
            [
              -0.645959454573421,
              44.88769680503366
            ],
            [
              -0.645977776386602,
              44.887625953245696
            ],
            [
              -0.645805836996656,
              44.88760425159008
            ],
            [
              -0.64502925840077,
              44.88750956490608
            ],
            [
              -0.644791616227986,
              44.8874808658677
            ],
            [
              -0.644588986266572,
              44.88745275762373
            ],
            [
              -0.644134348747945,
              44.887389201580746
            ],
            [
              -0.644140419531728,
              44.88737900806863
            ],
            [
              -0.644213361082662,
              44.887256142441586
            ],
            [
              -0.644263055094079,
              44.887172396201194
            ],
            [
              -0.644361527746818,
              44.88700646434896
            ],
            [
              -0.644448554648953,
              44.88685990627199
            ],
            [
              -0.644425186937747,
              44.88685308693525
            ],
            [
              -0.644564909188417,
              44.886610164720025
            ],
            [
              -0.6447005444403,
              44.886374759931044
            ],
            [
              -0.644854661383953,
              44.886107054048395
            ],
            [
              -0.644952144047699,
              44.885937549880644
            ],
            [
              -0.644970758870648,
              44.88590533479102
            ],
            [
              -0.645011014538254,
              44.885836663909835
            ],
            [
              -0.645320319114489,
              44.88590856102447
            ],
            [
              -0.645610842802718,
              44.88592799913572
            ],
            [
              -0.645599488086115,
              44.885950793422495
            ],
            [
              -0.645959107748854,
              44.88598279278161
            ],
            [
              -0.646122687468962,
              44.88566245764124
            ],
            [
              -0.646221974088993,
              44.88544954370686
            ],
            [
              -0.64630314443342,
              44.88528445377767
            ],
            [
              -0.646336810862969,
              44.88522003352708
            ],
            [
              -0.646486175898283,
              44.88491533596992
            ],
            [
              -0.646647634240331,
              44.88459183715757
            ],
            [
              -0.646040588093104,
              44.88442236593913
            ],
            [
              -0.646087038245543,
              44.88433349769086
            ],
            [
              -0.646343278042011,
              44.884403937628285
            ],
            [
              -0.646761145686001,
              44.88359737085196
            ],
            [
              -0.647064089993021,
              44.88307302148015
            ],
            [
              -0.647524062705323,
              44.88324125164366
            ],
            [
              -0.647811449241044,
              44.88331735689225
            ],
            [
              -0.647945340431462,
              44.88314073801488
            ],
            [
              -0.64800748334107,
              44.883001639896015
            ],
            [
              -0.648085607546318,
              44.88282680702945
            ],
            [
              -0.648171413878903,
              44.882635242661856
            ],
            [
              -0.64822790428086,
              44.88250893718665
            ],
            [
              -0.648269585176561,
              44.88248084711244
            ],
            [
              -0.648763897969976,
              44.8824532107617
            ],
            [
              -0.648992356274765,
              44.88243526144439
            ],
            [
              -0.649045214207861,
              44.88243158605434
            ],
            [
              -0.649223589601588,
              44.882419114512324
            ],
            [
              -0.649220592824733,
              44.88243380413466
            ],
            [
              -0.64947493755235,
              44.88242844691704
            ],
            [
              -0.649810021127291,
              44.88242149268615
            ],
            [
              -0.649864682466033,
              44.882420281472925
            ],
            [
              -0.649934183201203,
              44.88242129718748
            ],
            [
              -0.650159824805241,
              44.88242487577643
            ],
            [
              -0.650421803677951,
              44.88242800992029
            ],
            [
              -0.650422756186151,
              44.88240906174618
            ],
            [
              -0.650717169915394,
              44.88242214585863
            ],
            [
              -0.651192140271333,
              44.88247313172782
            ],
            [
              -0.651246917352255,
              44.882481735304474
            ],
            [
              -0.651325322504623,
              44.882503274125085
            ],
            [
              -0.65142024899043,
              44.88253158002077
            ],
            [
              -0.651669039265126,
              44.882588463925245
            ],
            [
              -0.651995888736067,
              44.882659419788894
            ],
            [
              -0.652138244816821,
              44.88269034810707
            ],
            [
              -0.652184642701307,
              44.88256886823507
            ],
            [
              -0.652277271660934,
              44.88240716963028
            ],
            [
              -0.652317028876157,
              44.88239472425092
            ],
            [
              -0.652522933190216,
              44.88248063740973
            ],
            [
              -0.652580060654525,
              44.88251429844649
            ],
            [
              -0.652655610179328,
              44.882558719236705
            ],
            [
              -0.652620693097882,
              44.88261749291486
            ],
            [
              -0.652727731255668,
              44.882656940081596
            ],
            [
              -0.652835424638991,
              44.882696726473874
            ],
            [
              -0.652892380398958,
              44.88271769100896
            ],
            [
              -0.652991219485133,
              44.88275172561028
            ],
            [
              -0.653074466958047,
              44.8827696847478
            ],
            [
              -0.653239862988542,
              44.88280825053512
            ],
            [
              -0.65337422985085,
              44.88284105512216
            ],
            [
              -0.653506566993622,
              44.88287581643392
            ],
            [
              -0.653830252833985,
              44.88297272280517
            ],
            [
              -0.654010120384158,
              44.88304163203357
            ],
            [
              -0.654194056781025,
              44.883112752633075
            ],
            [
              -0.654191934992751,
              44.8831272341821
            ],
            [
              -0.65443841009667,
              44.88323139061542
            ],
            [
              -0.654390649492445,
              44.88336327493752
            ],
            [
              -0.654348643393394,
              44.883517946064615
            ],
            [
              -0.65418963428333,
              44.884025177176376
            ],
            [
              -0.654139790829972,
              44.884184153421145
            ],
            [
              -0.653993912285112,
              44.884590879306714
            ],
            [
              -0.653859272691424,
              44.88497706551189
            ],
            [
              -0.653532478013752,
              44.884817379877994
            ],
            [
              -0.653347183828888,
              44.884726933542375
            ],
            [
              -0.653174541775794,
              44.8846721147612
            ],
            [
              -0.653038299604645,
              44.884645765934614
            ],
            [
              -0.652723666789298,
              44.884555863552535
            ],
            [
              -0.65253389932142,
              44.88500597392439
            ],
            [
              -0.652455484141515,
              44.885198025516594
            ],
            [
              -0.652419423101727,
              44.885288725504324
            ],
            [
              -0.652403475805164,
              44.88532896397935
            ],
            [
              -0.652386267677798,
              44.8853732966666
            ],
            [
              -0.652334973110976,
              44.88550150967367
            ],
            [
              -0.652363489841851,
              44.88551158548289
            ],
            [
              -0.652357123795443,
              44.88555304813215
            ],
            [
              -0.651698419194116,
              44.88545859115401
            ],
            [
              -0.651072361701562,
              44.88537137163744
            ],
            [
              -0.650962830386578,
              44.88533263331191
            ],
            [
              -0.650953468502524,
              44.88539680297019
            ],
            [
              -0.650918625576429,
              44.885494760158885
            ],
            [
              -0.650875758824003,
              44.88561405418532
            ],
            [
              -0.650838846678201,
              44.88571135699298
            ],
            [
              -0.650657602550184,
              44.88599444491129
            ],
            [
              -0.650593855470382,
              44.88609621108108
            ],
            [
              -0.650524188932552,
              44.886206544739174
            ],
            [
              -0.650465379524752,
              44.886296261478975
            ],
            [
              -0.650393913547169,
              44.88640620229089
            ],
            [
              -0.650373888761044,
              44.88643612136096
            ],
            [
              -0.650338733256658,
              44.88649120835671
            ],
            [
              -0.650267756575201,
              44.886598881290645
            ],
            [
              -0.650065559953095,
              44.88686137972495
            ],
            [
              -0.649938998129994,
              44.88699618157332
            ],
            [
              -0.649832330903334,
              44.88710840467073
            ],
            [
              -0.649785990294241,
              44.887155702190135
            ],
            [
              -0.64946996476643,
              44.88752465481417
            ],
            [
              -0.649417849571581,
              44.887592085857584
            ],
            [
              -0.649345375924768,
              44.887560266101566
            ],
            [
              -0.649292043662188,
              44.88762449305525
            ],
            [
              -0.649272509932427,
              44.887616200589214
            ],
            [
              -0.649226870826317,
              44.88766585768848
            ],
            [
              -0.649315969644718,
              44.88770606317177
            ],
            [
              -0.649179991443687,
              44.88783987027232
            ],
            [
              -0.648728383539801,
              44.88764633429528
            ],
            [
              -0.648486601796002,
              44.88754237530167
            ],
            [
              -0.64846840221367,
              44.887409183737866
            ],
            [
              -0.648049063520807,
              44.88737081696992
            ],
            [
              -0.647250035395659,
              44.887369830895814
            ],
            [
              -0.647240559090812,
              44.88771425444252
            ]
          ]
        ]
      }
    },
    {
      "type": "Feature",
      "properties": {
        "fid": 422,
        "GID": 547,
        "TERRIT_P": "PT_OUEST",
        "GO_DESCRITION": "securis° déplacts doux",
        "GPOLE_SUIVI_OPE_AMENAGEMENT_EP_COMMUNES": "Le Taillan-Médoc",
        "GPOLE_SUIVI_OPE_AMENAGEMENT_EP_LIBELLE_PROJET": "TAILL-057...Etude d'aménagement des voies périphériques du collège : avenue de La Boétie (entre chemin du petit hontane et avenue de Soulac)",
        "GPOLE_SUIVI_OPE_AMENAGEMENT_EP_STATUT_PROJET": "Conception",
        "GPOLE_SUIVI_OPE_AMENAGEMENT_EP_CHEF_DE_PROJET": "GUIRAUD Sebastien",
        "GPOLE_SUIVI_OPE_AMENAGEMENT_EP_DESCRIPTION_PROJET": "En vue de l’ouverture à la rentrée 2026 d’un nouveau collège sur la commune du Taillan-Médoc, une démanche d'action est activée pour l’élaboration d'aménagements dédiés aux mobilités douces sur les voies entourant l’établissement. \n\nIl s'agit donc de prévoir sur cette section de l'avenue de la Boétie des aménagements permettant de sécuriser les déplacements des collégiens (création d'une voie verte) , en ralentissant les véhicules et en protégeant les traversées notamment, ainsi que de rendre les trottoirs accessibles.",
        "GPOLE_SUIVI_OPE_AMENAGEMENT_EP_TYPE_PROJET": "Amgt EspPublic _ Géné",
        "GPOLE_SUIVI_OPE_AMENAGEMENT_EP_PROG_FIN_PRINC_SAU": "CODEV",
        "GPOLE_SUIVI_OPE_AMENAGEMENT_EP_DEBUT_TRAVAUX": 2028,
        "GPOLE_SUIVI_OPE_AMENAGEMENT_EP_FIN_TRAVAUX": 2028
      },
      "geometry": {
        "type": "MultiLineString",
        "coordinates": [
          [
            [
              -0.674707774225652,
              44.91002019480278
            ],
            [
              -0.674473623040909,
              44.91000225187415
            ],
            [
              -0.673939379866888,
              44.909922367301064
            ],
            [
              -0.673571492950003,
              44.9098409907271
            ],
            [
              -0.673211109343244,
              44.90977585663692
            ],
            [
              -0.672945275738917,
              44.90975010364137
            ],
            [
              -0.672647802572006,
              44.909731135266696
            ],
            [
              -0.671752816924943,
              44.90969160448557
            ],
            [
              -0.671557344420129,
              44.909679796198304
            ],
            [
              -0.671110979367084,
              44.90964192910712
            ],
            [
              -0.670959652426482,
              44.90963455300143
            ],
            [
              -0.670723570544621,
              44.909590269846504
            ],
            [
              -0.670252183322588,
              44.90947411118319
            ],
            [
              -0.669413423988543,
              44.90921698741905
            ],
            [
              -0.668998592103812,
              44.9090914836196
            ]
          ]
        ]
      }
    },
    {
      "type": "Feature",
      "properties": {
        "fid": 423,
        "GID": 548,
        "TERRIT_P": "PT_OUEST",
        "GO_DESCRITION": "amgt general",
        "GPOLE_SUIVI_OPE_AMENAGEMENT_EP_COMMUNES": "Le Taillan-Médoc",
        "GPOLE_SUIVI_OPE_AMENAGEMENT_EP_LIBELLE_PROJET": "TAILL-060...aménagement avenue de Soulac (entre rue Tabarly et rue de la liberté)",
        "GPOLE_SUIVI_OPE_AMENAGEMENT_EP_STATUT_PROJET": "Conception",
        "GPOLE_SUIVI_OPE_AMENAGEMENT_EP_CHEF_DE_PROJET": "MOINEREAU Jean-Philippe",
        "GPOLE_SUIVI_OPE_AMENAGEMENT_EP_DESCRIPTION_PROJET": "En lien et en cohérence avec le projet \"Coeur de ville\" en cours, il est proposé d'étudier le réaménagement de cette section de l'avenue de Soulac , rendu possible depuis l'ouverture de la déviation du Taillan-Médoc",
        "GPOLE_SUIVI_OPE_AMENAGEMENT_EP_TYPE_PROJET": "Amgt EspPublic _ Géné",
        "GPOLE_SUIVI_OPE_AMENAGEMENT_EP_PROG_FIN_PRINC_SAU": "CODEV",
        "GPOLE_SUIVI_OPE_AMENAGEMENT_EP_DEBUT_TRAVAUX": 2028,
        "GPOLE_SUIVI_OPE_AMENAGEMENT_EP_FIN_TRAVAUX": 2031
      },
      "geometry": {
        "type": "MultiLineString",
        "coordinates": [
          [
            [
              -0.669032971127021,
              44.90414505270761
            ],
            [
              -0.669014077024256,
              44.90489642680295
            ],
            [
              -0.668999901178704,
              44.905190397151216
            ],
            [
              -0.668993897408542,
              44.90531551989319
            ],
            [
              -0.668992162440581,
              44.906000038968344
            ]
          ]
        ]
      }
    },
    {
      "type": "Feature",
      "properties": {
        "fid": 427,
        "GID": 560,
        "TERRIT_P": "PT_OUEST",
        "GO_DESCRITION": "amgt general",
        "GPOLE_SUIVI_OPE_AMENAGEMENT_EP_COMMUNES": "Le Haillan",
        "GPOLE_SUIVI_OPE_AMENAGEMENT_EP_LIBELLE_PROJET": "HAILL-066 - ZAC Cœur de Ville",
        "GPOLE_SUIVI_OPE_AMENAGEMENT_EP_STATUT_PROJET": "Exécution",
        "GPOLE_SUIVI_OPE_AMENAGEMENT_EP_CHEF_DE_PROJET": "HARO Stéphanie",
        "GPOLE_SUIVI_OPE_AMENAGEMENT_EP_DESCRIPTION_PROJET": "ZAC Coeur de Ville - concédée à la FAB",
        "GPOLE_SUIVI_OPE_AMENAGEMENT_EP_TYPE_PROJET": "Amgt EspPublic _ Géné",
        "GPOLE_SUIVI_OPE_AMENAGEMENT_EP_PROG_FIN_PRINC_SAU": "Autres",
        "GPOLE_SUIVI_OPE_AMENAGEMENT_EP_DEBUT_TRAVAUX": null,
        "GPOLE_SUIVI_OPE_AMENAGEMENT_EP_FIN_TRAVAUX": null
      },
      "geometry": {
        "type": "MultiLineString",
        "coordinates": [
          [
            [
              -0.676357726002288,
              44.872597572192205
            ],
            [
              -0.676307881852112,
              44.87261949293913
            ],
            [
              -0.675828073222031,
              44.872807436095556
            ],
            [
              -0.675668003257944,
              44.87301484489369
            ],
            [
              -0.675507808681885,
              44.87312109154403
            ],
            [
              -0.675219808575298,
              44.87280896249798
            ],
            [
              -0.675126747095668,
              44.87273242065581
            ],
            [
              -0.674929626947129,
              44.87256581852883
            ],
            [
              -0.674760046125291,
              44.872457513449085
            ],
            [
              -0.674501734090169,
              44.872265049006515
            ],
            [
              -0.674305552487867,
              44.87211309952504
            ],
            [
              -0.674246126362629,
              44.872057362430176
            ],
            [
              -0.674174381069109,
              44.87198724880922
            ],
            [
              -0.674037362180085,
              44.87179159032073
            ],
            [
              -0.673990334860522,
              44.871711760610076
            ],
            [
              -0.673843100296734,
              44.871411572202646
            ],
            [
              -0.673758708757903,
              44.8712365566197
            ],
            [
              -0.673737451197977,
              44.87119526269308
            ],
            [
              -0.67366714483569,
              44.87104852128284
            ],
            [
              -0.673626798460449,
              44.87097199779292
            ],
            [
              -0.673475547613855,
              44.87074580854494
            ],
            [
              -0.673302984667324,
              44.87051517178963
            ],
            [
              -0.673707608901171,
              44.87031654218196
            ],
            [
              -0.673891190246526,
              44.87048556481915
            ],
            [
              -0.673920568265527,
              44.870469482595844
            ],
            [
              -0.674560070247477,
              44.87085062791977
            ],
            [
              -0.674876785341314,
              44.87055889001694
            ],
            [
              -0.675638537590299,
              44.870983559047176
            ],
            [
              -0.675919147089539,
              44.87114232979763
            ],
            [
              -0.676175020257073,
              44.87128469218638
            ],
            [
              -0.676255894306062,
              44.87133306954175
            ],
            [
              -0.676692765524571,
              44.8716355245663
            ],
            [
              -0.676770903522399,
              44.87170849317841
            ],
            [
              -0.676805658263293,
              44.871723045830535
            ],
            [
              -0.677130370251127,
              44.872151727241565
            ],
            [
              -0.677220729526234,
              44.87228114487267
            ],
            [
              -0.67676542575514,
              44.87244205590559
            ],
            [
              -0.676745354216541,
              44.872415408098995
            ],
            [
              -0.676675019756793,
              44.87233570132942
            ],
            [
              -0.676554459998032,
              44.872247166262525
            ],
            [
              -0.676410865794442,
              44.87227008980007
            ],
            [
              -0.676058731239502,
              44.87242181141695
            ],
            [
              -0.676202553384357,
              44.87258697938333
            ],
            [
              -0.676257579829536,
              44.872565834520614
            ],
            [
              -0.676287903797291,
              44.872586385940956
            ],
            [
              -0.676316608037393,
              44.872595458709846
            ],
            [
              -0.676344593006858,
              44.8725987106717
            ],
            [
              -0.676357726002288,
              44.872597572192205
            ],
            [
              -0.67634782979748,
              44.87259832438232
            ]
          ]
        ]
      }
    },
    {
      "type": "Feature",
      "properties": {
        "fid": 429,
        "GID": 561,
        "TERRIT_P": "PT_OUEST",
        "GO_DESCRITION": "amgt voie verte",
        "GPOLE_SUIVI_OPE_AMENAGEMENT_EP_COMMUNES": "Le Haillan",
        "GPOLE_SUIVI_OPE_AMENAGEMENT_EP_LIBELLE_PROJET": "HAILL-059c  Voie verte Venteille-Luzerne-Tram - Séquence 5 Rue E.Rostand-Terminus tram A",
        "GPOLE_SUIVI_OPE_AMENAGEMENT_EP_STATUT_PROJET": "A lancer",
        "GPOLE_SUIVI_OPE_AMENAGEMENT_EP_CHEF_DE_PROJET": "LEFEVRE Coralie",
        "GPOLE_SUIVI_OPE_AMENAGEMENT_EP_DESCRIPTION_PROJET": "L’aménagement de la séquence 5 s’intègre dans un réseau de voies vertes projeté à l’échelle communale permettant de relier la rue de Venteille au terminus du tram Rostand en passant par l’école de la Luzerne.\nLa séquence 5 concerne le dernier tronçon depuis la rue Edmond Rostand jusqu'au terminus du Tram Rostand.",
        "GPOLE_SUIVI_OPE_AMENAGEMENT_EP_TYPE_PROJET": "Amgt EspPublic _ Géné",
        "GPOLE_SUIVI_OPE_AMENAGEMENT_EP_PROG_FIN_PRINC_SAU": "FIC",
        "GPOLE_SUIVI_OPE_AMENAGEMENT_EP_DEBUT_TRAVAUX": null,
        "GPOLE_SUIVI_OPE_AMENAGEMENT_EP_FIN_TRAVAUX": null
      },
      "geometry": {
        "type": "MultiLineString",
        "coordinates": [
          [
            [
              -0.66654762643327,
              44.85859806212959
            ],
            [
              -0.673705685824507,
              44.86158948825208
            ],
            [
              -0.672442280362442,
              44.86265340871243
            ],
            [
              -0.668791521522752,
              44.86003378306961
            ],
            [
              -0.667874765510192,
              44.861231554336086
            ],
            [
              -0.666216572980657,
              44.86022744880059
            ],
            [
              -0.666547564405729,
              44.8585981496441
            ]
          ]
        ]
      }
    },
    {
      "type": "Feature",
      "properties": {
        "fid": 430,
        "GID": 821,
        "TERRIT_P": "PT_OUEST",
        "GO_DESCRITION": "rétroc° foncière",
        "GPOLE_SUIVI_OPE_AMENAGEMENT_EP_COMMUNES": "Blanquefort",
        "GPOLE_SUIVI_OPE_AMENAGEMENT_EP_LIBELLE_PROJET": "BLANQ-077 - Collège Dupaty",
        "GPOLE_SUIVI_OPE_AMENAGEMENT_EP_STATUT_PROJET": "Exécution",
        "GPOLE_SUIVI_OPE_AMENAGEMENT_EP_CHEF_DE_PROJET": "GUIRAUD Sebastien",
        "GPOLE_SUIVI_OPE_AMENAGEMENT_EP_DESCRIPTION_PROJET": null,
        "GPOLE_SUIVI_OPE_AMENAGEMENT_EP_TYPE_PROJET": "Serv Com _ Divers",
        "GPOLE_SUIVI_OPE_AMENAGEMENT_EP_PROG_FIN_PRINC_SAU": "Autres",
        "GPOLE_SUIVI_OPE_AMENAGEMENT_EP_DEBUT_TRAVAUX": null,
        "GPOLE_SUIVI_OPE_AMENAGEMENT_EP_FIN_TRAVAUX": null
      },
      "geometry": {
        "type": "MultiLineString",
        "coordinates": [
          [
            [
              -0.627995234346328,
              44.90661785425948
            ],
            [
              -0.62641109767076,
              44.90627262875181
            ],
            [
              -0.626518663952957,
              44.906249839242435
            ],
            [
              -0.626646013664421,
              44.905964442878194
            ],
            [
              -0.626859588403745,
              44.905894167629725
            ],
            [
              -0.627012786665028,
              44.90594685062651
            ],
            [
              -0.627169672797886,
              44.90602200956537
            ],
            [
              -0.627388180520624,
              44.90615007651902
            ],
            [
              -0.62781248068119,
              44.9064206004831
            ],
            [
              -0.627836351752375,
              44.90645104098668
            ],
            [
              -0.627986624329804,
              44.9065893485134
            ],
            [
              -0.628002748794635,
              44.90660497332225
            ],
            [
              -0.627995251211296,
              44.906618122668355
            ]
          ]
        ]
      }
    },
    {
      "type": "Feature",
      "properties": {
        "fid": 433,
        "GID": 822,
        "TERRIT_P": "PT_OUEST",
        "GO_DESCRITION": "plan marche",
        "GPOLE_SUIVI_OPE_AMENAGEMENT_EP_COMMUNES": "Blanquefort",
        "GPOLE_SUIVI_OPE_AMENAGEMENT_EP_LIBELLE_PROJET": "BLANQ-078 - Rue de Jacques (entre av. Salle de Breillan et rue de la Gabarreyre)",
        "GPOLE_SUIVI_OPE_AMENAGEMENT_EP_STATUT_PROJET": "Réception",
        "GPOLE_SUIVI_OPE_AMENAGEMENT_EP_CHEF_DE_PROJET": "GUIRAUD Sebastien",
        "GPOLE_SUIVI_OPE_AMENAGEMENT_EP_DESCRIPTION_PROJET": "Aménagement de la rue de Jacques (section entre l'av. de la Salle de Breillan et la rue de la Gabarreyre) afin de sécuriser les modes doux. \nCréation d'un trottoir PMR côté est avec implantation de mobilier urbain afin de sécuriser les déplacements, réaménagement du carrefour Gabarreyre/Jacques/Cantelaude et travaux d'espaces verts.",
        "GPOLE_SUIVI_OPE_AMENAGEMENT_EP_TYPE_PROJET": "PRJ_Plan Marche",
        "GPOLE_SUIVI_OPE_AMENAGEMENT_EP_PROG_FIN_PRINC_SAU": "Autres",
        "GPOLE_SUIVI_OPE_AMENAGEMENT_EP_DEBUT_TRAVAUX": 2025,
        "GPOLE_SUIVI_OPE_AMENAGEMENT_EP_FIN_TRAVAUX": 2025
      },
      "geometry": {
        "type": "MultiLineString",
        "coordinates": [
          [
            [
              -0.6519412906128,
              44.916863882349084
            ],
            [
              -0.652239288309129,
              44.91631046747972
            ],
            [
              -0.652346698464649,
              44.916110555308585
            ],
            [
              -0.652392661113693,
              44.915909907181096
            ],
            [
              -0.65239266111382,
              44.91590990718109
            ]
          ]
        ]
      }
    },
    {
      "type": "Feature",
      "properties": {
        "fid": 434,
        "GID": 701,
        "TERRIT_P": "PT_OUEST",
        "GO_DESCRITION": "décalage de voie",
        "GPOLE_SUIVI_OPE_AMENAGEMENT_EP_COMMUNES": "Mérignac",
        "GPOLE_SUIVI_OPE_AMENAGEMENT_EP_LIBELLE_PROJET": "MERIG-109 ... Rue des Palombes jusqu'à Carref All. Pagneau",
        "GPOLE_SUIVI_OPE_AMENAGEMENT_EP_STATUT_PROJET": "Conception",
        "GPOLE_SUIVI_OPE_AMENAGEMENT_EP_CHEF_DE_PROJET": "GOURAUD Simon",
        "GPOLE_SUIVI_OPE_AMENAGEMENT_EP_DESCRIPTION_PROJET": "Décalage de la voie au droit du bâtiment D de la cité de Beutre\nLe projet commence au début de la rue de Palombe jusqu'au Carref All. Pagneau.",
        "GPOLE_SUIVI_OPE_AMENAGEMENT_EP_TYPE_PROJET": "Amgt EspPublic _ Géné",
        "GPOLE_SUIVI_OPE_AMENAGEMENT_EP_PROG_FIN_PRINC_SAU": "FIC",
        "GPOLE_SUIVI_OPE_AMENAGEMENT_EP_DEBUT_TRAVAUX": 2026,
        "GPOLE_SUIVI_OPE_AMENAGEMENT_EP_FIN_TRAVAUX": 2026
      },
      "geometry": {
        "type": "MultiLineString",
        "coordinates": [
          [
            [
              -0.700990321333009,
              44.81585474676259
            ],
            [
              -0.702946456197951,
              44.81499084149997
            ],
            [
              -0.703040011040109,
              44.81497545407846
            ],
            [
              -0.704604884548024,
              44.81519845837827
            ]
          ]
        ]
      }
    },
    {
      "type": "Feature",
      "properties": {
        "fid": 435,
        "GID": 1181,
        "TERRIT_P": "PT_OUEST",
        "GO_DESCRITION": "amgt zone apaisée",
        "GPOLE_SUIVI_OPE_AMENAGEMENT_EP_COMMUNES": "Bruges",
        "GPOLE_SUIVI_OPE_AMENAGEMENT_EP_LIBELLE_PROJET": "BRUGE-006 ... Chemin de la Grave",
        "GPOLE_SUIVI_OPE_AMENAGEMENT_EP_STATUT_PROJET": "Conception",
        "GPOLE_SUIVI_OPE_AMENAGEMENT_EP_CHEF_DE_PROJET": "MARCHAND Anne-Laure",
        "GPOLE_SUIVI_OPE_AMENAGEMENT_EP_DESCRIPTION_PROJET": "Requalification du chemin de grave permettant d'améliorer les déplacements (piétons et cycles) et de gérer le stationnement anarchique notamment au niveau de la nouvelle résidence livrée en 2023.",
        "GPOLE_SUIVI_OPE_AMENAGEMENT_EP_TYPE_PROJET": "Amgt EspPublic _ Géné",
        "GPOLE_SUIVI_OPE_AMENAGEMENT_EP_PROG_FIN_PRINC_SAU": "FIC",
        "GPOLE_SUIVI_OPE_AMENAGEMENT_EP_DEBUT_TRAVAUX": 2027,
        "GPOLE_SUIVI_OPE_AMENAGEMENT_EP_FIN_TRAVAUX": 2027
      },
      "geometry": {
        "type": "MultiLineString",
        "coordinates": [
          [
            [
              -0.606615159078809,
              44.88488039121731
            ],
            [
              -0.606669733938536,
              44.884819118994805
            ],
            [
              -0.606685100175892,
              44.88477719477489
            ],
            [
              -0.606736326709351,
              44.884381374589246
            ],
            [
              -0.606876189145373,
              44.883266686918176
            ],
            [
              -0.606854565030969,
              44.883226924974196
            ],
            [
              -0.605280632960299,
              44.88163105404494
            ]
          ]
        ]
      }
    },
    {
      "type": "Feature",
      "properties": {
        "fid": 436,
        "GID": 722,
        "TERRIT_P": "PT_OUEST",
        "GO_DESCRITION": "amgt général",
        "GPOLE_SUIVI_OPE_AMENAGEMENT_EP_COMMUNES": "Le Taillan-Médoc",
        "GPOLE_SUIVI_OPE_AMENAGEMENT_EP_LIBELLE_PROJET": "TAILL-061...Etude d'aménagement des voies périphériques du collège : chemin du Petit Hontane et avenue du Stade",
        "GPOLE_SUIVI_OPE_AMENAGEMENT_EP_STATUT_PROJET": "Conception",
        "GPOLE_SUIVI_OPE_AMENAGEMENT_EP_CHEF_DE_PROJET": "GUIRAUD Sebastien",
        "GPOLE_SUIVI_OPE_AMENAGEMENT_EP_DESCRIPTION_PROJET": "En vue de l’ouverture à la rentrée 2026 d’un nouveau collège sur la commune du Taillan-Médoc, il a été demandé par la ville de réfléchir sur l'aménagement du chemin du Petit Hontane qui sera en liaison directe via une voie verte de desserte du collège. \n\nLe choix d’un aménagement en site propre l’emportant pour des raisons de sécurité sur d’autres types d’infrastructures, une voie verte est proposée. En outre, l’ER T1852 sera mobilisé pour réaliser le débouché nord de l’aménagement sur l’Av. du Stade (négociation foncière à anticiper), et seule une berme séparera la chaussée de la prairie à l’est.",
        "GPOLE_SUIVI_OPE_AMENAGEMENT_EP_TYPE_PROJET": "PRJ_ Mobilités",
        "GPOLE_SUIVI_OPE_AMENAGEMENT_EP_PROG_FIN_PRINC_SAU": "Plan marche",
        "GPOLE_SUIVI_OPE_AMENAGEMENT_EP_DEBUT_TRAVAUX": 2026,
        "GPOLE_SUIVI_OPE_AMENAGEMENT_EP_FIN_TRAVAUX": 2026
      },
      "geometry": {
        "type": "MultiLineString",
        "coordinates": [
          [
            [
              -0.674307659347887,
              44.91496093836208
            ],
            [
              -0.674307659347887,
              44.91496093836208
            ],
            [
              -0.674307659347887,
              44.91496093836208
            ],
            [
              -0.674307659347887,
              44.91496093836208
            ],
            [
              -0.674307659347887,
              44.91496093836208
            ],
            [
              -0.674307659347887,
              44.91496093836208
            ],
            [
              -0.674307659347887,
              44.91496093836208
            ],
            [
              -0.674300556023048,
              44.91510978712971
            ],
            [
              -0.67379799778444,
              44.915151664660875
            ],
            [
              -0.673313344015537,
              44.91522108381484
            ],
            [
              -0.673200219341302,
              44.91522903915763
            ],
            [
              -0.672929872972052,
              44.91521515377366
            ],
            [
              -0.672459998939351,
              44.915184033424474
            ],
            [
              -0.672192683465276,
              44.91512378988936
            ],
            [
              -0.67206235809443,
              44.915076262760486
            ],
            [
              -0.671798393519339,
              44.91490087144896
            ],
            [
              -0.671552595759427,
              44.914683343353175
            ],
            [
              -0.671342098514905,
              44.91454959320471
            ],
            [
              -0.671085287753283,
              44.9144311176693
            ],
            [
              -0.670407640012462,
              44.914201147946436
            ],
            [
              -0.669914241008248,
              44.914038438633746
            ],
            [
              -0.669696246152673,
              44.9139916637474
            ],
            [
              -0.669479622586744,
              44.91395818109944
            ],
            [
              -0.668772875437376,
              44.91390923003307
            ]
          ]
        ]
      }
    },
    {
      "type": "Feature",
      "properties": {
        "fid": 437,
        "GID": 723,
        "TERRIT_P": "PT_OUEST",
        "GO_DESCRITION": "accès, parking,\nparvis, chem doux",
        "GPOLE_SUIVI_OPE_AMENAGEMENT_EP_COMMUNES": "Le Taillan-Médoc",
        "GPOLE_SUIVI_OPE_AMENAGEMENT_EP_LIBELLE_PROJET": "TAILL-058...Travaux d'aménagement des abords du collège",
        "GPOLE_SUIVI_OPE_AMENAGEMENT_EP_STATUT_PROJET": "Exécution",
        "GPOLE_SUIVI_OPE_AMENAGEMENT_EP_CHEF_DE_PROJET": "GUIRAUD Sebastien",
        "GPOLE_SUIVI_OPE_AMENAGEMENT_EP_DESCRIPTION_PROJET": "Bordeaux Métropole va déléguer au Département la réalisation des travaux d'aménagement des abords immédiats du collège, qui seront réalisés concomitamment aux travaux du collège . Il s'agira de verser au Département la participation de BM correspondant à la totalité des travaux de ces abords : accès principal , parking visiteur 40 places, parvis extérieur, cheminements doux depuis l'avenue de Soulac et depuis le chemin du petit hontane.",
        "GPOLE_SUIVI_OPE_AMENAGEMENT_EP_TYPE_PROJET": "Amgt EspPublic _ Réseaux, Eclairage",
        "GPOLE_SUIVI_OPE_AMENAGEMENT_EP_PROG_FIN_PRINC_SAU": "CODEV",
        "GPOLE_SUIVI_OPE_AMENAGEMENT_EP_DEBUT_TRAVAUX": 2024,
        "GPOLE_SUIVI_OPE_AMENAGEMENT_EP_FIN_TRAVAUX": 2026
      },
      "geometry": {
        "type": "MultiLineString",
        "coordinates": [
          [
            [
              -0.668887842659564,
              44.91381905475509
            ],
            [
              -0.668957532018178,
              44.911540194607234
            ]
          ]
        ]
      }
    },
    {
      "type": "Feature",
      "properties": {
        "fid": 438,
        "GID": 801,
        "TERRIT_P": "PT_OUEST",
        "GO_DESCRITION": "amgt general",
        "GPOLE_SUIVI_OPE_AMENAGEMENT_EP_COMMUNES": "Mérignac",
        "GPOLE_SUIVI_OPE_AMENAGEMENT_EP_LIBELLE_PROJET": "MERIG-104...Espaces publics Pichey",
        "GPOLE_SUIVI_OPE_AMENAGEMENT_EP_STATUT_PROJET": "A lancer",
        "GPOLE_SUIVI_OPE_AMENAGEMENT_EP_CHEF_DE_PROJET": "HARO Stéphanie",
        "GPOLE_SUIVI_OPE_AMENAGEMENT_EP_DESCRIPTION_PROJET": "Le parti-pris est :\n• de constituer une entrée de ville urbaine comprenant une zone d’habitat privilégiant de petites échelles de voisinage ;\n• de favoriser un resserrement progressif de la trame viaire afin d’accompagner l’intensification urbaine du quartier et la création d’une offre commerciale renouvelée et étendue, intégrant une crèche.\nL’objectif principal est de permettre la création d’un quartier ouvert et accueillant, favorisant la préservation et le développement des zones végétalisées, la gestion apaisée du stationnement au sein des îlots, la création de placettes, le développement d’une trame douce permettant la mutation à long terme de parcelles isolées.\nLa réalisation des espaces circulés destinés à être ouverts au publics restera à la charge des opérateurs privés qui se positionneront sur les îlots à aménager, à l'exception des espaces publics de l'îlot D (place et circulation(s) publique(s)) qui seront à la charge de Bordeaux Métropole.\n\nLa présente fiche porte sur l'aménagement des espaces publics de l'îlot D.\n\nBordeaux Métropole, pour les espaces publics de l'îlot D, confiera des missions d'étude, puis de travaux, via une convention, à la SRIA qui les réalisera en son nom et pour son compte.",
        "GPOLE_SUIVI_OPE_AMENAGEMENT_EP_TYPE_PROJET": "Amgt EspPublic _ Géné",
        "GPOLE_SUIVI_OPE_AMENAGEMENT_EP_PROG_FIN_PRINC_SAU": "CODEV",
        "GPOLE_SUIVI_OPE_AMENAGEMENT_EP_DEBUT_TRAVAUX": 2026,
        "GPOLE_SUIVI_OPE_AMENAGEMENT_EP_FIN_TRAVAUX": 2027
      },
      "geometry": {
        "type": "MultiLineString",
        "coordinates": [
          [
            [
              -0.667038091877513,
              44.84147612637689
            ],
            [
              -0.666997369407413,
              44.84137092290533
            ],
            [
              -0.666915390890787,
              44.84138970300793
            ],
            [
              -0.666840675083481,
              44.841192115527484
            ],
            [
              -0.666888657641725,
              44.84115978057715
            ],
            [
              -0.667004591840289,
              44.84113990640479
            ],
            [
              -0.666739044325938,
              44.840306020823874
            ],
            [
              -0.666499980742987,
              44.84032770973644
            ],
            [
              -0.666644259823197,
              44.8408126028746
            ],
            [
              -0.66624648884277,
              44.84085930886457
            ],
            [
              -0.666278046290237,
              44.84098686404615
            ],
            [
              -0.666115465174379,
              44.84101039197317
            ],
            [
              -0.665970726430441,
              44.84100537114851
            ],
            [
              -0.665913859987358,
              44.84100289925677
            ],
            [
              -0.665732546446618,
              44.840375563863525
            ],
            [
              -0.665546749101262,
              44.84039069352839
            ],
            [
              -0.665733939346561,
              44.84160346435759
            ],
            [
              -0.666076318233094,
              44.84156772358871
            ],
            [
              -0.666421490255989,
              44.84153734774885
            ],
            [
              -0.666721109366389,
              44.841515120170286
            ],
            [
              -0.666837712114332,
              44.8414997973254
            ],
            [
              -0.666951002305153,
              44.84148663201965
            ],
            [
              -0.6670373371943,
              44.8414761507141
            ]
          ]
        ]
      }
    },
    {
      "type": "Feature",
      "properties": {
        "fid": 439,
        "GID": 841,
        "TERRIT_P": "PT_OUEST",
        "GO_DESCRITION": "amgt general",
        "GPOLE_SUIVI_OPE_AMENAGEMENT_EP_COMMUNES": "Le Taillan-Médoc",
        "GPOLE_SUIVI_OPE_AMENAGEMENT_EP_LIBELLE_PROJET": "TAILL-063-Bassin Ouest",
        "GPOLE_SUIVI_OPE_AMENAGEMENT_EP_STATUT_PROJET": "Exécution",
        "GPOLE_SUIVI_OPE_AMENAGEMENT_EP_CHEF_DE_PROJET": "BRUN-ROUDIER Jean",
        "GPOLE_SUIVI_OPE_AMENAGEMENT_EP_DESCRIPTION_PROJET": "Réalisation du bassin Ouest de rétention des eaux pluviales du PAE du Chai (terrassement, dépollution, paysagement).",
        "GPOLE_SUIVI_OPE_AMENAGEMENT_EP_TYPE_PROJET": "Amgt EspPublic _ Réseaux, Eclairage",
        "GPOLE_SUIVI_OPE_AMENAGEMENT_EP_PROG_FIN_PRINC_SAU": "CODEV",
        "GPOLE_SUIVI_OPE_AMENAGEMENT_EP_DEBUT_TRAVAUX": 2024,
        "GPOLE_SUIVI_OPE_AMENAGEMENT_EP_FIN_TRAVAUX": 2025
      },
      "geometry": {
        "type": "MultiLineString",
        "coordinates": [
          [
            [
              -0.686707366241923,
              44.90348757143225
            ],
            [
              -0.686738530482386,
              44.90338440593745
            ],
            [
              -0.686749002867767,
              44.90335001470809
            ],
            [
              -0.686757026624326,
              44.9033229095602
            ],
            [
              -0.686822833925317,
              44.90317484139915
            ],
            [
              -0.686889307697421,
              44.903025310248935
            ],
            [
              -0.686921331572682,
              44.90295337656177
            ],
            [
              -0.686941485104362,
              44.90290786174115
            ],
            [
              -0.686718445245935,
              44.90284337126773
            ],
            [
              -0.686006797082879,
              44.90264091343164
            ],
            [
              -0.685762306697621,
              44.902571980270416
            ],
            [
              -0.685543254261288,
              44.90251033140412
            ],
            [
              -0.685312185108563,
              44.90244510707754
            ],
            [
              -0.685248931118267,
              44.902427244256174
            ],
            [
              -0.684730081164811,
              44.90223854117245
            ],
            [
              -0.684380871346305,
              44.90211380581307
            ],
            [
              -0.684253145049957,
              44.90206694794312
            ],
            [
              -0.683953494536908,
              44.90195799515919
            ],
            [
              -0.683701487818826,
              44.90186858113759
            ],
            [
              -0.683654069910648,
              44.90214665570244
            ],
            [
              -0.683773985554697,
              44.90215757226754
            ],
            [
              -0.683750990938321,
              44.902330462363544
            ],
            [
              -0.683893985241159,
              44.90233917917146
            ],
            [
              -0.683889761763089,
              44.90238210632586
            ],
            [
              -0.684232979806788,
              44.902401366711885
            ],
            [
              -0.684147818162941,
              44.903348036034586
            ],
            [
              -0.684287062470648,
              44.90337082916178
            ],
            [
              -0.684433052114014,
              44.90340394398425
            ],
            [
              -0.684549441579072,
              44.90343207025865
            ],
            [
              -0.684630934966311,
              44.90345168584233
            ],
            [
              -0.684680240415859,
              44.90346351399275
            ],
            [
              -0.684816088151427,
              44.90350055975899
            ],
            [
              -0.684914348986213,
              44.903530623275735
            ],
            [
              -0.684962309318996,
              44.90354519737813
            ],
            [
              -0.684996441041195,
              44.903555624373
            ],
            [
              -0.685055596991656,
              44.90357875479089
            ],
            [
              -0.685079125822474,
              44.90358592128602
            ],
            [
              -0.685122256057057,
              44.90359632744749
            ],
            [
              -0.685223972411098,
              44.90362096389419
            ],
            [
              -0.685317972440957,
              44.90364386796939
            ],
            [
              -0.685397798913679,
              44.903663176599544
            ],
            [
              -0.685513551136718,
              44.903691232448395
            ],
            [
              -0.685620114268043,
              44.90370841483971
            ],
            [
              -0.685715919368041,
              44.90372387319048
            ],
            [
              -0.685839381627415,
              44.90374366168428
            ],
            [
              -0.685968370051083,
              44.90322636144277
            ],
            [
              -0.686103462325436,
              44.90323775574432
            ],
            [
              -0.686078387031142,
              44.9033509037017
            ],
            [
              -0.686259673374029,
              44.903361163620424
            ],
            [
              -0.686247970301188,
              44.90345351962627
            ],
            [
              -0.686707366241923,
              44.90348757143225
            ]
          ]
        ]
      }
    },
    {
      "type": "Feature",
      "properties": {
        "fid": 440,
        "GID": 1163,
        "TERRIT_P": "PT_OUEST",
        "GO_DESCRITION": "carrefour",
        "GPOLE_SUIVI_OPE_AMENAGEMENT_EP_COMMUNES": "Le Haillan",
        "GPOLE_SUIVI_OPE_AMENAGEMENT_EP_LIBELLE_PROJET": "HAILL-055b...Rue des graves - carrefour Médoc/Courtade",
        "GPOLE_SUIVI_OPE_AMENAGEMENT_EP_STATUT_PROJET": "Conception",
        "GPOLE_SUIVI_OPE_AMENAGEMENT_EP_CHEF_DE_PROJET": "LEFEVRE Coralie",
        "GPOLE_SUIVI_OPE_AMENAGEMENT_EP_DESCRIPTION_PROJET": "Réaménagement du carrefour (30 ml) avec la rue des Graves/Médoc et Courtade afin de sécuriser les cycles et d’adapter la chaussée depuis son passage en sens unique.",
        "GPOLE_SUIVI_OPE_AMENAGEMENT_EP_TYPE_PROJET": "Amgt EspPublic _ Géné",
        "GPOLE_SUIVI_OPE_AMENAGEMENT_EP_PROG_FIN_PRINC_SAU": "FIC",
        "GPOLE_SUIVI_OPE_AMENAGEMENT_EP_DEBUT_TRAVAUX": 2026,
        "GPOLE_SUIVI_OPE_AMENAGEMENT_EP_FIN_TRAVAUX": 2026
      },
      "geometry": {
        "type": "MultiLineString",
        "coordinates": [
          [
            [
              -0.675044143191589,
              44.88503542631419
            ],
            [
              -0.674964401641094,
              44.88503825671931
            ],
            [
              -0.674900885594902,
              44.885030524085536
            ],
            [
              -0.674860427898267,
              44.88501998805967
            ],
            [
              -0.674822535070705,
              44.885005507934565
            ],
            [
              -0.674804744612688,
              44.88499707217179
            ],
            [
              -0.674771426411292,
              44.88497703856958
            ],
            [
              -0.674742495469149,
              44.88495403176489
            ],
            [
              -0.67471831954107,
              44.88492829731769
            ],
            [
              -0.674706492744875,
              44.884914005845275
            ],
            [
              -0.674698915023124,
              44.88490009212402
            ],
            [
              -0.674685050219039,
              44.88487042108529
            ],
            [
              -0.674677460630524,
              44.88483977531753
            ],
            [
              -0.674675406217108,
              44.8848241388603
            ],
            [
              -0.674676584120438,
              44.88479295279803
            ],
            [
              -0.674683400101682,
              44.88476184225143
            ],
            [
              -0.674696287502357,
              44.88473208034767
            ],
            [
              -0.674714560004014,
              44.88470394665028
            ],
            [
              -0.674725669696486,
              44.88469045968354
            ],
            [
              -0.674751550204533,
              44.884665684419815
            ],
            [
              -0.674782178690411,
              44.884643587598944
            ],
            [
              -0.674798821061915,
              44.8846340408649
            ],
            [
              -0.674834712865036,
              44.88461718006981
            ],
            [
              -0.674873661478156,
              44.88460408196314
            ],
            [
              -0.674914996999099,
              44.88459528300062
            ],
            [
              -0.674957763776453,
              44.88459235854788
            ],
            [
              -0.674999877043259,
              44.88459022743167
            ],
            [
              -0.675063392617378,
              44.884597960010744
            ],
            [
              -0.675103850054599,
              44.884608495965196
            ],
            [
              -0.675159533083546,
              44.88463141170819
            ],
            [
              -0.675176686377538,
              44.88464089766221
            ],
            [
              -0.675207994808506,
              44.88466254053002
            ],
            [
              -0.67524630959113,
              44.88470017489276
            ],
            [
              -0.675265362954971,
              44.88472839133189
            ],
            [
              -0.675272973594381,
              44.88474281880162
            ],
            [
              -0.675283725681589,
              44.88477336248889
            ],
            [
              -0.675288872499921,
              44.88480434447486
            ],
            [
              -0.675287694927727,
              44.884835530543526
            ],
            [
              -0.675280879264133,
              44.88486664112593
            ],
            [
              -0.675267992135519,
              44.884896403095226
            ],
            [
              -0.675259758983615,
              44.88491082698281
            ],
            [
              -0.67523861022807,
              44.884938023897945
            ],
            [
              -0.675212729807275,
              44.88496279927132
            ],
            [
              -0.675182101316704,
              44.88498489620692
            ],
            [
              -0.675147729620681,
              44.885003510010286
            ],
            [
              -0.67511030103359,
              44.885018361110106
            ],
            [
              -0.675090618135828,
              44.88502440208818
            ],
            [
              -0.675044143191589,
              44.88503542631419
            ]
          ]
        ]
      }
    },
    {
      "type": "Feature",
      "properties": {
        "fid": 444,
        "GID": 420,
        "TERRIT_P": "PT_OUEST",
        "GO_DESCRITION": "amgt voie verte",
        "GPOLE_SUIVI_OPE_AMENAGEMENT_EP_COMMUNES": "Eysines",
        "GPOLE_SUIVI_OPE_AMENAGEMENT_EP_LIBELLE_PROJET": "EYSIN-017 ... Rue du Bréteil",
        "GPOLE_SUIVI_OPE_AMENAGEMENT_EP_STATUT_PROJET": "Conception",
        "GPOLE_SUIVI_OPE_AMENAGEMENT_EP_CHEF_DE_PROJET": "FALGERE Eric",
        "GPOLE_SUIVI_OPE_AMENAGEMENT_EP_DESCRIPTION_PROJET": "Requalification de la rue de Breteil avec pour objectif la création d'une liaison douce sécurisée.",
        "GPOLE_SUIVI_OPE_AMENAGEMENT_EP_TYPE_PROJET": "Amgt EspPublic _ Géné",
        "GPOLE_SUIVI_OPE_AMENAGEMENT_EP_PROG_FIN_PRINC_SAU": "FIC",
        "GPOLE_SUIVI_OPE_AMENAGEMENT_EP_DEBUT_TRAVAUX": 2027,
        "GPOLE_SUIVI_OPE_AMENAGEMENT_EP_FIN_TRAVAUX": 2027
      },
      "geometry": {
        "type": "MultiLineString",
        "coordinates": [
          [
            [
              -0.644595230639292,
              44.874400323582336
            ],
            [
              -0.644597844647613,
              44.87439713944581
            ],
            [
              -0.644712916557447,
              44.87458429167835
            ],
            [
              -0.645146363166798,
              44.875292168207686
            ],
            [
              -0.645153775851206,
              44.875304273950725
            ],
            [
              -0.645186044812771,
              44.87536276977762
            ],
            [
              -0.64522619391048,
              44.875435550207094
            ],
            [
              -0.645698524084859,
              44.87666903194076
            ],
            [
              -0.645713605766825,
              44.876708416575376
            ],
            [
              -0.645861285758765,
              44.87705979020668
            ],
            [
              -0.64604855382849,
              44.87746007294581
            ],
            [
              -0.646204503664704,
              44.87773190765136
            ],
            [
              -0.646381547560007,
              44.87796469104499
            ],
            [
              -0.646600871194658,
              44.878214857832944
            ],
            [
              -0.646722378262332,
              44.878361230115416
            ],
            [
              -0.646717563471611,
              44.878372911874166
            ],
            [
              -0.647008102263248,
              44.87872718660949
            ],
            [
              -0.647164789371605,
              44.878920533519725
            ],
            [
              -0.647283007628681,
              44.87909862690311
            ],
            [
              -0.647499626611552,
              44.87957994403859
            ],
            [
              -0.647542613383731,
              44.87970526237744
            ],
            [
              -0.647543762249948,
              44.879708611632616
            ]
          ]
        ]
      }
    },
    {
      "type": "Feature",
      "properties": {
        "fid": 447,
        "GID": 423,
        "TERRIT_P": "PT_OUEST",
        "GO_DESCRITION": "amgt general",
        "GPOLE_SUIVI_OPE_AMENAGEMENT_EP_COMMUNES": "Mérignac",
        "GPOLE_SUIVI_OPE_AMENAGEMENT_EP_LIBELLE_PROJET": "MERIG-091 … Avenue de la Forêt (Magudas / Château d'Eau)",
        "GPOLE_SUIVI_OPE_AMENAGEMENT_EP_STATUT_PROJET": "Conception",
        "GPOLE_SUIVI_OPE_AMENAGEMENT_EP_CHEF_DE_PROJET": "GOURAUD Simon",
        "GPOLE_SUIVI_OPE_AMENAGEMENT_EP_DESCRIPTION_PROJET": "=> 08-02-2023 Fiche de commande Eric Le Bras :\n. De l’avenue Léon Blum jusqu’à l’avenue de Magudas\n. Création d’une piste cyclable sur hors chaussée là où la largeur le permet\n. Réaménagement des circulations piétonnes\n. Maintien des arbres d’alignement (racines très présentes en surface, voire en saillie)\n. Création d’une traversée piétonne sécurisée au droit du n°12 (crèche)\n. Protection du contresens cyclable (stationnement sur trottoir/bande cyclable)\n. Maintien d’une circulation piétonne le long du stationnement longitudinal (descente passagers)\n. Prévoir stationnement PMR\n. Limiter l’imperméabilisation (notamment entre les arbres d’alignement)\n. La Ville souhaite fortement une piste cyclable + une circulation piétonne séparée côté est. \n. Faire proposition (au moins au stade esquisse) d’un aménagement en zone de rencontre (ou autre solution) permettant de mixer les usages. \n. Vérifier possibilité d’avoir une voie cyclable bidirectionnelle côté ouest\n. Variante possible (niveau esquisse) : suppression du tourne-à-droite permettant de shunter le carrefour à feu avec l’avenue Léon Blum.\n\n=> Réfection du trottoir Est, avec maintien de l’alignement de magnolias existants, maintien d’une circulation cyclable, réfection des trottoirs.",
        "GPOLE_SUIVI_OPE_AMENAGEMENT_EP_TYPE_PROJET": "Amgt EspPublic _ Géné",
        "GPOLE_SUIVI_OPE_AMENAGEMENT_EP_PROG_FIN_PRINC_SAU": "FIC",
        "GPOLE_SUIVI_OPE_AMENAGEMENT_EP_DEBUT_TRAVAUX": 2026,
        "GPOLE_SUIVI_OPE_AMENAGEMENT_EP_FIN_TRAVAUX": 2027
      },
      "geometry": {
        "type": "MultiLineString",
        "coordinates": [
          [
            [
              -0.645173960478299,
              44.8525367921932
            ],
            [
              -0.645278327650604,
              44.852711095948564
            ],
            [
              -0.645308240714039,
              44.85295561727182
            ],
            [
              -0.645592215482678,
              44.85415274959233
            ],
            [
              -0.645866073012503,
              44.855063827985596
            ],
            [
              -0.646063648964519,
              44.85560205861005
            ],
            [
              -0.64625281316703,
              44.856109389289706
            ],
            [
              -0.646305546739154,
              44.85617814601816
            ]
          ]
        ]
      }
    },
    {
      "type": "Feature",
      "properties": {
        "fid": 448,
        "GID": 1362,
        "TERRIT_P": "PT_OUEST",
        "GO_DESCRITION": "amgt général",
        "GPOLE_SUIVI_OPE_AMENAGEMENT_EP_COMMUNES": "Mérignac",
        "GPOLE_SUIVI_OPE_AMENAGEMENT_EP_LIBELLE_PROJET": "MERIG-092 … Espaces publics du Burck",
        "GPOLE_SUIVI_OPE_AMENAGEMENT_EP_STATUT_PROJET": "Exécution",
        "GPOLE_SUIVI_OPE_AMENAGEMENT_EP_CHEF_DE_PROJET": "SINTES Philippe",
        "GPOLE_SUIVI_OPE_AMENAGEMENT_EP_DESCRIPTION_PROJET": "=> Av Maréchal Juin + Général Weygand + rues Eglantines, Fougères, Dahlias - renov espaces publics (travaux ST5)",
        "GPOLE_SUIVI_OPE_AMENAGEMENT_EP_TYPE_PROJET": "Amgt EspPublic _ Géné",
        "GPOLE_SUIVI_OPE_AMENAGEMENT_EP_PROG_FIN_PRINC_SAU": "Autres",
        "GPOLE_SUIVI_OPE_AMENAGEMENT_EP_DEBUT_TRAVAUX": 2025,
        "GPOLE_SUIVI_OPE_AMENAGEMENT_EP_FIN_TRAVAUX": 2026
      },
      "geometry": {
        "type": "MultiLineString",
        "coordinates": [
          [
            [
              -0.638713025569898,
              44.815857162886346
            ],
            [
              -0.637746154322858,
              44.815852221870195
            ],
            [
              -0.637698819752356,
              44.81578081332666
            ],
            [
              -0.636995280034822,
              44.8157835835682
            ],
            [
              -0.636958954388619,
              44.81546077935084
            ],
            [
              -0.637441008558479,
              44.815421457724334
            ],
            [
              -0.638579542805698,
              44.81539221975636
            ],
            [
              -0.63875628806255,
              44.81539852088433
            ],
            [
              -0.638777368199011,
              44.81585211619332
            ],
            [
              -0.638713120915848,
              44.81585701040633
            ]
          ]
        ]
      }
    },
    {
      "type": "Feature",
      "properties": {
        "fid": 450,
        "GID": 1361,
        "TERRIT_P": "PT_OUEST",
        "GO_DESCRITION": "amgt général",
        "GPOLE_SUIVI_OPE_AMENAGEMENT_EP_COMMUNES": "Mérignac",
        "GPOLE_SUIVI_OPE_AMENAGEMENT_EP_LIBELLE_PROJET": "MERIG-092 … Espaces publics du Burck",
        "GPOLE_SUIVI_OPE_AMENAGEMENT_EP_STATUT_PROJET": "Exécution",
        "GPOLE_SUIVI_OPE_AMENAGEMENT_EP_CHEF_DE_PROJET": "SINTES Philippe",
        "GPOLE_SUIVI_OPE_AMENAGEMENT_EP_DESCRIPTION_PROJET": "=> Av Maréchal Juin + Général Weygand + rues Eglantines, Fougères, Dahlias - renov espaces publics (travaux ST5)",
        "GPOLE_SUIVI_OPE_AMENAGEMENT_EP_TYPE_PROJET": "Amgt EspPublic _ Géné",
        "GPOLE_SUIVI_OPE_AMENAGEMENT_EP_PROG_FIN_PRINC_SAU": "Autres",
        "GPOLE_SUIVI_OPE_AMENAGEMENT_EP_DEBUT_TRAVAUX": 2025,
        "GPOLE_SUIVI_OPE_AMENAGEMENT_EP_FIN_TRAVAUX": 2026
      },
      "geometry": {
        "type": "MultiLineString",
        "coordinates": [
          [
            [
              -0.639776677009896,
              44.81468096401673
            ],
            [
              -0.639802345463369,
              44.81529684368809
            ],
            [
              -0.638646993427373,
              44.81525019520013
            ],
            [
              -0.63734548296105,
              44.81530496748648
            ],
            [
              -0.636874836953867,
              44.81532113888272
            ],
            [
              -0.636861428092278,
              44.8153215675664
            ],
            [
              -0.636823698984042,
              44.81504303964925
            ],
            [
              -0.638305186425397,
              44.81504587552453
            ],
            [
              -0.638307945690939,
              44.81439785580655
            ],
            [
              -0.639231449600184,
              44.814607404516885
            ],
            [
              -0.639781019629128,
              44.81464003034596
            ],
            [
              -0.639781019629128,
              44.81464003034596
            ],
            [
              -0.639776782656134,
              44.81467884679348
            ],
            [
              -0.639776677009896,
              44.81468096401673
            ]
          ]
        ]
      }
    },
    {
      "type": "Feature",
      "properties": {
        "fid": 453,
        "GID": 1363,
        "TERRIT_P": "PT_OUEST",
        "GO_DESCRITION": "amgt général",
        "GPOLE_SUIVI_OPE_AMENAGEMENT_EP_COMMUNES": "Mérignac",
        "GPOLE_SUIVI_OPE_AMENAGEMENT_EP_LIBELLE_PROJET": "MERIG-129..Avenue Coty devant le COSEC",
        "GPOLE_SUIVI_OPE_AMENAGEMENT_EP_STATUT_PROJET": "Conception",
        "GPOLE_SUIVI_OPE_AMENAGEMENT_EP_CHEF_DE_PROJET": "DEFOUG Anne Helene",
        "GPOLE_SUIVI_OPE_AMENAGEMENT_EP_DESCRIPTION_PROJET": "L'opération de reconstruction du COSEC Léo Lagrange incendié en 2020 va prochainement démarrer. La Ville souhaite l'étude du réaménagent des abords de cette opération en adaptant l'espace public des allées du Président René Coty, avec principalement les cheminements piétons et les arrêts du réseau TBM desservant tant cette infrastructure sportive, la Résidence le Club, le parc Féau que les lycées de Mérignac. L'opération devra être réalisée en coordination avec la livraison du COSEC fin 2026 pour y assurer une accessibilité parfaite et s'assurer de son ouverture réglementaire.",
        "GPOLE_SUIVI_OPE_AMENAGEMENT_EP_TYPE_PROJET": "Amgt EspPublic _ Géné",
        "GPOLE_SUIVI_OPE_AMENAGEMENT_EP_PROG_FIN_PRINC_SAU": "FIC",
        "GPOLE_SUIVI_OPE_AMENAGEMENT_EP_DEBUT_TRAVAUX": 2026,
        "GPOLE_SUIVI_OPE_AMENAGEMENT_EP_FIN_TRAVAUX": 2026
      },
      "geometry": {
        "type": "MultiLineString",
        "coordinates": [
          [
            [
              -0.649950836663262,
              44.83705954261978
            ],
            [
              -0.649950836663262,
              44.83705954261978
            ],
            [
              -0.649950836663262,
              44.83705954261978
            ],
            [
              -0.649950836663262,
              44.83705954261978
            ],
            [
              -0.647190832968918,
              44.83714245141631
            ]
          ]
        ]
      }
    },
    {
      "type": "Feature",
      "properties": {
        "fid": 454,
        "GID": 1364,
        "TERRIT_P": "PT_OUEST",
        "GO_DESCRITION": "amgt général",
        "GPOLE_SUIVI_OPE_AMENAGEMENT_EP_COMMUNES": "Mérignac",
        "GPOLE_SUIVI_OPE_AMENAGEMENT_EP_LIBELLE_PROJET": "MERIG-122...Aménagement des abords du Krakatoa (parvis + partie Sud Victor Hugo)",
        "GPOLE_SUIVI_OPE_AMENAGEMENT_EP_STATUT_PROJET": "Conception",
        "GPOLE_SUIVI_OPE_AMENAGEMENT_EP_CHEF_DE_PROJET": "SAVORGNAN Margaux",
        "GPOLE_SUIVI_OPE_AMENAGEMENT_EP_DESCRIPTION_PROJET": "Aménagement du parvis de la salle de concert du Krakatoa sur l'avenue Victor Hugo et l'avenue Victor Hugo jusqu'à la voie ferrée (PN sud)",
        "GPOLE_SUIVI_OPE_AMENAGEMENT_EP_TYPE_PROJET": "Amgt EspPublic _ Géné",
        "GPOLE_SUIVI_OPE_AMENAGEMENT_EP_PROG_FIN_PRINC_SAU": "FIC",
        "GPOLE_SUIVI_OPE_AMENAGEMENT_EP_DEBUT_TRAVAUX": 2026,
        "GPOLE_SUIVI_OPE_AMENAGEMENT_EP_FIN_TRAVAUX": 2026
      },
      "geometry": {
        "type": "MultiLineString",
        "coordinates": [
          [
            [
              -0.624500121543501,
              44.823867686300865
            ],
            [
              -0.624500121543501,
              44.823867686300865
            ],
            [
              -0.624500121543501,
              44.823867686300865
            ],
            [
              -0.624500121543501,
              44.823867686300865
            ],
            [
              -0.624500121543501,
              44.823867686300865
            ],
            [
              -0.624500121543501,
              44.823867686300865
            ],
            [
              -0.624500121543501,
              44.823867686300865
            ],
            [
              -0.62445801988062,
              44.82343621116918
            ],
            [
              -0.62445801988062,
              44.82343621116918
            ],
            [
              -0.62445801988062,
              44.82343621116918
            ],
            [
              -0.62445801988062,
              44.82343621116918
            ],
            [
              -0.62445801988062,
              44.82343621116918
            ],
            [
              -0.62445801988062,
              44.82343621116918
            ]
          ]
        ]
      }
    },
    {
      "type": "Feature",
      "properties": {
        "fid": 455,
        "GID": 429,
        "TERRIT_P": "PT_OUEST",
        "GO_DESCRITION": "amgt general + piste cycl",
        "GPOLE_SUIVI_OPE_AMENAGEMENT_EP_COMMUNES": "Parempuyre",
        "GPOLE_SUIVI_OPE_AMENAGEMENT_EP_LIBELLE_PROJET": "PAREM-003 ... Rue de Landegrand  (tronçon 2) (de la voie ferrée à Macau)",
        "GPOLE_SUIVI_OPE_AMENAGEMENT_EP_STATUT_PROJET": "Exécution",
        "GPOLE_SUIVI_OPE_AMENAGEMENT_EP_CHEF_DE_PROJET": "GOURAUD Simon",
        "GPOLE_SUIVI_OPE_AMENAGEMENT_EP_DESCRIPTION_PROJET": "Réaménagement de la rue de Landegrand : enfouissement des réseaux aériens (MOA ville), pose d'un collecteur d'assainissement EP reprise de la voirie avec création d'une voie verte et d'un trottoir (MOA BM)",
        "GPOLE_SUIVI_OPE_AMENAGEMENT_EP_TYPE_PROJET": "Amgt EspPublic _ Géné",
        "GPOLE_SUIVI_OPE_AMENAGEMENT_EP_PROG_FIN_PRINC_SAU": "CODEV",
        "GPOLE_SUIVI_OPE_AMENAGEMENT_EP_DEBUT_TRAVAUX": 2025,
        "GPOLE_SUIVI_OPE_AMENAGEMENT_EP_FIN_TRAVAUX": 2027
      },
      "geometry": {
        "type": "MultiLineString",
        "coordinates": [
          [
            [
              -0.615301514702362,
              44.95960618010634
            ],
            [
              -0.615178799999981,
              44.95952789999996
            ],
            [
              -0.614951200000029,
              44.959353800000024
            ],
            [
              -0.614725199999956,
              44.959168
            ],
            [
              -0.613844600000041,
              44.958408200000065
            ],
            [
              -0.612466900000043,
              44.9574101
            ],
            [
              -0.611907299999952,
              44.95696070000001
            ],
            [
              -0.611482500000043,
              44.95656360000003
            ],
            [
              -0.611325199999961,
              44.956402799999985
            ],
            [
              -0.611357467189567,
              44.95639898689603
            ],
            [
              -0.611325199999961,
              44.956402799999985
            ],
            [
              -0.611100499999941,
              44.95614029999997
            ],
            [
              -0.6109231,
              44.955922
            ],
            [
              -0.610765,
              44.955710500000016
            ],
            [
              -0.610561099999949,
              44.9554055
            ],
            [
              -0.610427800000053,
              44.9551749
            ],
            [
              -0.61026270000003,
              44.95481119999997
            ],
            [
              -0.610199,
              44.95461990000003
            ],
            [
              -0.610199,
              44.95461990000003
            ],
            [
              -0.610199,
              44.95461990000003
            ],
            [
              -0.610199,
              44.95461990000003
            ],
            [
              -0.610199,
              44.95461990000003
            ],
            [
              -0.610199,
              44.95461990000003
            ],
            [
              -0.610199096951376,
              44.95461993418069
            ],
            [
              -0.610199,
              44.95461990000003
            ],
            [
              -0.610199,
              44.95461990000003
            ],
            [
              -0.610199096951376,
              44.95461993418069
            ],
            [
              -0.610199,
              44.95461990000003
            ],
            [
              -0.610199,
              44.95461990000003
            ],
            [
              -0.610199,
              44.95461990000003
            ],
            [
              -0.610199,
              44.95461990000003
            ],
            [
              -0.610199096951376,
              44.95461993418069
            ]
          ]
        ]
      }
    },
    {
      "type": "Feature",
      "properties": {
        "fid": 462,
        "GID": 727,
        "TERRIT_P": "PT_OUEST",
        "GO_DESCRITION": "PMR",
        "GPOLE_SUIVI_OPE_AMENAGEMENT_EP_COMMUNES": "Saint-Aubin de Médoc",
        "GPOLE_SUIVI_OPE_AMENAGEMENT_EP_LIBELLE_PROJET": "StAUB-076 - Allée du Pas de la tourte - Mounic/JoliboisMise aux normes PMR",
        "GPOLE_SUIVI_OPE_AMENAGEMENT_EP_STATUT_PROJET": "Conception",
        "GPOLE_SUIVI_OPE_AMENAGEMENT_EP_CHEF_DE_PROJET": "GROULT Frederic",
        "GPOLE_SUIVI_OPE_AMENAGEMENT_EP_DESCRIPTION_PROJET": "Mise en accessibilité des trottoirs en plusieurs phases",
        "GPOLE_SUIVI_OPE_AMENAGEMENT_EP_TYPE_PROJET": "Amgt EspPublic _ Géné",
        "GPOLE_SUIVI_OPE_AMENAGEMENT_EP_PROG_FIN_PRINC_SAU": "FIC",
        "GPOLE_SUIVI_OPE_AMENAGEMENT_EP_DEBUT_TRAVAUX": 2026,
        "GPOLE_SUIVI_OPE_AMENAGEMENT_EP_FIN_TRAVAUX": 2027
      },
      "geometry": {
        "type": "MultiLineString",
        "coordinates": [
          [
            [
              -0.734008125088416,
              44.91981192099851
            ],
            [
              -0.730859916776434,
              44.918920849641
            ],
            [
              -0.728977826614535,
              44.91838991097844
            ],
            [
              -0.727536515519088,
              44.91796922878737
            ],
            [
              -0.727437105642889,
              44.91794176057217
            ],
            [
              -0.7272309198759,
              44.91788541907238
            ],
            [
              -0.726910752774449,
              44.91779438592331
            ],
            [
              -0.726600513455151,
              44.91773818929715
            ],
            [
              -0.726473917643105,
              44.917715521018245
            ],
            [
              -0.726201264792325,
              44.91769959963891
            ],
            [
              -0.726020669013006,
              44.91768664911849
            ],
            [
              -0.725743920355714,
              44.91768722924792
            ],
            [
              -0.723791865483004,
              44.917891388826
            ],
            [
              -0.722609990239157,
              44.91803369281358
            ]
          ]
        ]
      }
    },
    {
      "type": "Feature",
      "properties": {
        "fid": 463,
        "GID": 438,
        "TERRIT_P": "PT_OUEST",
        "GO_DESCRITION": "securis° modes doux",
        "GPOLE_SUIVI_OPE_AMENAGEMENT_EP_COMMUNES": "Le Taillan-Médoc",
        "GPOLE_SUIVI_OPE_AMENAGEMENT_EP_LIBELLE_PROJET": "TAILL-059...Aménagement des voies périphériques du collège : avenue de Soulac",
        "GPOLE_SUIVI_OPE_AMENAGEMENT_EP_STATUT_PROJET": "Conception",
        "GPOLE_SUIVI_OPE_AMENAGEMENT_EP_CHEF_DE_PROJET": "GUIRAUD Sebastien",
        "GPOLE_SUIVI_OPE_AMENAGEMENT_EP_DESCRIPTION_PROJET": "En vue de l’ouverture à la rentrée 2026 du nouveau collège du Taillan-Médoc, et conjointement à la démarche en cours sur trois autres voies adjacentes (av. du Stade, de la Boétie et chem. du petit Hontane), la présente action porte sur l’interface des aménagements de l’avenue de Soulac avec ceux anticipés pour le nouveau collège.\n\nIl s'agit de prévoir sur cette voie les aménagements permettant de sécuriser les déplacements des collégiens, en ralentissant les véhicules et en protégeant notamment les traversées .\n\nParallèlement à l’objectif principal de mise en cohérence des emprises de voirie avec celles du collège, l’étude permettra de formuler des propositions d’améliorations de cet axe sur les points suivants :\n•Garantir une infrastructure dédiée aux mobilités douces de qualité au moins équivalente à l’existant ;\n•Apaisement des circulations, travail sur les traversées (sécurisées, implantées de façon pertinente vis-à-vis de la rive opposée) ;\n•Maintien des plantations actuelles autant que possible ;\n•Création de 2 stationnements pour bus scolaires ;\n•Etc.",
        "GPOLE_SUIVI_OPE_AMENAGEMENT_EP_TYPE_PROJET": "Amgt EspPublic _ Géné",
        "GPOLE_SUIVI_OPE_AMENAGEMENT_EP_PROG_FIN_PRINC_SAU": "CODEV",
        "GPOLE_SUIVI_OPE_AMENAGEMENT_EP_DEBUT_TRAVAUX": 2026,
        "GPOLE_SUIVI_OPE_AMENAGEMENT_EP_FIN_TRAVAUX": 2026
      },
      "geometry": {
        "type": "MultiLineString",
        "coordinates": [
          [
            [
              -0.668758127048881,
              44.911409408190835
            ],
            [
              -0.668825925302813,
              44.911558116940256
            ],
            [
              -0.668837494609793,
              44.91164809926116
            ],
            [
              -0.668772875437376,
              44.91390923003307
            ]
          ]
        ]
      }
    },
    {
      "type": "Feature",
      "properties": {
        "fid": 464,
        "GID": 728,
        "TERRIT_P": "PT_OUEST",
        "GO_DESCRITION": "CVCB",
        "GPOLE_SUIVI_OPE_AMENAGEMENT_EP_COMMUNES": "Saint-Aubin de Médoc",
        "GPOLE_SUIVI_OPE_AMENAGEMENT_EP_LIBELLE_PROJET": "StAUB-077 -Allée du pas de la Tourte - de Pudote à Mounic- création de CVCB",
        "GPOLE_SUIVI_OPE_AMENAGEMENT_EP_STATUT_PROJET": "A lancer",
        "GPOLE_SUIVI_OPE_AMENAGEMENT_EP_CHEF_DE_PROJET": "GROULT Frederic",
        "GPOLE_SUIVI_OPE_AMENAGEMENT_EP_DESCRIPTION_PROJET": "CVCB (ECF à prévoir)",
        "GPOLE_SUIVI_OPE_AMENAGEMENT_EP_TYPE_PROJET": "Amgt EspPublic _ Géné",
        "GPOLE_SUIVI_OPE_AMENAGEMENT_EP_PROG_FIN_PRINC_SAU": "FIC",
        "GPOLE_SUIVI_OPE_AMENAGEMENT_EP_DEBUT_TRAVAUX": 2026,
        "GPOLE_SUIVI_OPE_AMENAGEMENT_EP_FIN_TRAVAUX": 2027
      },
      "geometry": {
        "type": "MultiLineString",
        "coordinates": [
          [
            [
              -0.738783852103071,
              44.921177451128145
            ],
            [
              -0.734136252307644,
              44.91984530741267
            ]
          ]
        ]
      }
    },
    {
      "type": "Feature",
      "properties": {
        "fid": 465,
        "GID": 729,
        "TERRIT_P": "PT_OUEST",
        "GO_DESCRITION": "CVCB",
        "GPOLE_SUIVI_OPE_AMENAGEMENT_EP_COMMUNES": "Saint-Aubin de Médoc",
        "GPOLE_SUIVI_OPE_AMENAGEMENT_EP_LIBELLE_PROJET": "StAUB-078 ... Route de Barreau SU",
        "GPOLE_SUIVI_OPE_AMENAGEMENT_EP_STATUT_PROJET": "Conception",
        "GPOLE_SUIVI_OPE_AMENAGEMENT_EP_CHEF_DE_PROJET": "GROULT Frederic",
        "GPOLE_SUIVI_OPE_AMENAGEMENT_EP_DESCRIPTION_PROJET": "Aménagement en faveur des modes actifs",
        "GPOLE_SUIVI_OPE_AMENAGEMENT_EP_TYPE_PROJET": "Amgt EspPublic _ Géné",
        "GPOLE_SUIVI_OPE_AMENAGEMENT_EP_PROG_FIN_PRINC_SAU": "FIC",
        "GPOLE_SUIVI_OPE_AMENAGEMENT_EP_DEBUT_TRAVAUX": 2026,
        "GPOLE_SUIVI_OPE_AMENAGEMENT_EP_FIN_TRAVAUX": 2026
      },
      "geometry": {
        "type": "MultiLineString",
        "coordinates": [
          [
            [
              -0.735707190964369,
              44.917864194331855
            ],
            [
              -0.735670622009395,
              44.91793953543315
            ],
            [
              -0.735663743010155,
              44.9180230021339
            ],
            [
              -0.735749156442328,
              44.91810236231883
            ],
            [
              -0.736704464300399,
              44.9187144975671
            ],
            [
              -0.737720602361208,
              44.919336696499016
            ],
            [
              -0.738948344442812,
              44.91986109381853
            ],
            [
              -0.739388732099076,
              44.92016961003536
            ],
            [
              -0.740012721208008,
              44.920904939474035
            ],
            [
              -0.740399910976484,
              44.92133499874804
            ],
            [
              -0.745374910368273,
              44.925523826288654
            ],
            [
              -0.747664164533313,
              44.927364290584755
            ]
          ]
        ]
      }
    },
    {
      "type": "Feature",
      "properties": {
        "fid": 476,
        "GID": 1442,
        "TERRIT_P": "PT_OUEST",
        "GO_DESCRITION": "amgt giratoire",
        "GPOLE_SUIVI_OPE_AMENAGEMENT_EP_COMMUNES": "Le Haillan",
        "GPOLE_SUIVI_OPE_AMENAGEMENT_EP_LIBELLE_PROJET": "HAILL-005 ... Avenue de la République + Carrefour Hustin/République",
        "GPOLE_SUIVI_OPE_AMENAGEMENT_EP_STATUT_PROJET": "Exécution",
        "GPOLE_SUIVI_OPE_AMENAGEMENT_EP_CHEF_DE_PROJET": "LEFEVRE Coralie",
        "GPOLE_SUIVI_OPE_AMENAGEMENT_EP_DESCRIPTION_PROJET": "Résorption discontinuité cyclable, aménagements cyclables à réaliser + Transformation d'un carrefour en \"croix\" en minigiratoire et sécurisation de la sortie d'une nouvelle résidence",
        "GPOLE_SUIVI_OPE_AMENAGEMENT_EP_TYPE_PROJET": "Amgt EspPublic _ Géné",
        "GPOLE_SUIVI_OPE_AMENAGEMENT_EP_PROG_FIN_PRINC_SAU": "FIC",
        "GPOLE_SUIVI_OPE_AMENAGEMENT_EP_DEBUT_TRAVAUX": 2025,
        "GPOLE_SUIVI_OPE_AMENAGEMENT_EP_FIN_TRAVAUX": 2026
      },
      "geometry": {
        "type": "MultiLineString",
        "coordinates": [
          [
            [
              -0.684999308049852,
              44.87387133448813
            ],
            [
              -0.684974312556396,
              44.87383669735774
            ],
            [
              -0.68496421964812,
              44.873812944499214
            ],
            [
              -0.684961135145984,
              44.873800708790235
            ],
            [
              -0.684958648082528,
              44.87377721761539
            ],
            [
              -0.684962835532081,
              44.87374471064347
            ],
            [
              -0.684966012592293,
              44.873733984190565
            ],
            [
              -0.684981857237742,
              44.87370323201371
            ],
            [
              -0.685005498682186,
              44.87367507217584
            ],
            [
              -0.685025213052698,
              44.8736583856831
            ],
            [
              -0.685060120458945,
              44.87363698671606
            ],
            [
              -0.685086535820086,
              44.87362550239278
            ],
            [
              -0.685130499498499,
              44.87361282183368
            ],
            [
              -0.685162323513093,
              44.87360770516999
            ],
            [
              -0.685194898494654,
              44.87360578899002
            ],
            [
              -0.685227260742977,
              44.8736070611029
            ],
            [
              -0.685257217234509,
              44.87361082011525
            ],
            [
              -0.685304672577724,
              44.87362333340848
            ],
            [
              -0.685332934471866,
              44.87363503663065
            ],
            [
              -0.68535862328355,
              44.873649271914
            ],
            [
              -0.685412413581272,
              44.873702887273986
            ],
            [
              -0.685429744016201,
              44.8737303362677
            ],
            [
              -0.685437334048423,
              44.87375980121549
            ],
            [
              -0.685436540500073,
              44.87379418299166
            ],
            [
              -0.685427136583221,
              44.87382660036558
            ],
            [
              -0.685414567897843,
              44.87384932200404
            ],
            [
              -0.685398466958452,
              44.873869729815866
            ],
            [
              -0.68538888422934,
              44.873879394327645
            ],
            [
              -0.685355172334313,
              44.87390482680327
            ],
            [
              -0.685342340110211,
              44.87391216924238
            ],
            [
              -0.685329023007461,
              44.87391896189647
            ],
            [
              -0.685300051106025,
              44.87393031939215
            ],
            [
              -0.685269324176132,
              44.873938747332424
            ],
            [
              -0.685237292323372,
              44.87394419231683
            ],
            [
              -0.685220950045223,
              44.87394567564511
            ],
            [
              -0.685204676826483,
              44.8739463916426
            ],
            [
              -0.685188074481816,
              44.87394631163546
            ],
            [
              -0.685171541197766,
              44.87394546429756
            ],
            [
              -0.685154269012802,
              44.8739435912197
            ],
            [
              -0.685137233229506,
              44.8739409056539
            ],
            [
              -0.685104078535894,
              44.87393276876725
            ],
            [
              -0.685073000507223,
              44.87392134896376
            ],
            [
              -0.685058560554516,
              44.87391455975206
            ],
            [
              -0.685019625355857,
              44.873889673819164
            ],
            [
              -0.684999308049852,
              44.87387133448813
            ]
          ]
        ]
      }
    },
    {
      "type": "Feature",
      "properties": {
        "fid": 479,
        "GID": 734,
        "TERRIT_P": "PT_OUEST",
        "GO_DESCRITION": "élargiss trottoirs",
        "GPOLE_SUIVI_OPE_AMENAGEMENT_EP_COMMUNES": "Mérignac",
        "GPOLE_SUIVI_OPE_AMENAGEMENT_EP_LIBELLE_PROJET": "MERIG-027c... Rue Dukas - abords école Arnaud Lafon",
        "GPOLE_SUIVI_OPE_AMENAGEMENT_EP_STATUT_PROJET": "Conception",
        "GPOLE_SUIVI_OPE_AMENAGEMENT_EP_CHEF_DE_PROJET": "GOURAUD Simon",
        "GPOLE_SUIVI_OPE_AMENAGEMENT_EP_DESCRIPTION_PROJET": "Elargissement du trottoir de la rue Dukas depuis Alouette jusqu'à Degas",
        "GPOLE_SUIVI_OPE_AMENAGEMENT_EP_TYPE_PROJET": "Amgt EspPublic _ Géné",
        "GPOLE_SUIVI_OPE_AMENAGEMENT_EP_PROG_FIN_PRINC_SAU": "FIC",
        "GPOLE_SUIVI_OPE_AMENAGEMENT_EP_DEBUT_TRAVAUX": 2027,
        "GPOLE_SUIVI_OPE_AMENAGEMENT_EP_FIN_TRAVAUX": 2027
      },
      "geometry": {
        "type": "MultiLineString",
        "coordinates": [
          [
            [
              -0.664113421523822,
              44.82702521465259
            ],
            [
              -0.666673942710077,
              44.82658363638668
            ]
          ]
        ]
      }
    },
    {
      "type": "Feature",
      "properties": {
        "fid": 483,
        "GID": 502,
        "TERRIT_P": "PT_OUEST",
        "GO_DESCRITION": "amgt general",
        "GPOLE_SUIVI_OPE_AMENAGEMENT_EP_COMMUNES": "Blanquefort",
        "GPOLE_SUIVI_OPE_AMENAGEMENT_EP_LIBELLE_PROJET": "BLANQ-065... ZI Ecoparc - Aménagement voirie et espaces publics entre passage SNCF et giratoire Duvert/Charcot",
        "GPOLE_SUIVI_OPE_AMENAGEMENT_EP_STATUT_PROJET": "A lancer",
        "GPOLE_SUIVI_OPE_AMENAGEMENT_EP_CHEF_DE_PROJET": "GUIRAUD Sebastien",
        "GPOLE_SUIVI_OPE_AMENAGEMENT_EP_DESCRIPTION_PROJET": "Etudes et travaux d'aménagement de voirie et d'espaces publics entre le passage SNCF et le giratoire Duvert/Charcot. Aménagement fonctionnel et de sécurisation prenant en compte les projets économiques portés par la fabrique de Bordeaux Métropole et par la direction du développement économique (Lamso, Lot B) ainsi que les contraintes existantes sur le secteur (voie SNCF, accès parking Tram/Train, ReVE 3, ...).",
        "GPOLE_SUIVI_OPE_AMENAGEMENT_EP_TYPE_PROJET": "Amgt EspPublic _ Géné",
        "GPOLE_SUIVI_OPE_AMENAGEMENT_EP_PROG_FIN_PRINC_SAU": "CODEV",
        "GPOLE_SUIVI_OPE_AMENAGEMENT_EP_DEBUT_TRAVAUX": 2027,
        "GPOLE_SUIVI_OPE_AMENAGEMENT_EP_FIN_TRAVAUX": 2027
      },
      "geometry": {
        "type": "MultiLineString",
        "coordinates": [
          [
            [
              -0.624163350495625,
              44.91888755184065
            ],
            [
              -0.623488030412714,
              44.91893302893893
            ],
            [
              -0.622606996037722,
              44.91899451026033
            ],
            [
              -0.622335879297609,
              44.91903204427961
            ],
            [
              -0.622101331111641,
              44.91909057561312
            ],
            [
              -0.620876325132856,
              44.919515063126944
            ],
            [
              -0.620727666178636,
              44.91956923200325
            ],
            [
              -0.620427757883462,
              44.91977387742143
            ]
          ]
        ]
      }
    },
    {
      "type": "Feature",
      "properties": {
        "fid": 484,
        "GID": 503,
        "TERRIT_P": "PT_OUEST",
        "GO_DESCRITION": "amgt general",
        "GPOLE_SUIVI_OPE_AMENAGEMENT_EP_COMMUNES": "Blanquefort",
        "GPOLE_SUIVI_OPE_AMENAGEMENT_EP_LIBELLE_PROJET": "BLANQ-066... Avenue du Général de Gaulle, section Bel Air/Le Pian-Médoc",
        "GPOLE_SUIVI_OPE_AMENAGEMENT_EP_STATUT_PROJET": "A lancer",
        "GPOLE_SUIVI_OPE_AMENAGEMENT_EP_CHEF_DE_PROJET": "SINTES Philippe",
        "GPOLE_SUIVI_OPE_AMENAGEMENT_EP_DESCRIPTION_PROJET": "Réalisation d'un programme/étude pour cette section.\n(tronçon en continuité de l'opération Gravières/Bel Air avec intégration de l'aménagement de voirie et d'assainissement)",
        "GPOLE_SUIVI_OPE_AMENAGEMENT_EP_TYPE_PROJET": "Amgt EspPublic _ Géné",
        "GPOLE_SUIVI_OPE_AMENAGEMENT_EP_PROG_FIN_PRINC_SAU": "CODEV",
        "GPOLE_SUIVI_OPE_AMENAGEMENT_EP_DEBUT_TRAVAUX": null,
        "GPOLE_SUIVI_OPE_AMENAGEMENT_EP_FIN_TRAVAUX": null
      },
      "geometry": {
        "type": "MultiLineString",
        "coordinates": [
          [
            [
              -0.632597369308113,
              44.94094192922266
            ],
            [
              -0.632174317272506,
              44.942644898019616
            ],
            [
              -0.631780394631347,
              44.944280977278424
            ],
            [
              -0.631438731586979,
              44.94564023676656
            ],
            [
              -0.631086481100656,
              44.947061470429475
            ],
            [
              -0.630773356605599,
              44.94818079014758
            ],
            [
              -0.630773356605599,
              44.94818079014758
            ],
            [
              -0.630773356605599,
              44.94818079014758
            ]
          ]
        ]
      }
    },
    {
      "type": "Feature",
      "properties": {
        "fid": 485,
        "GID": 504,
        "TERRIT_P": "PT_OUEST",
        "GO_DESCRITION": "securisation",
        "GPOLE_SUIVI_OPE_AMENAGEMENT_EP_COMMUNES": "Blanquefort",
        "GPOLE_SUIVI_OPE_AMENAGEMENT_EP_LIBELLE_PROJET": "BLANQ-067... Rue Ransinangue",
        "GPOLE_SUIVI_OPE_AMENAGEMENT_EP_STATUT_PROJET": "Conception",
        "GPOLE_SUIVI_OPE_AMENAGEMENT_EP_CHEF_DE_PROJET": "GUIRAUD Sebastien",
        "GPOLE_SUIVI_OPE_AMENAGEMENT_EP_DESCRIPTION_PROJET": "La rue Ransinangue d’un linéaire total de 1,4 km comporte la particularité, dans sa section Ouest, d’être la limite communale, par son axe de chaussée actuelle, entre les communes de Blanquefort et du Taillan-Médoc. Pour donner suite à une demande des riverains sur une sécurisation de ce secteur, les mairies de Blanquefort et du Taillan-Médoc ont consulté conjointement Bordeaux Métropole pour proposer des solutions (aménagement de voirie, signalisation, …), à moindre cout, permettant de répondre favorablement aux problématiques de sécurisation du secteur, d'apaisement des vitesses, d'augmentation du trafic aux heures de pointe, ...",
        "GPOLE_SUIVI_OPE_AMENAGEMENT_EP_TYPE_PROJET": "Amgt EspPublic _ Géné",
        "GPOLE_SUIVI_OPE_AMENAGEMENT_EP_PROG_FIN_PRINC_SAU": "Autres",
        "GPOLE_SUIVI_OPE_AMENAGEMENT_EP_DEBUT_TRAVAUX": 2026,
        "GPOLE_SUIVI_OPE_AMENAGEMENT_EP_FIN_TRAVAUX": 2026
      },
      "geometry": {
        "type": "MultiLineString",
        "coordinates": [
          [
            [
              -0.647094775599595,
              44.89875940261098
            ],
            [
              -0.647145852390625,
              44.89884938252387
            ],
            [
              -0.647044078916998,
              44.90045144492367
            ],
            [
              -0.647053043232366,
              44.90056889724879
            ],
            [
              -0.647079669591804,
              44.900717043187825
            ],
            [
              -0.64727363641207,
              44.90141411737721
            ],
            [
              -0.647474284127357,
              44.90202963029404
            ],
            [
              -0.647626211109936,
              44.902214842710585
            ],
            [
              -0.647945390072994,
              44.90249189918019
            ],
            [
              -0.648160517614603,
              44.902639469988515
            ],
            [
              -0.648369472035868,
              44.90276259036298
            ],
            [
              -0.648877411228671,
              44.902933646647526
            ],
            [
              -0.64932019610289,
              44.903093411898205
            ],
            [
              -0.649560078464643,
              44.90330778819586
            ],
            [
              -0.64962215053986,
              44.90340560882487
            ],
            [
              -0.649697803991564,
              44.90381901180245
            ],
            [
              -0.649760405307837,
              44.90427906526762
            ],
            [
              -0.649748447353575,
              44.90443563399384
            ],
            [
              -0.649686963816103,
              44.90473924592432
            ],
            [
              -0.649666389099437,
              44.90484661198376
            ],
            [
              -0.64959885530725,
              44.90504092375978
            ],
            [
              -0.649345154382149,
              44.90543333138597
            ],
            [
              -0.649190842770976,
              44.90564419651021
            ],
            [
              -0.648920136030484,
              44.905933028977444
            ],
            [
              -0.648869158770823,
              44.90598927388591
            ],
            [
              -0.648846628853672,
              44.906043775336016
            ]
          ]
        ]
      }
    },
    {
      "type": "Feature",
      "properties": {
        "fid": 491,
        "GID": 737,
        "TERRIT_P": "PT_OUEST",
        "GO_DESCRITION": "sécur° centre équestre",
        "GPOLE_SUIVI_OPE_AMENAGEMENT_EP_COMMUNES": "Blanquefort",
        "GPOLE_SUIVI_OPE_AMENAGEMENT_EP_LIBELLE_PROJET": "BLANQ-076 - Rue du Manège",
        "GPOLE_SUIVI_OPE_AMENAGEMENT_EP_STATUT_PROJET": "Conception",
        "GPOLE_SUIVI_OPE_AMENAGEMENT_EP_CHEF_DE_PROJET": "GUIRAUD Sebastien",
        "GPOLE_SUIVI_OPE_AMENAGEMENT_EP_DESCRIPTION_PROJET": "La ville de Blanquefort a demandé une sécurisation de la voirie au croisement de la rue du manège et de la rue de la Lande. En effet il existe un conflit entre les usagers du parc, la traversée des chevaux du centre équestre et les véhicules arrivant avec une vitesse relativement importante de la rue de la Lande. Une demande d’étude du service signalisation a été transmise, par le SAU. \n\nLa direction de la signalisation a proposé une « pré étude » concernant la demande de sécurisation de voirie (implantation de 3 écluses centrales bordurées et mise en zone  d'agglomération le secteur). La ville de Blanquefort a validé ces propositions et souhaite également la mise en sens unique (sud vers nord) du chemin reliant l’avenue de la Salle de Breillan à la rue du Manège.",
        "GPOLE_SUIVI_OPE_AMENAGEMENT_EP_TYPE_PROJET": "Amgt EspPublic _ Géné",
        "GPOLE_SUIVI_OPE_AMENAGEMENT_EP_PROG_FIN_PRINC_SAU": "Autres",
        "GPOLE_SUIVI_OPE_AMENAGEMENT_EP_DEBUT_TRAVAUX": 2026,
        "GPOLE_SUIVI_OPE_AMENAGEMENT_EP_FIN_TRAVAUX": 2026
      },
      "geometry": {
        "type": "MultiLineString",
        "coordinates": [
          [
            [
              -0.655446000347597,
              44.92188892521302
            ],
            [
              -0.654430979700778,
              44.92264290959578
            ],
            [
              -0.654305871895641,
              44.922723402099805
            ],
            [
              -0.654163732651999,
              44.922741381943965
            ],
            [
              -0.652741531713125,
              44.922750279700296
            ]
          ]
        ]
      }
    },
    {
      "type": "Feature",
      "properties": {
        "fid": 492,
        "GID": 1141,
        "TERRIT_P": "PT_OUEST",
        "GO_DESCRITION": "parking",
        "GPOLE_SUIVI_OPE_AMENAGEMENT_EP_COMMUNES": "Saint-Médard-en-Jalles",
        "GPOLE_SUIVI_OPE_AMENAGEMENT_EP_LIBELLE_PROJET": "StMED-077...Parking rue Thevenard",
        "GPOLE_SUIVI_OPE_AMENAGEMENT_EP_STATUT_PROJET": "Conception",
        "GPOLE_SUIVI_OPE_AMENAGEMENT_EP_CHEF_DE_PROJET": "BRUN-ROUDIER Jean",
        "GPOLE_SUIVI_OPE_AMENAGEMENT_EP_DESCRIPTION_PROJET": "Création d'un parking rue Frédéric Thevenard (demande de la Ville de ST Médard)",
        "GPOLE_SUIVI_OPE_AMENAGEMENT_EP_TYPE_PROJET": "Amgt EspPublic _ Géné",
        "GPOLE_SUIVI_OPE_AMENAGEMENT_EP_PROG_FIN_PRINC_SAU": "FIC",
        "GPOLE_SUIVI_OPE_AMENAGEMENT_EP_DEBUT_TRAVAUX": 2026,
        "GPOLE_SUIVI_OPE_AMENAGEMENT_EP_FIN_TRAVAUX": 2026
      },
      "geometry": {
        "type": "MultiLineString",
        "coordinates": [
          [
            [
              -0.718011173697694,
              44.89712246778645
            ],
            [
              -0.71800482028519,
              44.89725111521953
            ],
            [
              -0.717918385695467,
              44.89737766904215
            ],
            [
              -0.717046988388303,
              44.89730389127795
            ],
            [
              -0.717094997080772,
              44.89708041273194
            ],
            [
              -0.71770981468955,
              44.89710742200982
            ],
            [
              -0.718011173697694,
              44.89712246778645
            ]
          ]
        ]
      }
    },
    {
      "type": "Feature",
      "properties": {
        "fid": 493,
        "GID": 1721,
        "TERRIT_P": "PT_OUEST",
        "GO_DESCRITION": "carref",
        "GPOLE_SUIVI_OPE_AMENAGEMENT_EP_COMMUNES": "Saint-Aubin de Médoc",
        "GPOLE_SUIVI_OPE_AMENAGEMENT_EP_LIBELLE_PROJET": "StAUB-091...Carrefour route de St Médard / route de Germignan",
        "GPOLE_SUIVI_OPE_AMENAGEMENT_EP_STATUT_PROJET": "Conception",
        "GPOLE_SUIVI_OPE_AMENAGEMENT_EP_CHEF_DE_PROJET": "GROULT Frederic",
        "GPOLE_SUIVI_OPE_AMENAGEMENT_EP_DESCRIPTION_PROJET": "Adaptation de l’intersection au nouveaux trafics (comptage, et adaptation de la signalisation)",
        "GPOLE_SUIVI_OPE_AMENAGEMENT_EP_TYPE_PROJET": "Amgt EspPublic _ Géné",
        "GPOLE_SUIVI_OPE_AMENAGEMENT_EP_PROG_FIN_PRINC_SAU": "FIC",
        "GPOLE_SUIVI_OPE_AMENAGEMENT_EP_DEBUT_TRAVAUX": null,
        "GPOLE_SUIVI_OPE_AMENAGEMENT_EP_FIN_TRAVAUX": null
      },
      "geometry": {
        "type": "MultiLineString",
        "coordinates": [
          [
            [
              -0.724278308746645,
              44.91201360475275
            ],
            [
              -0.724223581417334,
              44.91199708113972
            ],
            [
              -0.724185370623769,
              44.9119722996623
            ],
            [
              -0.724170242464014,
              44.91195735805937
            ],
            [
              -0.724149310778344,
              44.91192717008933
            ],
            [
              -0.724142469394271,
              44.91190184272151
            ],
            [
              -0.724157909762496,
              44.91186207683866
            ],
            [
              -0.724174622583214,
              44.91184345797137
            ],
            [
              -0.724219310298042,
              44.91181203614546
            ],
            [
              -0.724278487950005,
              44.91178867367412
            ],
            [
              -0.724319303534582,
              44.9117792860431
            ],
            [
              -0.72434713175341,
              44.9117761233921
            ],
            [
              -0.724424379804819,
              44.911772975314335
            ],
            [
              -0.724480614757869,
              44.91178153977244
            ],
            [
              -0.724519044046491,
              44.91179035064448
            ],
            [
              -0.724592549455943,
              44.91182016234167
            ],
            [
              -0.724629820312499,
              44.911849768213514
            ],
            [
              -0.724643493709421,
              44.91187050987594
            ],
            [
              -0.724645031513624,
              44.911909145604405
            ],
            [
              -0.724632944412303,
              44.911939693726936
            ],
            [
              -0.724604146414682,
              44.911968055613336
            ],
            [
              -0.724588888952572,
              44.91197641617382
            ],
            [
              -0.724538558299646,
              44.911999537563176
            ],
            [
              -0.724498815242574,
              44.912012102059784
            ],
            [
              -0.724461035430624,
              44.912020767328954
            ],
            [
              -0.72436406474789,
              44.91202580644671
            ],
            [
              -0.72432550458217,
              44.912022416793036
            ],
            [
              -0.724278308746645,
              44.91201360475275
            ]
          ]
        ]
      }
    },
    {
      "type": "Feature",
      "properties": {
        "fid": 494,
        "GID": 512,
        "TERRIT_P": "PT_OUEST",
        "GO_DESCRITION": "amgt gir",
        "GPOLE_SUIVI_OPE_AMENAGEMENT_EP_COMMUNES": "Eysines",
        "GPOLE_SUIVI_OPE_AMENAGEMENT_EP_LIBELLE_PROJET": "EYSIN-065 Avenue Médoc (Giratoire Pauillac)",
        "GPOLE_SUIVI_OPE_AMENAGEMENT_EP_STATUT_PROJET": "Conception",
        "GPOLE_SUIVI_OPE_AMENAGEMENT_EP_CHEF_DE_PROJET": "PIAGUET Emilie",
        "GPOLE_SUIVI_OPE_AMENAGEMENT_EP_DESCRIPTION_PROJET": "Réalisation de l'étude préliminaire et AVP du giratoire situé au carrefour de l'avenue du Médoc et de la route de Pauillac. Ce contrat englobe la levée des préalables fonciers dans le cadre de la DUP 2025.",
        "GPOLE_SUIVI_OPE_AMENAGEMENT_EP_TYPE_PROJET": "Amgt EspPublic _ Géné",
        "GPOLE_SUIVI_OPE_AMENAGEMENT_EP_PROG_FIN_PRINC_SAU": "CODEV",
        "GPOLE_SUIVI_OPE_AMENAGEMENT_EP_DEBUT_TRAVAUX": null,
        "GPOLE_SUIVI_OPE_AMENAGEMENT_EP_FIN_TRAVAUX": null
      },
      "geometry": {
        "type": "MultiLineString",
        "coordinates": [
          [
            [
              -0.636442836368651,
              44.88538305929581
            ],
            [
              -0.636361361056681,
              44.885348009925124
            ],
            [
              -0.636298482064895,
              44.88529716516462
            ],
            [
              -0.636256757432436,
              44.88522580414116
            ],
            [
              -0.636249253702393,
              44.88517764851695
            ],
            [
              -0.636253941295004,
              44.88513900408195
            ],
            [
              -0.636263623323573,
              44.885110722584436
            ],
            [
              -0.636284439797367,
              44.88507486883002
            ],
            [
              -0.636305636212222,
              44.885049966082484
            ],
            [
              -0.636331223452073,
              44.88502724327204
            ],
            [
              -0.636350507632009,
              44.88501349954397
            ],
            [
              -0.636371403339435,
              44.88500100297616
            ],
            [
              -0.636417382167939,
              44.884980121528436
            ],
            [
              -0.636442115364516,
              44.88497189556737
            ],
            [
              -0.636494129589657,
              44.884960185713865
            ],
            [
              -0.636534587951923,
              44.884955721963486
            ],
            [
              -0.636575519734978,
              44.88495505067884
            ],
            [
              -0.636616224592736,
              44.88495818334565
            ],
            [
              -0.636656006061705,
              44.884965066363705
            ],
            [
              -0.636706438915003,
              44.88497986504361
            ],
            [
              -0.636752490920537,
              44.88500066483087
            ],
            [
              -0.636810340922715,
              44.885041688883355
            ],
            [
              -0.63685128453689,
              44.88509195945868
            ],
            [
              -0.636870437158416,
              44.88513845705497
            ],
            [
              -0.636874103509783,
              44.88519648802468
            ],
            [
              -0.63686469651183,
              44.88523469500983
            ],
            [
              -0.636856518020702,
              44.88525321624241
            ],
            [
              -0.63683352178707,
              44.88528839046909
            ],
            [
              -0.636802283264887,
              44.88532019143492
            ],
            [
              -0.636753111962863,
              44.88535373912721
            ],
            [
              -0.636694892532938,
              44.88537892555399
            ],
            [
              -0.636643645957517,
              44.885392237312566
            ],
            [
              -0.636576300431439,
              44.885399667510804
            ],
            [
              -0.636521789099792,
              44.88539802396924
            ],
            [
              -0.636481622889978,
              44.8853923810783
            ],
            [
              -0.636442836368651,
              44.88538305929581
            ]
          ]
        ]
      }
    },
    {
      "type": "Feature",
      "properties": {
        "fid": 495,
        "GID": 513,
        "TERRIT_P": "PT_OUEST",
        "GO_DESCRITION": "amgt cyclable",
        "GPOLE_SUIVI_OPE_AMENAGEMENT_EP_COMMUNES": "Eysines",
        "GPOLE_SUIVI_OPE_AMENAGEMENT_EP_LIBELLE_PROJET": "EYSIN-066 Aménagement cyclable Avenue René Antoune ( Taillan/Lande Blanche)",
        "GPOLE_SUIVI_OPE_AMENAGEMENT_EP_STATUT_PROJET": "Conception",
        "GPOLE_SUIVI_OPE_AMENAGEMENT_EP_CHEF_DE_PROJET": "GOURAUD Simon",
        "GPOLE_SUIVI_OPE_AMENAGEMENT_EP_DESCRIPTION_PROJET": "Résorption des discontinuités cyclables.  réalisation des études préliminaires. Finalisation des études AVP sur ce contrat. Levée des préalables règlementaires et fonciers.  L'avenue René Antoune étant une voie de catégorie 3, les travaux seront financés sur le fonds d'intérêt communal",
        "GPOLE_SUIVI_OPE_AMENAGEMENT_EP_TYPE_PROJET": "Amgt EspPublic _ Géné",
        "GPOLE_SUIVI_OPE_AMENAGEMENT_EP_PROG_FIN_PRINC_SAU": "CODEV",
        "GPOLE_SUIVI_OPE_AMENAGEMENT_EP_DEBUT_TRAVAUX": 2027,
        "GPOLE_SUIVI_OPE_AMENAGEMENT_EP_FIN_TRAVAUX": 2027
      },
      "geometry": {
        "type": "MultiLineString",
        "coordinates": [
          [
            [
              -0.651821799309287,
              44.876411632058314
            ],
            [
              -0.651857458563128,
              44.87658831469378
            ],
            [
              -0.651878363974191,
              44.87680204461657
            ],
            [
              -0.651898045119044,
              44.87716724513808
            ],
            [
              -0.651898831091126,
              44.87741675971669
            ],
            [
              -0.651877624816041,
              44.87765326453072
            ],
            [
              -0.651859335184195,
              44.87782033555022
            ],
            [
              -0.651828321841475,
              44.8779845625302
            ],
            [
              -0.651756270264115,
              44.87825194196035
            ],
            [
              -0.651708488185878,
              44.878428376071774
            ],
            [
              -0.651645490159711,
              44.87866164207696
            ],
            [
              -0.651636668117406,
              44.87877624171205
            ],
            [
              -0.651648608860508,
              44.87887260918951
            ],
            [
              -0.651668942044044,
              44.87894348400875
            ],
            [
              -0.651736992145366,
              44.87906750984245
            ],
            [
              -0.651926715017281,
              44.87927204287367
            ],
            [
              -0.652159633651801,
              44.87950635951247
            ],
            [
              -0.652295972419522,
              44.879646316499326
            ],
            [
              -0.652449436162141,
              44.87981245016383
            ],
            [
              -0.652504584805108,
              44.87993878114147
            ],
            [
              -0.652513847957346,
              44.88006081834163
            ],
            [
              -0.652423657195923,
              44.88039440577071
            ],
            [
              -0.652328920747304,
              44.880639853925345
            ],
            [
              -0.652189115229786,
              44.88095171489409
            ]
          ]
        ]
      }
    },
    {
      "type": "Feature",
      "properties": {
        "fid": 496,
        "GID": 514,
        "TERRIT_P": "PT_OUEST",
        "GO_DESCRITION": "amgt cyclable",
        "GPOLE_SUIVI_OPE_AMENAGEMENT_EP_COMMUNES": "Eysines",
        "GPOLE_SUIVI_OPE_AMENAGEMENT_EP_LIBELLE_PROJET": "EYSIN-067 Aménagement cyclable Avenue du Taillan Médoc (126/130)",
        "GPOLE_SUIVI_OPE_AMENAGEMENT_EP_STATUT_PROJET": "Conception",
        "GPOLE_SUIVI_OPE_AMENAGEMENT_EP_CHEF_DE_PROJET": "VILLAUME Aline",
        "GPOLE_SUIVI_OPE_AMENAGEMENT_EP_DESCRIPTION_PROJET": "Réaliser les travaux d'aménagement cyclable pour résorber la discontinuité au droit du n°126 - DUP en cours en 2023",
        "GPOLE_SUIVI_OPE_AMENAGEMENT_EP_TYPE_PROJET": "Amgt EspPublic _ Géné",
        "GPOLE_SUIVI_OPE_AMENAGEMENT_EP_PROG_FIN_PRINC_SAU": "CODEV",
        "GPOLE_SUIVI_OPE_AMENAGEMENT_EP_DEBUT_TRAVAUX": 2026,
        "GPOLE_SUIVI_OPE_AMENAGEMENT_EP_FIN_TRAVAUX": 2026
      },
      "geometry": {
        "type": "MultiLineString",
        "coordinates": [
          [
            [
              -0.645300447440147,
              44.87852531084409
            ],
            [
              -0.644793279411919,
              44.878257764862425
            ]
          ]
        ]
      }
    },
    {
      "type": "Feature",
      "properties": {
        "fid": 497,
        "GID": 515,
        "TERRIT_P": "PT_OUEST",
        "GO_DESCRITION": "securis° modes doux",
        "GPOLE_SUIVI_OPE_AMENAGEMENT_EP_COMMUNES": "Eysines",
        "GPOLE_SUIVI_OPE_AMENAGEMENT_EP_LIBELLE_PROJET": "EYSIN-069 Avenue du Médoc ( Rocade/Hippodrome)",
        "GPOLE_SUIVI_OPE_AMENAGEMENT_EP_STATUT_PROJET": "Conception",
        "GPOLE_SUIVI_OPE_AMENAGEMENT_EP_CHEF_DE_PROJET": "PIAGUET Emilie",
        "GPOLE_SUIVI_OPE_AMENAGEMENT_EP_DESCRIPTION_PROJET": "Réalisation d'une étude visant à sécuriser le déplacement des modes doux",
        "GPOLE_SUIVI_OPE_AMENAGEMENT_EP_TYPE_PROJET": "Amgt EspPublic _ Géné",
        "GPOLE_SUIVI_OPE_AMENAGEMENT_EP_PROG_FIN_PRINC_SAU": "CODEV",
        "GPOLE_SUIVI_OPE_AMENAGEMENT_EP_DEBUT_TRAVAUX": null,
        "GPOLE_SUIVI_OPE_AMENAGEMENT_EP_FIN_TRAVAUX": null
      },
      "geometry": {
        "type": "MultiLineString",
        "coordinates": [
          [
            [
              -0.628213134578211,
              44.88069398721934
            ],
            [
              -0.627636333905007,
              44.880162405071474
            ],
            [
              -0.626875224428056,
              44.879593089911104
            ],
            [
              -0.62612826673376,
              44.87915970494121
            ],
            [
              -0.625392594545933,
              44.87875847604337
            ],
            [
              -0.624820746387511,
              44.87847787411693
            ],
            [
              -0.624471207801195,
              44.878287033451926
            ],
            [
              -0.62393018484953,
              44.877954549522194
            ],
            [
              -0.622985317123139,
              44.87728153317264
            ],
            [
              -0.622188220935493,
              44.87682430880567
            ]
          ]
        ]
      }
    },
    {
      "type": "Feature",
      "properties": {
        "fid": 498,
        "GID": 516,
        "TERRIT_P": "PT_OUEST",
        "GO_DESCRITION": "amgt general",
        "GPOLE_SUIVI_OPE_AMENAGEMENT_EP_COMMUNES": "Martignas-sur-Jalle",
        "GPOLE_SUIVI_OPE_AMENAGEMENT_EP_LIBELLE_PROJET": "MARTI-060 - Aménagement des espaces publics du cœur de Bourg",
        "GPOLE_SUIVI_OPE_AMENAGEMENT_EP_STATUT_PROJET": "Conception",
        "GPOLE_SUIVI_OPE_AMENAGEMENT_EP_CHEF_DE_PROJET": "PIAGUET Emilie",
        "GPOLE_SUIVI_OPE_AMENAGEMENT_EP_DESCRIPTION_PROJET": "L'étude urbaine du centre ville de Martignas a abouti à l'élaboration d'un plan guide. Ce dernier partage le secteur en différents îlots à vocation d'habitation, de commerces ou d'espaces publics. Sur le présent contrat, il est prévu d'étudier l'aménagement de l'ensemble des espaces publics compris entre les avenues République et Libération (ilots B, D, I et J du plan guide).\nLes études d'aménagement des espaces sont à coordonner avec celles des bâtiments communaux.",
        "GPOLE_SUIVI_OPE_AMENAGEMENT_EP_TYPE_PROJET": "Amgt EspPublic _ Géné",
        "GPOLE_SUIVI_OPE_AMENAGEMENT_EP_PROG_FIN_PRINC_SAU": "CODEV",
        "GPOLE_SUIVI_OPE_AMENAGEMENT_EP_DEBUT_TRAVAUX": null,
        "GPOLE_SUIVI_OPE_AMENAGEMENT_EP_FIN_TRAVAUX": null
      },
      "geometry": {
        "type": "MultiLineString",
        "coordinates": [
          [
            [
              -0.775701530584438,
              44.840399828986826
            ],
            [
              -0.77583543814658,
              44.84029352826796
            ],
            [
              -0.776055646785285,
              44.84011888792761
            ],
            [
              -0.776212408610793,
              44.83999719870205
            ],
            [
              -0.776380499681964,
              44.83990540384749
            ],
            [
              -0.776462526845321,
              44.83987024907806
            ],
            [
              -0.776805206955504,
              44.839751037887275
            ],
            [
              -0.776685420659561,
              44.83966798539936
            ],
            [
              -0.776430307561217,
              44.83945023311918
            ],
            [
              -0.776438623100599,
              44.83920815302283
            ],
            [
              -0.776620947637696,
              44.83879849486326
            ],
            [
              -0.776283415577421,
              44.83883969626739
            ],
            [
              -0.776033711116609,
              44.83883960368402
            ],
            [
              -0.775695548603781,
              44.838770733125415
            ],
            [
              -0.775318314278967,
              44.8392658793157
            ],
            [
              -0.775147142921137,
              44.83950100564873
            ],
            [
              -0.775125445014318,
              44.83956794224756
            ],
            [
              -0.7751315,
              44.83966560000004
            ],
            [
              -0.775158899999963,
              44.8397443
            ],
            [
              -0.775229049084383,
              44.839908732684414
            ],
            [
              -0.775334694970002,
              44.84010348165066
            ],
            [
              -0.775467417038289,
              44.84033246030624
            ],
            [
              -0.775523461465221,
              44.84038771860822
            ],
            [
              -0.775701530584438,
              44.840399828986826
            ]
          ]
        ]
      }
    },
    {
      "type": "Feature",
      "properties": {
        "fid": 499,
        "GID": 517,
        "TERRIT_P": "PT_OUEST",
        "GO_DESCRITION": "amgt gir",
        "GPOLE_SUIVI_OPE_AMENAGEMENT_EP_COMMUNES": "Martignas-sur-Jalle",
        "GPOLE_SUIVI_OPE_AMENAGEMENT_EP_LIBELLE_PROJET": "MARTI-061 - Aménagement du giratoire d'accès à la ZA Estigeac est",
        "GPOLE_SUIVI_OPE_AMENAGEMENT_EP_STATUT_PROJET": "A lancer",
        "GPOLE_SUIVI_OPE_AMENAGEMENT_EP_CHEF_DE_PROJET": "VILLAUME Aline",
        "GPOLE_SUIVI_OPE_AMENAGEMENT_EP_DESCRIPTION_PROJET": "Ce projet consiste en la réalisation d’un giratoire sur l’avenue Maréchal Leclerc desservant la zone d’activité Estigeac et son potentiel d’extension en lien avec l’opérateur privé qui porte le projet d'aménagement de cette nouvelle zone d'activités. Bordeaux Métropole réalisera en lien avec la ville et l'opérateur un aménagement de voirie permettant de sécuriser l'accès aux deux zones d'activités. Le calendrier de cette opération est conditionné à l'obtention des autorisations environnementales et d'urbanisme. Financement au titre du développement économique.",
        "GPOLE_SUIVI_OPE_AMENAGEMENT_EP_TYPE_PROJET": "Amgt EspPublic _ Géné",
        "GPOLE_SUIVI_OPE_AMENAGEMENT_EP_PROG_FIN_PRINC_SAU": "CODEV",
        "GPOLE_SUIVI_OPE_AMENAGEMENT_EP_DEBUT_TRAVAUX": null,
        "GPOLE_SUIVI_OPE_AMENAGEMENT_EP_FIN_TRAVAUX": null
      },
      "geometry": {
        "type": "MultiLineString",
        "coordinates": [
          [
            [
              -0.757128405322061,
              44.84779196289324
            ],
            [
              -0.75702076171399,
              44.8478510551963
            ],
            [
              -0.756891199180377,
              44.84788039314254
            ],
            [
              -0.756805981276059,
              44.847881881682724
            ],
            [
              -0.756706140856671,
              44.847866339275825
            ],
            [
              -0.756629585583735,
              44.84783966710238
            ],
            [
              -0.756575331144035,
              44.84781021857716
            ],
            [
              -0.756492265277601,
              44.84773364222515
            ],
            [
              -0.756461153229242,
              44.84767718461978
            ],
            [
              -0.756447955966582,
              44.84761727489698
            ],
            [
              -0.756450746712939,
              44.847568768134614
            ],
            [
              -0.75647078184769,
              44.8475098259992
            ],
            [
              -0.756491278874471,
              44.8474764406004
            ],
            [
              -0.756538443755362,
              44.84742592781449
            ],
            [
              -0.756613606353866,
              44.8473766625564
            ],
            [
              -0.756688228796793,
              44.84734734992958
            ],
            [
              -0.756753256984565,
              44.84733262505666
            ],
            [
              -0.756855045380154,
              44.84732609049274
            ],
            [
              -0.75693933118711,
              44.84733515153615
            ],
            [
              -0.757003522181334,
              44.84735163092208
            ],
            [
              -0.757076517963207,
              44.8473829478806
            ],
            [
              -0.757126957951552,
              44.847415647966805
            ],
            [
              -0.757177550844895,
              44.84746445317287
            ],
            [
              -0.757200326416529,
              44.84749708270935
            ],
            [
              -0.757221025605074,
              44.84754334303096
            ],
            [
              -0.757230118306475,
              44.84759145754864
            ],
            [
              -0.757227328214887,
              44.847639964329936
            ],
            [
              -0.757201146539749,
              44.84771024371393
            ],
            [
              -0.757169801014704,
              44.84775336694799
            ],
            [
              -0.757128405322061,
              44.84779196289324
            ]
          ]
        ]
      }
    },
    {
      "type": "Feature",
      "properties": {
        "fid": 500,
        "GID": 518,
        "TERRIT_P": "PT_OUEST",
        "GO_DESCRITION": "amgt cycl",
        "GPOLE_SUIVI_OPE_AMENAGEMENT_EP_COMMUNES": "Martignas-sur-Jalle",
        "GPOLE_SUIVI_OPE_AMENAGEMENT_EP_LIBELLE_PROJET": "MARTI-062 - Aménagement des avenues Libération et P&M Girard",
        "GPOLE_SUIVI_OPE_AMENAGEMENT_EP_STATUT_PROJET": "Conception",
        "GPOLE_SUIVI_OPE_AMENAGEMENT_EP_CHEF_DE_PROJET": "PIAGUET Emilie",
        "GPOLE_SUIVI_OPE_AMENAGEMENT_EP_DESCRIPTION_PROJET": "Afin d'assurer une continuité entre le centre-ville de Martignas et le quartier sud, cette fiche action prévoit l'étude d'aménagement d'une continuité cyclable sur les avenues de la Libération et Pierre et Marcelle Girard tout en réalisant des aménagements de voirie permettant de réduire la vitesse sur ces voies de catégorie 2 (plateaux surélevés). L'objet de la présente fiche est de définir le programme, réaliser les études préliminaires et élaborer les éventuels dossiers réglementaires afférents et amorcer les acquisitions foncières nécessaires à l'aménagement.",
        "GPOLE_SUIVI_OPE_AMENAGEMENT_EP_TYPE_PROJET": "Amgt EspPublic _ Géné",
        "GPOLE_SUIVI_OPE_AMENAGEMENT_EP_PROG_FIN_PRINC_SAU": "CODEV",
        "GPOLE_SUIVI_OPE_AMENAGEMENT_EP_DEBUT_TRAVAUX": null,
        "GPOLE_SUIVI_OPE_AMENAGEMENT_EP_FIN_TRAVAUX": null
      },
      "geometry": {
        "type": "MultiLineString",
        "coordinates": [
          [
            [
              -0.77583543814658,
              44.84029352826796
            ],
            [
              -0.776111738416313,
              44.84007089551409
            ],
            [
              -0.776261080422759,
              44.839967024807414
            ],
            [
              -0.776380499681964,
              44.83990540384749
            ],
            [
              -0.776565609674485,
              44.839831782862326
            ],
            [
              -0.776805206955504,
              44.839751037887275
            ],
            [
              -0.777240552905752,
              44.83960253342738
            ],
            [
              -0.777627168595793,
              44.83949105062423
            ],
            [
              -0.777911920601151,
              44.839415380932
            ],
            [
              -0.778094938014422,
              44.83935624137636
            ],
            [
              -0.778372876052888,
              44.83923871769186
            ],
            [
              -0.778725213899764,
              44.839065852367646
            ],
            [
              -0.779228912973252,
              44.83882833118218
            ],
            [
              -0.780669439910854,
              44.83813679441778
            ],
            [
              -0.782225567282511,
              44.83740397234025
            ],
            [
              -0.782475417453932,
              44.83729385480227
            ],
            [
              -0.78265739999972,
              44.83722980000019
            ],
            [
              -0.782991799999772,
              44.83714140000005
            ],
            [
              -0.783670634204121,
              44.837022861729835
            ],
            [
              -0.784740487609135,
              44.836815134635
            ],
            [
              -0.785412670501945,
              44.83668599684658
            ],
            [
              -0.78547825132341,
              44.836676451953
            ]
          ]
        ]
      }
    },
    {
      "type": "Feature",
      "properties": {
        "fid": 501,
        "GID": 520,
        "TERRIT_P": "PT_OUEST",
        "GO_DESCRITION": "requalif° de voie",
        "GPOLE_SUIVI_OPE_AMENAGEMENT_EP_COMMUNES": "Mérignac",
        "GPOLE_SUIVI_OPE_AMENAGEMENT_EP_LIBELLE_PROJET": "MERIG-102...Avenue de Verdun (section Leclerc - Mendès France)",
        "GPOLE_SUIVI_OPE_AMENAGEMENT_EP_STATUT_PROJET": "A lancer",
        "GPOLE_SUIVI_OPE_AMENAGEMENT_EP_CHEF_DE_PROJET": "DEFOUG Anne Helene",
        "GPOLE_SUIVI_OPE_AMENAGEMENT_EP_DESCRIPTION_PROJET": "Réaménagement complet : requalification de l'avenue, porte d'entrée du centre-ville. Elargissement des trottoirs pour mise aux normes, effacement des réseaux et désencombrement des circulations piétonnes, résorption de la discontinuité cyclable, création de places de stationnement, végétalisation.\nLinéaire 540 ml.\nEtudes, levée des préalables dont préalables fonciers, DUP nécessaire ? Concertation réglementaire ?\nEtudes à lancer à partir de mi-2026",
        "GPOLE_SUIVI_OPE_AMENAGEMENT_EP_TYPE_PROJET": "Amgt EspPublic _ Géné",
        "GPOLE_SUIVI_OPE_AMENAGEMENT_EP_PROG_FIN_PRINC_SAU": "CODEV",
        "GPOLE_SUIVI_OPE_AMENAGEMENT_EP_DEBUT_TRAVAUX": 2029,
        "GPOLE_SUIVI_OPE_AMENAGEMENT_EP_FIN_TRAVAUX": 2029
      },
      "geometry": {
        "type": "MultiLineString",
        "coordinates": [
          [
            [
              -0.646599913685538,
              44.8417785363283
            ],
            [
              -0.645752547714807,
              44.841596134814694
            ],
            [
              -0.645507777076621,
              44.84152970356547
            ],
            [
              -0.643369421871155,
              44.84111289488266
            ],
            [
              -0.64289737810398,
              44.84100517337685
            ],
            [
              -0.642003706525094,
              44.84078819366359
            ],
            [
              -0.641180200000013,
              44.8405882
            ],
            [
              -0.640160399999945,
              44.8404433
            ],
            [
              -0.639838605384466,
              44.84029377281597
            ]
          ]
        ]
      }
    },
    {
      "type": "Feature",
      "properties": {
        "fid": 502,
        "GID": 521,
        "TERRIT_P": "PT_OUEST",
        "GO_DESCRITION": "amgt modes doux",
        "GPOLE_SUIVI_OPE_AMENAGEMENT_EP_COMMUNES": "Saint-Aubin de Médoc",
        "GPOLE_SUIVI_OPE_AMENAGEMENT_EP_LIBELLE_PROJET": "StAUB-074 - Route de Jolibois - Aménagement en faveur des piétons et vélos, entre l'allée de Cagaraou et le chemin des vignes.",
        "GPOLE_SUIVI_OPE_AMENAGEMENT_EP_STATUT_PROJET": "Conception",
        "GPOLE_SUIVI_OPE_AMENAGEMENT_EP_CHEF_DE_PROJET": "GROULT Frederic",
        "GPOLE_SUIVI_OPE_AMENAGEMENT_EP_DESCRIPTION_PROJET": "Sur la durée du contrat, réalisation des études et travaux, d'aménagement de la route de jolibois, en faveur des piétons et vélos, conformément au PAVE, en améliorant la qualité paysagère de la voie. Emprises foncières maîtrisées.",
        "GPOLE_SUIVI_OPE_AMENAGEMENT_EP_TYPE_PROJET": "Amgt EspPublic _ Géné",
        "GPOLE_SUIVI_OPE_AMENAGEMENT_EP_PROG_FIN_PRINC_SAU": "CODEV",
        "GPOLE_SUIVI_OPE_AMENAGEMENT_EP_DEBUT_TRAVAUX": 2027,
        "GPOLE_SUIVI_OPE_AMENAGEMENT_EP_FIN_TRAVAUX": 2027
      },
      "geometry": {
        "type": "MultiLineString",
        "coordinates": [
          [
            [
              -0.722070661960076,
              44.91542598816776
            ],
            [
              -0.72205258091999,
              44.91609502586059
            ],
            [
              -0.722051354011362,
              44.916681623716876
            ],
            [
              -0.722081458139433,
              44.916884327608244
            ],
            [
              -0.722270314018899,
              44.917398772953376
            ],
            [
              -0.722454050112109,
              44.91783600038542
            ],
            [
              -0.722609990239157,
              44.91803369281358
            ],
            [
              -0.723007532091423,
              44.91853600486883
            ],
            [
              -0.72312938182254,
              44.918671208811986
            ],
            [
              -0.723349060111081,
              44.919050415776724
            ],
            [
              -0.723411204559996,
              44.919236757778336
            ],
            [
              -0.723492191459769,
              44.91960842416598
            ],
            [
              -0.723566797153875,
              44.91986503239109
            ]
          ]
        ]
      }
    },
    {
      "type": "Feature",
      "properties": {
        "fid": 504,
        "GID": 543,
        "TERRIT_P": "PT_OUEST",
        "GO_DESCRITION": "requalif° de l'avenue",
        "GPOLE_SUIVI_OPE_AMENAGEMENT_EP_COMMUNES": "Saint-Médard-en-Jalles",
        "GPOLE_SUIVI_OPE_AMENAGEMENT_EP_LIBELLE_PROJET": "StMED-070 ... Avenue de la Boétie (Dethomas / Montaigne)",
        "GPOLE_SUIVI_OPE_AMENAGEMENT_EP_STATUT_PROJET": "Conception",
        "GPOLE_SUIVI_OPE_AMENAGEMENT_EP_CHEF_DE_PROJET": "MOINEREAU Jean-Philippe",
        "GPOLE_SUIVI_OPE_AMENAGEMENT_EP_DESCRIPTION_PROJET": "Etudes de requalification de la section de l'avenue de la Boétie comprise entre les rues Dethomas et Montaigne.",
        "GPOLE_SUIVI_OPE_AMENAGEMENT_EP_TYPE_PROJET": "Amgt EspPublic _ Géné",
        "GPOLE_SUIVI_OPE_AMENAGEMENT_EP_PROG_FIN_PRINC_SAU": "CODEV",
        "GPOLE_SUIVI_OPE_AMENAGEMENT_EP_DEBUT_TRAVAUX": null,
        "GPOLE_SUIVI_OPE_AMENAGEMENT_EP_FIN_TRAVAUX": null
      },
      "geometry": {
        "type": "MultiLineString",
        "coordinates": [
          [
            [
              -0.709890405187712,
              44.89618735391112
            ],
            [
              -0.71010231477593,
              44.89606144773041
            ],
            [
              -0.710314551073101,
              44.89596205205818
            ],
            [
              -0.710492909211563,
              44.895899037487034
            ],
            [
              -0.711084896353871,
              44.89573959630115
            ],
            [
              -0.711963560605989,
              44.89550523716786
            ],
            [
              -0.712521587617524,
              44.89535489034379
            ],
            [
              -0.712802345786212,
              44.89528206098797
            ],
            [
              -0.712925540838065,
              44.89524928984731
            ],
            [
              -0.713227037373093,
              44.89519081543631
            ],
            [
              -0.713317352158383,
              44.8951666379126
            ],
            [
              -0.713409363281297,
              44.89513221617223
            ],
            [
              -0.713585559277367,
              44.89505463690574
            ]
          ]
        ]
      }
    },
    {
      "type": "Feature",
      "properties": {
        "fid": 506,
        "GID": 921,
        "TERRIT_P": "PT_OUEST",
        "GO_DESCRITION": "Voie verte",
        "GPOLE_SUIVI_OPE_AMENAGEMENT_EP_COMMUNES": "Saint-Aubin de Médoc",
        "GPOLE_SUIVI_OPE_AMENAGEMENT_EP_LIBELLE_PROJET": "StAUB-080 - Route du Tronquet - voie verte de Picot à chemin du Monastère",
        "GPOLE_SUIVI_OPE_AMENAGEMENT_EP_STATUT_PROJET": "Conception",
        "GPOLE_SUIVI_OPE_AMENAGEMENT_EP_CHEF_DE_PROJET": "GROULT Frederic",
        "GPOLE_SUIVI_OPE_AMENAGEMENT_EP_DESCRIPTION_PROJET": "Continuité cyclable de Picot à Monastère",
        "GPOLE_SUIVI_OPE_AMENAGEMENT_EP_TYPE_PROJET": "Amgt EspPublic _ Géné",
        "GPOLE_SUIVI_OPE_AMENAGEMENT_EP_PROG_FIN_PRINC_SAU": "FIC",
        "GPOLE_SUIVI_OPE_AMENAGEMENT_EP_DEBUT_TRAVAUX": 2027,
        "GPOLE_SUIVI_OPE_AMENAGEMENT_EP_FIN_TRAVAUX": 2027
      },
      "geometry": {
        "type": "MultiLineString",
        "coordinates": [
          [
            [
              -0.745121055329022,
              44.91502615313828
            ],
            [
              -0.744338859855284,
              44.914854023843255
            ],
            [
              -0.744027112402468,
              44.914786160520144
            ],
            [
              -0.741998749937104,
              44.914113162314784
            ],
            [
              -0.738544851179863,
              44.91296746074675
            ]
          ]
        ]
      }
    },
    {
      "type": "Feature",
      "properties": {
        "fid": 507,
        "GID": 922,
        "TERRIT_P": "PT_OUEST",
        "GO_DESCRITION": "voie verte et statio",
        "GPOLE_SUIVI_OPE_AMENAGEMENT_EP_COMMUNES": "Saint-Aubin de Médoc",
        "GPOLE_SUIVI_OPE_AMENAGEMENT_EP_LIBELLE_PROJET": "StAUB-081 - Route de la Serpentine II- voie verte et stationnement",
        "GPOLE_SUIVI_OPE_AMENAGEMENT_EP_STATUT_PROJET": "Exécution",
        "GPOLE_SUIVI_OPE_AMENAGEMENT_EP_CHEF_DE_PROJET": "GROULT Frederic",
        "GPOLE_SUIVI_OPE_AMENAGEMENT_EP_DESCRIPTION_PROJET": "Aménagement général : voie verte, stationnement perméable et désimperméabilisation",
        "GPOLE_SUIVI_OPE_AMENAGEMENT_EP_TYPE_PROJET": "Amgt EspPublic _ Géné",
        "GPOLE_SUIVI_OPE_AMENAGEMENT_EP_PROG_FIN_PRINC_SAU": "FIC",
        "GPOLE_SUIVI_OPE_AMENAGEMENT_EP_DEBUT_TRAVAUX": 2025,
        "GPOLE_SUIVI_OPE_AMENAGEMENT_EP_FIN_TRAVAUX": 2025
      },
      "geometry": {
        "type": "MultiLineString",
        "coordinates": [
          [
            [
              -0.740354647626911,
              44.91159091593369
            ],
            [
              -0.740185512548788,
              44.91143608379102
            ],
            [
              -0.740148346528237,
              44.91140847551598
            ],
            [
              -0.740097794290018,
              44.911387522701496
            ],
            [
              -0.739818853004302,
              44.9113402830448
            ],
            [
              -0.738701605774094,
              44.91122794127818
            ],
            [
              -0.73767230394738,
              44.91112468562024
            ],
            [
              -0.737582492451926,
              44.91110826269511
            ],
            [
              -0.737513566477259,
              44.911079623360806
            ],
            [
              -0.737358149208404,
              44.91096661567716
            ],
            [
              -0.736513960227969,
              44.91031710116567
            ],
            [
              -0.736426707294268,
              44.910302764599166
            ]
          ]
        ]
      }
    },
    {
      "type": "Feature",
      "properties": {
        "fid": 509,
        "GID": 1248,
        "TERRIT_P": "PT_OUEST",
        "GO_DESCRITION": "amgt general",
        "GPOLE_SUIVI_OPE_AMENAGEMENT_EP_COMMUNES": "Le Bouscat,Bruges",
        "GPOLE_SUIVI_OPE_AMENAGEMENT_EP_LIBELLE_PROJET": "MULTI - Ligne verte (Ravezies / St Germaine)",
        "GPOLE_SUIVI_OPE_AMENAGEMENT_EP_STATUT_PROJET": "Conception",
        "GPOLE_SUIVI_OPE_AMENAGEMENT_EP_CHEF_DE_PROJET": "VILLAUME Aline",
        "GPOLE_SUIVI_OPE_AMENAGEMENT_EP_DESCRIPTION_PROJET": "Reprise du revêtement existant sur l’ensemble du linéaire (séquence 1 à 4) en remplaçant le calcaire existant par un autre revêtement plus pérenne. Remplacer les barrières par des chicanes permettant le passage des vélos cargos. Végétalisation complémentaire sur la ligne verte côté Bouscat et Bruges.",
        "GPOLE_SUIVI_OPE_AMENAGEMENT_EP_TYPE_PROJET": "Amgt EspPublic _ Géné",
        "GPOLE_SUIVI_OPE_AMENAGEMENT_EP_PROG_FIN_PRINC_SAU": null,
        "GPOLE_SUIVI_OPE_AMENAGEMENT_EP_DEBUT_TRAVAUX": null,
        "GPOLE_SUIVI_OPE_AMENAGEMENT_EP_FIN_TRAVAUX": null
      },
      "geometry": {
        "type": "MultiLineString",
        "coordinates": [
          [
            [
              -0.613633369509216,
              44.87101983499434
            ],
            [
              -0.612996064098582,
              44.871217464227115
            ],
            [
              -0.612007177662211,
              44.87142366064081
            ],
            [
              -0.610328693420929,
              44.87166577397781
            ],
            [
              -0.607746409945586,
              44.8720279038547
            ],
            [
              -0.606044855769458,
              44.87225436293301
            ],
            [
              -0.604718433428242,
              44.87240274372398
            ],
            [
              -0.602964175419686,
              44.87264071266667
            ],
            [
              -0.599477222767598,
              44.87310725200877
            ],
            [
              -0.597444524703214,
              44.87338665941197
            ],
            [
              -0.596928488869066,
              44.87345636638746
            ],
            [
              -0.595603861506767,
              44.87348772487304
            ],
            [
              -0.59457206242692,
              44.87342357390577
            ],
            [
              -0.593970562090522,
              44.873361869131706
            ],
            [
              -0.592803185197009,
              44.8730487304544
            ],
            [
              -0.59060852229354,
              44.8720988888153
            ],
            [
              -0.590286914925914,
              44.87191537347534
            ],
            [
              -0.590207489362231,
              44.871794153175834
            ],
            [
              -0.589651925817567,
              44.87155883959857
            ],
            [
              -0.588809799751857,
              44.87133793452029
            ],
            [
              -0.588074144436529,
              44.87106525470286
            ],
            [
              -0.58574637913978,
              44.87006809538943
            ],
            [
              -0.582340616965355,
              44.868704052352776
            ],
            [
              -0.579280085749456,
              44.86741512937076
            ],
            [
              -0.576568010814969,
              44.86631969912575
            ]
          ]
        ]
      }
    },
    {
      "type": "Feature",
      "properties": {
        "fid": 511,
        "GID": 1341,
        "TERRIT_P": "PT_OUEST",
        "GO_DESCRITION": "securis° avec amgt paysager",
        "GPOLE_SUIVI_OPE_AMENAGEMENT_EP_COMMUNES": "Bruges",
        "GPOLE_SUIVI_OPE_AMENAGEMENT_EP_LIBELLE_PROJET": "BRUGE-083...Allée de la Réserve",
        "GPOLE_SUIVI_OPE_AMENAGEMENT_EP_STATUT_PROJET": "A lancer",
        "GPOLE_SUIVI_OPE_AMENAGEMENT_EP_CHEF_DE_PROJET": "VILLAUME Aline",
        "GPOLE_SUIVI_OPE_AMENAGEMENT_EP_DESCRIPTION_PROJET": "Sécurisation de l'allée de la Réserve via un aménagement paysager (merlon ou merlon+plantations) sur le large accotement qui sert aujourd'hui au stationnement anarchique de PL situé en lisière de la réserve naturelle. Objectif : éviter les intrusions, les dépots sauvages et le stationnement.",
        "GPOLE_SUIVI_OPE_AMENAGEMENT_EP_TYPE_PROJET": "PRJ_ 1 MA",
        "GPOLE_SUIVI_OPE_AMENAGEMENT_EP_PROG_FIN_PRINC_SAU": "Autres",
        "GPOLE_SUIVI_OPE_AMENAGEMENT_EP_DEBUT_TRAVAUX": null,
        "GPOLE_SUIVI_OPE_AMENAGEMENT_EP_FIN_TRAVAUX": null
      },
      "geometry": {
        "type": "MultiLineString",
        "coordinates": [
          [
            [
              -0.604441995043801,
              44.89457458760304
            ],
            [
              -0.603610476609103,
              44.89456603298234
            ],
            [
              -0.603449594310719,
              44.894565086689006
            ],
            [
              -0.603305085499476,
              44.89454227294162
            ],
            [
              -0.60317530513577,
              44.89448548283463
            ],
            [
              -0.603079194241216,
              44.89442600619414
            ],
            [
              -0.603003880669084,
              44.89433839683523
            ],
            [
              -0.602410671452108,
              44.89307177891343
            ],
            [
              -0.601837991604372,
              44.891915397844
            ],
            [
              -0.601458176875267,
              44.89115337884216
            ],
            [
              -0.60120381620882,
              44.89064036083103
            ],
            [
              -0.601004652419024,
              44.89029470887964
            ]
          ]
        ]
      }
    },
    {
      "type": "Feature",
      "properties": {
        "fid": 512,
        "GID": 1584,
        "TERRIT_P": "PT_OUEST",
        "GO_DESCRITION": "amgt général",
        "GPOLE_SUIVI_OPE_AMENAGEMENT_EP_COMMUNES": "Mérignac",
        "GPOLE_SUIVI_OPE_AMENAGEMENT_EP_LIBELLE_PROJET": "MERIG-131...Avenue Artistide Briand et partie Nord de l'av. Victor Hugo",
        "GPOLE_SUIVI_OPE_AMENAGEMENT_EP_STATUT_PROJET": "Conception",
        "GPOLE_SUIVI_OPE_AMENAGEMENT_EP_CHEF_DE_PROJET": "SAVORGNAN Margaux",
        "GPOLE_SUIVI_OPE_AMENAGEMENT_EP_DESCRIPTION_PROJET": "Aménagement de l'avenue Aristide Briand (du passage à niveau Nord) et de l'avenue Victor Hugo (au droit du parvis du Krakatoa)",
        "GPOLE_SUIVI_OPE_AMENAGEMENT_EP_TYPE_PROJET": "Amgt EspPublic _ Géné",
        "GPOLE_SUIVI_OPE_AMENAGEMENT_EP_PROG_FIN_PRINC_SAU": "FIC",
        "GPOLE_SUIVI_OPE_AMENAGEMENT_EP_DEBUT_TRAVAUX": 2027,
        "GPOLE_SUIVI_OPE_AMENAGEMENT_EP_FIN_TRAVAUX": 2027
      },
      "geometry": {
        "type": "MultiLineString",
        "coordinates": [
          [
            [
              -0.625839448644453,
              44.824809658941184
            ],
            [
              -0.625366753796465,
              44.82473653001212
            ],
            [
              -0.625359949429069,
              44.82466458998066
            ],
            [
              -0.625285550682058,
              44.82463489086687
            ],
            [
              -0.624555003457879,
              44.82463402361521
            ],
            [
              -0.624517351303386,
              44.82419840861752
            ],
            [
              -0.624500121543501,
              44.823867686300865
            ]
          ]
        ]
      }
    },
    {
      "type": "Feature",
      "properties": {
        "fid": 514,
        "GID": 1642,
        "TERRIT_P": "PT_OUEST",
        "GO_DESCRITION": "accessibilité arrêt de bus",
        "GPOLE_SUIVI_OPE_AMENAGEMENT_EP_COMMUNES": "Parempuyre",
        "GPOLE_SUIVI_OPE_AMENAGEMENT_EP_LIBELLE_PROJET": "PAREM-056...MOBILITES_Arrêts de bus Espace François Mitterand (av. Durand Dassier)",
        "GPOLE_SUIVI_OPE_AMENAGEMENT_EP_STATUT_PROJET": "A lancer",
        "GPOLE_SUIVI_OPE_AMENAGEMENT_EP_CHEF_DE_PROJET": "STAEFFEN-FERRER Thomas",
        "GPOLE_SUIVI_OPE_AMENAGEMENT_EP_DESCRIPTION_PROJET": null,
        "GPOLE_SUIVI_OPE_AMENAGEMENT_EP_TYPE_PROJET": "PRJ_ Mobilités",
        "GPOLE_SUIVI_OPE_AMENAGEMENT_EP_PROG_FIN_PRINC_SAU": "Mobilité",
        "GPOLE_SUIVI_OPE_AMENAGEMENT_EP_DEBUT_TRAVAUX": null,
        "GPOLE_SUIVI_OPE_AMENAGEMENT_EP_FIN_TRAVAUX": null
      },
      "geometry": {
        "type": "MultiLineString",
        "coordinates": [
          [
            [
              -0.604112351387081,
              44.947574373198066
            ],
            [
              -0.60407164503911,
              44.94758270151707
            ],
            [
              -0.604066102183536,
              44.947569802016716
            ],
            [
              -0.604106423062213,
              44.947560411889434
            ],
            [
              -0.604112351387081,
              44.947574373198066
            ]
          ]
        ]
      }
    },
    {
      "type": "Feature",
      "properties": {
        "fid": 517,
        "GID": 1641,
        "TERRIT_P": "PT_OUEST",
        "GO_DESCRITION": "accessibilité arrêt de bus",
        "GPOLE_SUIVI_OPE_AMENAGEMENT_EP_COMMUNES": "Parempuyre",
        "GPOLE_SUIVI_OPE_AMENAGEMENT_EP_LIBELLE_PROJET": "PAREM-056...MOBILITES_Arrêts de bus Espace François Mitterand (av. Durand Dassier)",
        "GPOLE_SUIVI_OPE_AMENAGEMENT_EP_STATUT_PROJET": "A lancer",
        "GPOLE_SUIVI_OPE_AMENAGEMENT_EP_CHEF_DE_PROJET": "STAEFFEN-FERRER Thomas",
        "GPOLE_SUIVI_OPE_AMENAGEMENT_EP_DESCRIPTION_PROJET": null,
        "GPOLE_SUIVI_OPE_AMENAGEMENT_EP_TYPE_PROJET": "PRJ_ Mobilités",
        "GPOLE_SUIVI_OPE_AMENAGEMENT_EP_PROG_FIN_PRINC_SAU": "Mobilité",
        "GPOLE_SUIVI_OPE_AMENAGEMENT_EP_DEBUT_TRAVAUX": null,
        "GPOLE_SUIVI_OPE_AMENAGEMENT_EP_FIN_TRAVAUX": null
      },
      "geometry": {
        "type": "MultiLineString",
        "coordinates": [
          [
            [
              -0.604095140868909,
              44.9476774602236
            ],
            [
              -0.604054434445518,
              44.94768578853633
            ],
            [
              -0.604048891583873,
              44.94767288903535
            ],
            [
              -0.604089212537596,
              44.94766349891432
            ],
            [
              -0.604095140868909,
              44.9476774602236
            ]
          ]
        ]
      }
    },
    {
      "type": "Feature",
      "properties": {
        "fid": 518,
        "GID": 1643,
        "TERRIT_P": "PT_OUEST",
        "GO_DESCRITION": "accessibilité arrêt de bus",
        "GPOLE_SUIVI_OPE_AMENAGEMENT_EP_COMMUNES": "Le Haillan",
        "GPOLE_SUIVI_OPE_AMENAGEMENT_EP_LIBELLE_PROJET": "HAILL-067...MOBILITES_Arrêts de bus Résidences Chanteclerc et Mermoz (av. de l’Ayglon)",
        "GPOLE_SUIVI_OPE_AMENAGEMENT_EP_STATUT_PROJET": "Conception",
        "GPOLE_SUIVI_OPE_AMENAGEMENT_EP_CHEF_DE_PROJET": "GUERIN Karine",
        "GPOLE_SUIVI_OPE_AMENAGEMENT_EP_DESCRIPTION_PROJET": null,
        "GPOLE_SUIVI_OPE_AMENAGEMENT_EP_TYPE_PROJET": "PRJ_ Mobilités",
        "GPOLE_SUIVI_OPE_AMENAGEMENT_EP_PROG_FIN_PRINC_SAU": "Mobilité",
        "GPOLE_SUIVI_OPE_AMENAGEMENT_EP_DEBUT_TRAVAUX": null,
        "GPOLE_SUIVI_OPE_AMENAGEMENT_EP_FIN_TRAVAUX": null
      },
      "geometry": {
        "type": "MultiLineString",
        "coordinates": [
          [
            [
              -0.669023725540948,
              44.86658142651888
            ],
            [
              -0.668990517187021,
              44.86660380561447
            ],
            [
              -0.669001428800018,
              44.86661428784292
            ],
            [
              -0.669035699505714,
              44.8665915158028
            ],
            [
              -0.669023725540948,
              44.86658142651888
            ]
          ]
        ]
      }
    },
    {
      "type": "Feature",
      "properties": {
        "fid": 519,
        "GID": 1644,
        "TERRIT_P": "PT_OUEST",
        "GO_DESCRITION": "accessibilité arrêt de bus",
        "GPOLE_SUIVI_OPE_AMENAGEMENT_EP_COMMUNES": "Le Haillan",
        "GPOLE_SUIVI_OPE_AMENAGEMENT_EP_LIBELLE_PROJET": "HAILL-067...MOBILITES_Arrêts de bus Résidences Chanteclerc et Mermoz (av. de l’Ayglon)",
        "GPOLE_SUIVI_OPE_AMENAGEMENT_EP_STATUT_PROJET": "Conception",
        "GPOLE_SUIVI_OPE_AMENAGEMENT_EP_CHEF_DE_PROJET": "GUERIN Karine",
        "GPOLE_SUIVI_OPE_AMENAGEMENT_EP_DESCRIPTION_PROJET": null,
        "GPOLE_SUIVI_OPE_AMENAGEMENT_EP_TYPE_PROJET": "PRJ_ Mobilités",
        "GPOLE_SUIVI_OPE_AMENAGEMENT_EP_PROG_FIN_PRINC_SAU": "Mobilité",
        "GPOLE_SUIVI_OPE_AMENAGEMENT_EP_DEBUT_TRAVAUX": null,
        "GPOLE_SUIVI_OPE_AMENAGEMENT_EP_FIN_TRAVAUX": null
      },
      "geometry": {
        "type": "MultiLineString",
        "coordinates": [
          [
            [
              -0.669076681996001,
              44.866666865176434
            ],
            [
              -0.669109880445193,
              44.86664375409574
            ],
            [
              -0.66912319870541,
              44.866654905912704
            ],
            [
              -0.669090000227084,
              44.8666780170083
            ],
            [
              -0.669077754240632,
              44.86666720420544
            ]
          ]
        ]
      }
    },
    {
      "type": "Feature",
      "properties": {
        "fid": 520,
        "GID": 1645,
        "TERRIT_P": "PT_OUEST",
        "GO_DESCRITION": "accessibilité arrêt de bus",
        "GPOLE_SUIVI_OPE_AMENAGEMENT_EP_COMMUNES": "Mérignac",
        "GPOLE_SUIVI_OPE_AMENAGEMENT_EP_LIBELLE_PROJET": "MERIG-134...MOBILITES_Arrêt de bus Galus (rue du Galus)",
        "GPOLE_SUIVI_OPE_AMENAGEMENT_EP_STATUT_PROJET": "Conception",
        "GPOLE_SUIVI_OPE_AMENAGEMENT_EP_CHEF_DE_PROJET": "GUERIN Karine",
        "GPOLE_SUIVI_OPE_AMENAGEMENT_EP_DESCRIPTION_PROJET": null,
        "GPOLE_SUIVI_OPE_AMENAGEMENT_EP_TYPE_PROJET": "PRJ_ Mobilités",
        "GPOLE_SUIVI_OPE_AMENAGEMENT_EP_PROG_FIN_PRINC_SAU": "Mobilité",
        "GPOLE_SUIVI_OPE_AMENAGEMENT_EP_DEBUT_TRAVAUX": null,
        "GPOLE_SUIVI_OPE_AMENAGEMENT_EP_FIN_TRAVAUX": null
      },
      "geometry": {
        "type": "MultiLineString",
        "coordinates": [
          [
            [
              -0.677885181573061,
              44.84634368068907
            ],
            [
              -0.677865445986685,
              44.8463471202956
            ],
            [
              -0.677853989855339,
              44.84631162645435
            ],
            [
              -0.677873094159341,
              44.846308580830524
            ],
            [
              -0.677885181573061,
              44.84634368068907
            ]
          ]
        ]
      }
    },
    {
      "type": "Feature",
      "properties": {
        "fid": 521,
        "GID": 1281,
        "TERRIT_P": "PT_OUEST",
        "GO_DESCRITION": "amgt general",
        "GPOLE_SUIVI_OPE_AMENAGEMENT_EP_COMMUNES": "Le Taillan-Médoc",
        "GPOLE_SUIVI_OPE_AMENAGEMENT_EP_LIBELLE_PROJET": "TAILL-074...Allée de Curé et avenue du stade (entre avenue de la Boétie et l'allée des fleurs)",
        "GPOLE_SUIVI_OPE_AMENAGEMENT_EP_STATUT_PROJET": "Conception",
        "GPOLE_SUIVI_OPE_AMENAGEMENT_EP_CHEF_DE_PROJET": "MOINEREAU Jean-Philippe",
        "GPOLE_SUIVI_OPE_AMENAGEMENT_EP_DESCRIPTION_PROJET": "Aménagement de voirie et notamment  d'une voie verte (de l'avenue de la Boétie à l'allée des fleurs)",
        "GPOLE_SUIVI_OPE_AMENAGEMENT_EP_TYPE_PROJET": "Amgt EspPublic _ Géné",
        "GPOLE_SUIVI_OPE_AMENAGEMENT_EP_PROG_FIN_PRINC_SAU": "FIC",
        "GPOLE_SUIVI_OPE_AMENAGEMENT_EP_DEBUT_TRAVAUX": null,
        "GPOLE_SUIVI_OPE_AMENAGEMENT_EP_FIN_TRAVAUX": null
      },
      "geometry": {
        "type": "MultiLineString",
        "coordinates": [
          [
            [
              -0.685016641507927,
              44.91129592279468
            ],
            [
              -0.685097699729824,
              44.91148473282517
            ],
            [
              -0.685670144894277,
              44.9120041183563
            ],
            [
              -0.686351715152421,
              44.91264356830625
            ],
            [
              -0.686805930624998,
              44.91306452650632
            ],
            [
              -0.686326710396416,
              44.91388179067093
            ],
            [
              -0.686312154104723,
              44.91392964649268
            ],
            [
              -0.686358950344852,
              44.91400110183519
            ],
            [
              -0.686194769705568,
              44.914181178648896
            ],
            [
              -0.685967631662388,
              44.91472385255125
            ],
            [
              -0.68588915115595,
              44.91491814368574
            ],
            [
              -0.68572804008357,
              44.915253067225706
            ],
            [
              -0.685573027022159,
              44.91550113112195
            ],
            [
              -0.68542337528334,
              44.91569073717666
            ],
            [
              -0.684826644628302,
              44.91650071211126
            ]
          ]
        ]
      }
    },
    {
      "type": "Feature",
      "properties": {
        "fid": 522,
        "GID": 1282,
        "TERRIT_P": "PT_OUEST",
        "GO_DESCRITION": "amgt general",
        "GPOLE_SUIVI_OPE_AMENAGEMENT_EP_COMMUNES": "Le Taillan-Médoc",
        "GPOLE_SUIVI_OPE_AMENAGEMENT_EP_LIBELLE_PROJET": "TAILL-075...Chemin du Bois des Ormes",
        "GPOLE_SUIVI_OPE_AMENAGEMENT_EP_STATUT_PROJET": "A lancer",
        "GPOLE_SUIVI_OPE_AMENAGEMENT_EP_CHEF_DE_PROJET": "MOINEREAU Jean-Philippe",
        "GPOLE_SUIVI_OPE_AMENAGEMENT_EP_DESCRIPTION_PROJET": "Aménagement de voirie et notamment d'une voie verte (de l'avenue de la Boétie à l'avenue de Germignan)",
        "GPOLE_SUIVI_OPE_AMENAGEMENT_EP_TYPE_PROJET": "Amgt EspPublic _ Géné",
        "GPOLE_SUIVI_OPE_AMENAGEMENT_EP_PROG_FIN_PRINC_SAU": "FIC",
        "GPOLE_SUIVI_OPE_AMENAGEMENT_EP_DEBUT_TRAVAUX": null,
        "GPOLE_SUIVI_OPE_AMENAGEMENT_EP_FIN_TRAVAUX": null
      },
      "geometry": {
        "type": "MultiLineString",
        "coordinates": [
          [
            [
              -0.678584044302752,
              44.91058309939554
            ],
            [
              -0.678682249873418,
              44.90990032706516
            ],
            [
              -0.678810509695739,
              44.90943981504934
            ],
            [
              -0.678857173694683,
              44.909253633975005
            ],
            [
              -0.678885242328331,
              44.90900859708617
            ],
            [
              -0.678857485455047,
              44.9085942909972
            ],
            [
              -0.67883812718659,
              44.908081340772966
            ],
            [
              -0.678819063644939,
              44.907729633373606
            ],
            [
              -0.678746365987765,
              44.907453077022424
            ],
            [
              -0.678133679365821,
              44.9068001916207
            ],
            [
              -0.677725079993122,
              44.906337733793876
            ],
            [
              -0.677567879371708,
              44.906184526540535
            ],
            [
              -0.677534973467385,
              44.906036587922074
            ]
          ]
        ]
      }
    },
    {
      "type": "Feature",
      "properties": {
        "fid": 523,
        "GID": 1381,
        "TERRIT_P": "PT_OUEST",
        "GO_DESCRITION": "amgt sécurité",
        "GPOLE_SUIVI_OPE_AMENAGEMENT_EP_COMMUNES": "Saint-Aubin de Médoc",
        "GPOLE_SUIVI_OPE_AMENAGEMENT_EP_LIBELLE_PROJET": "StAUB-088...Route de Hourton (de Bécasse à Mayne de Jouan)",
        "GPOLE_SUIVI_OPE_AMENAGEMENT_EP_STATUT_PROJET": "A lancer",
        "GPOLE_SUIVI_OPE_AMENAGEMENT_EP_CHEF_DE_PROJET": "GROULT Frederic",
        "GPOLE_SUIVI_OPE_AMENAGEMENT_EP_DESCRIPTION_PROJET": "Aménagement de sécurité  (sécurisation d’intersections et apaisement de la vitesse)",
        "GPOLE_SUIVI_OPE_AMENAGEMENT_EP_TYPE_PROJET": "Amgt EspPublic _ Géné",
        "GPOLE_SUIVI_OPE_AMENAGEMENT_EP_PROG_FIN_PRINC_SAU": "FIC",
        "GPOLE_SUIVI_OPE_AMENAGEMENT_EP_DEBUT_TRAVAUX": null,
        "GPOLE_SUIVI_OPE_AMENAGEMENT_EP_FIN_TRAVAUX": null
      },
      "geometry": {
        "type": "MultiLineString",
        "coordinates": [
          [
            [
              -0.75012674082946,
              44.92355913156193
            ],
            [
              -0.752438509419826,
              44.92479094680359
            ],
            [
              -0.753129235348351,
              44.925154323032395
            ],
            [
              -0.753320863333531,
              44.9252459389091
            ],
            [
              -0.75382990212326,
              44.92552998035081
            ],
            [
              -0.754169562545093,
              44.925775725754235
            ],
            [
              -0.754481821805427,
              44.926011562227536
            ],
            [
              -0.754663646450842,
              44.92613358857949
            ],
            [
              -0.754799958181636,
              44.92621306066772
            ],
            [
              -0.755401652109146,
              44.92663073029893
            ],
            [
              -0.755662825265625,
              44.926809846994566
            ],
            [
              -0.756096513194217,
              44.92713780283372
            ],
            [
              -0.756295964245512,
              44.92725582253528
            ],
            [
              -0.756561917247181,
              44.927389897821804
            ],
            [
              -0.757084612138263,
              44.92769243465438
            ],
            [
              -0.757632092052835,
              44.92805757943248
            ],
            [
              -0.758172574141862,
              44.92842232207409
            ],
            [
              -0.75838341957878,
              44.92855933168865
            ],
            [
              -0.758756402319462,
              44.92880227208969
            ],
            [
              -0.759543978493472,
              44.92934665296726
            ],
            [
              -0.759721997752778,
              44.92946364150005
            ],
            [
              -0.760003702669318,
              44.92969119281725
            ],
            [
              -0.760360669566379,
              44.930018511553804
            ],
            [
              -0.760450672223643,
              44.930105180782604
            ]
          ]
        ]
      }
    },
    {
      "type": "Feature",
      "properties": {
        "fid": 524,
        "GID": 1382,
        "TERRIT_P": "PT_OUEST",
        "GO_DESCRITION": "requalif° carref + voie nvelle",
        "GPOLE_SUIVI_OPE_AMENAGEMENT_EP_COMMUNES": "Saint-Médard-en-Jalles",
        "GPOLE_SUIVI_OPE_AMENAGEMENT_EP_LIBELLE_PROJET": "StMED-072 ... Avenue Dupérier",
        "GPOLE_SUIVI_OPE_AMENAGEMENT_EP_STATUT_PROJET": "A lancer",
        "GPOLE_SUIVI_OPE_AMENAGEMENT_EP_CHEF_DE_PROJET": "VILLAUME Aline",
        "GPOLE_SUIVI_OPE_AMENAGEMENT_EP_DESCRIPTION_PROJET": "Etudes de requalification de l'avenue (programme général et AVP sur secteurs clés identifiés à l'issue du programme + levé des préalables fonciers et réglementaires).",
        "GPOLE_SUIVI_OPE_AMENAGEMENT_EP_TYPE_PROJET": "Amgt EspPublic _ Géné",
        "GPOLE_SUIVI_OPE_AMENAGEMENT_EP_PROG_FIN_PRINC_SAU": "CODEV",
        "GPOLE_SUIVI_OPE_AMENAGEMENT_EP_DEBUT_TRAVAUX": null,
        "GPOLE_SUIVI_OPE_AMENAGEMENT_EP_FIN_TRAVAUX": null
      },
      "geometry": {
        "type": "MultiLineString",
        "coordinates": [
          [
            [
              -0.712958727668949,
              44.89190019394767
            ],
            [
              -0.707245079304699,
              44.89204862085505
            ],
            [
              -0.707104545963217,
              44.888995180383596
            ],
            [
              -0.712730400179787,
              44.88879115063386
            ],
            [
              -0.712958727668949,
              44.89190019394767
            ]
          ]
        ]
      }
    },
    {
      "type": "Feature",
      "properties": {
        "fid": 525,
        "GID": 1383,
        "TERRIT_P": "PT_OUEST",
        "GO_DESCRITION": "voie nvelle",
        "GPOLE_SUIVI_OPE_AMENAGEMENT_EP_COMMUNES": "Saint-Médard-en-Jalles",
        "GPOLE_SUIVI_OPE_AMENAGEMENT_EP_LIBELLE_PROJET": "StMED-072 ... Avenue Dupérier",
        "GPOLE_SUIVI_OPE_AMENAGEMENT_EP_STATUT_PROJET": "A lancer",
        "GPOLE_SUIVI_OPE_AMENAGEMENT_EP_CHEF_DE_PROJET": "VILLAUME Aline",
        "GPOLE_SUIVI_OPE_AMENAGEMENT_EP_DESCRIPTION_PROJET": "Etudes de requalification de l'avenue (programme général et AVP sur secteurs clés identifiés à l'issue du programme + levé des préalables fonciers et réglementaires).",
        "GPOLE_SUIVI_OPE_AMENAGEMENT_EP_TYPE_PROJET": "Amgt EspPublic _ Géné",
        "GPOLE_SUIVI_OPE_AMENAGEMENT_EP_PROG_FIN_PRINC_SAU": "CODEV",
        "GPOLE_SUIVI_OPE_AMENAGEMENT_EP_DEBUT_TRAVAUX": null,
        "GPOLE_SUIVI_OPE_AMENAGEMENT_EP_FIN_TRAVAUX": null
      },
      "geometry": {
        "type": "MultiLineString",
        "coordinates": [
          [
            [
              -0.711508946596716,
              44.891164102253775
            ],
            [
              -0.711572404316631,
              44.89100064431033
            ],
            [
              -0.711604365449611,
              44.890907849501986
            ],
            [
              -0.711600578125876,
              44.89081651847007
            ],
            [
              -0.711550095110534,
              44.89067261338532
            ],
            [
              -0.711494798327765,
              44.89058445505493
            ],
            [
              -0.711420875200465,
              44.89050736418766
            ],
            [
              -0.711330211887555,
              44.890437991531414
            ],
            [
              -0.711189025462373,
              44.89036099997831
            ],
            [
              -0.711029364867487,
              44.89025830951059
            ],
            [
              -0.710915338525054,
              44.890185214710236
            ],
            [
              -0.710827517050925,
              44.89011425478508
            ],
            [
              -0.710754946696963,
              44.890032038573146
            ],
            [
              -0.710685406222162,
              44.88994464285353
            ],
            [
              -0.710632209233956,
              44.88985641573484
            ],
            [
              -0.710528009657192,
              44.88968138447246
            ],
            [
              -0.710531004230589,
              44.88968218347784
            ],
            [
              -0.710528925693023,
              44.889682550109555
            ]
          ]
        ]
      }
    },
    {
      "type": "Feature",
      "properties": {
        "fid": 526,
        "GID": 1646,
        "TERRIT_P": "PT_OUEST",
        "GO_DESCRITION": "accessibilité arrêt de bus",
        "GPOLE_SUIVI_OPE_AMENAGEMENT_EP_COMMUNES": "Mérignac",
        "GPOLE_SUIVI_OPE_AMENAGEMENT_EP_LIBELLE_PROJET": "MERIG-134...MOBILITES_Arrêt de bus Galus (rue du Galus)",
        "GPOLE_SUIVI_OPE_AMENAGEMENT_EP_STATUT_PROJET": "Conception",
        "GPOLE_SUIVI_OPE_AMENAGEMENT_EP_CHEF_DE_PROJET": "GUERIN Karine",
        "GPOLE_SUIVI_OPE_AMENAGEMENT_EP_DESCRIPTION_PROJET": null,
        "GPOLE_SUIVI_OPE_AMENAGEMENT_EP_TYPE_PROJET": "PRJ_ Mobilités",
        "GPOLE_SUIVI_OPE_AMENAGEMENT_EP_PROG_FIN_PRINC_SAU": "Mobilité",
        "GPOLE_SUIVI_OPE_AMENAGEMENT_EP_DEBUT_TRAVAUX": null,
        "GPOLE_SUIVI_OPE_AMENAGEMENT_EP_FIN_TRAVAUX": null
      },
      "geometry": {
        "type": "MultiLineString",
        "coordinates": [
          [
            [
              -0.677991310433238,
              44.846121191084606
            ],
            [
              -0.677978561992618,
              44.84608601920045
            ],
            [
              -0.67799958975904,
              44.846082257625774
            ],
            [
              -0.678011653390542,
              44.846116984659055
            ],
            [
              -0.677991310433238,
              44.846121191084606
            ]
          ]
        ]
      }
    },
    {
      "type": "Feature",
      "properties": {
        "fid": 527,
        "GID": 1647,
        "TERRIT_P": "PT_OUEST",
        "GO_DESCRITION": "créat° arrêt de bus (propos° local°)",
        "GPOLE_SUIVI_OPE_AMENAGEMENT_EP_COMMUNES": "Mérignac",
        "GPOLE_SUIVI_OPE_AMENAGEMENT_EP_LIBELLE_PROJET": "MERIG-135...MOBILITES_Création d'arrêts de bus (rue Hipparque)",
        "GPOLE_SUIVI_OPE_AMENAGEMENT_EP_STATUT_PROJET": "A lancer",
        "GPOLE_SUIVI_OPE_AMENAGEMENT_EP_CHEF_DE_PROJET": "GUERIN Karine",
        "GPOLE_SUIVI_OPE_AMENAGEMENT_EP_DESCRIPTION_PROJET": null,
        "GPOLE_SUIVI_OPE_AMENAGEMENT_EP_TYPE_PROJET": null,
        "GPOLE_SUIVI_OPE_AMENAGEMENT_EP_PROG_FIN_PRINC_SAU": null,
        "GPOLE_SUIVI_OPE_AMENAGEMENT_EP_DEBUT_TRAVAUX": null,
        "GPOLE_SUIVI_OPE_AMENAGEMENT_EP_FIN_TRAVAUX": null
      },
      "geometry": {
        "type": "MultiLineString",
        "coordinates": [
          [
            [
              -0.677590662050582,
              44.82948224785703
            ],
            [
              -0.677567686476527,
              44.82948418592612
            ],
            [
              -0.677563744375921,
              44.829455323186444
            ],
            [
              -0.67758517625914,
              44.82945346304344
            ],
            [
              -0.677590662050582,
              44.82948224785703
            ]
          ]
        ]
      }
    },
    {
      "type": "Feature",
      "properties": {
        "fid": 528,
        "GID": 1648,
        "TERRIT_P": "PT_OUEST",
        "GO_DESCRITION": "créat° arrêt de bus (propos° local°)",
        "GPOLE_SUIVI_OPE_AMENAGEMENT_EP_COMMUNES": "Mérignac",
        "GPOLE_SUIVI_OPE_AMENAGEMENT_EP_LIBELLE_PROJET": "MERIG-135...MOBILITES_Création d'arrêts de bus (rue Hipparque)",
        "GPOLE_SUIVI_OPE_AMENAGEMENT_EP_STATUT_PROJET": "A lancer",
        "GPOLE_SUIVI_OPE_AMENAGEMENT_EP_CHEF_DE_PROJET": "GUERIN Karine",
        "GPOLE_SUIVI_OPE_AMENAGEMENT_EP_DESCRIPTION_PROJET": null,
        "GPOLE_SUIVI_OPE_AMENAGEMENT_EP_TYPE_PROJET": null,
        "GPOLE_SUIVI_OPE_AMENAGEMENT_EP_PROG_FIN_PRINC_SAU": null,
        "GPOLE_SUIVI_OPE_AMENAGEMENT_EP_DEBUT_TRAVAUX": null,
        "GPOLE_SUIVI_OPE_AMENAGEMENT_EP_FIN_TRAVAUX": null
      },
      "geometry": {
        "type": "MultiLineString",
        "coordinates": [
          [
            [
              -0.678033613772782,
              44.83020637460046
            ],
            [
              -0.678010477242267,
              44.83020630789752
            ],
            [
              -0.678011502068106,
              44.83017731832757
            ],
            [
              -0.678033093038629,
              44.83017732864814
            ],
            [
              -0.678033613772782,
              44.83020637460046
            ]
          ]
        ]
      }
    },
    {
      "type": "Feature",
      "properties": {
        "fid": 529,
        "GID": 1649,
        "TERRIT_P": "PT_OUEST",
        "GO_DESCRITION": "créat° arrêt de bus (propos° local°)",
        "GPOLE_SUIVI_OPE_AMENAGEMENT_EP_COMMUNES": "Mérignac",
        "GPOLE_SUIVI_OPE_AMENAGEMENT_EP_LIBELLE_PROJET": "MERIG-135...MOBILITES_Création d'arrêts de bus (rue Hipparque)",
        "GPOLE_SUIVI_OPE_AMENAGEMENT_EP_STATUT_PROJET": "A lancer",
        "GPOLE_SUIVI_OPE_AMENAGEMENT_EP_CHEF_DE_PROJET": "GUERIN Karine",
        "GPOLE_SUIVI_OPE_AMENAGEMENT_EP_DESCRIPTION_PROJET": null,
        "GPOLE_SUIVI_OPE_AMENAGEMENT_EP_TYPE_PROJET": null,
        "GPOLE_SUIVI_OPE_AMENAGEMENT_EP_PROG_FIN_PRINC_SAU": null,
        "GPOLE_SUIVI_OPE_AMENAGEMENT_EP_DEBUT_TRAVAUX": null,
        "GPOLE_SUIVI_OPE_AMENAGEMENT_EP_FIN_TRAVAUX": null
      },
      "geometry": {
        "type": "MultiLineString",
        "coordinates": [
          [
            [
              -0.677710169215033,
              44.829472706763354
            ],
            [
              -0.677687193648801,
              44.829474644856546
            ],
            [
              -0.677683251489025,
              44.82944578212098
            ],
            [
              -0.677704683364841,
              44.829443921955466
            ],
            [
              -0.677710169215033,
              44.829472706763354
            ]
          ]
        ]
      }
    },
    {
      "type": "Feature",
      "properties": {
        "fid": 530,
        "GID": 1650,
        "TERRIT_P": "PT_OUEST",
        "GO_DESCRITION": "créat° arrêt de bus (propos° local°)",
        "GPOLE_SUIVI_OPE_AMENAGEMENT_EP_COMMUNES": "Mérignac",
        "GPOLE_SUIVI_OPE_AMENAGEMENT_EP_LIBELLE_PROJET": "MERIG-135...MOBILITES_Création d'arrêts de bus (rue Hipparque)",
        "GPOLE_SUIVI_OPE_AMENAGEMENT_EP_STATUT_PROJET": "A lancer",
        "GPOLE_SUIVI_OPE_AMENAGEMENT_EP_CHEF_DE_PROJET": "GUERIN Karine",
        "GPOLE_SUIVI_OPE_AMENAGEMENT_EP_DESCRIPTION_PROJET": null,
        "GPOLE_SUIVI_OPE_AMENAGEMENT_EP_TYPE_PROJET": null,
        "GPOLE_SUIVI_OPE_AMENAGEMENT_EP_PROG_FIN_PRINC_SAU": null,
        "GPOLE_SUIVI_OPE_AMENAGEMENT_EP_DEBUT_TRAVAUX": null,
        "GPOLE_SUIVI_OPE_AMENAGEMENT_EP_FIN_TRAVAUX": null
      },
      "geometry": {
        "type": "MultiLineString",
        "coordinates": [
          [
            [
              -0.677915724830157,
              44.830208391988805
            ],
            [
              -0.677892588298968,
              44.8302083252619
            ],
            [
              -0.677893613184116,
              44.83017933569302
            ],
            [
              -0.677915204155373,
              44.83017934603596
            ],
            [
              -0.677915724830157,
              44.830208391988805
            ]
          ]
        ]
      }
    },
    {
      "type": "Feature",
      "properties": {
        "fid": 531,
        "GID": 1651,
        "TERRIT_P": "PT_OUEST",
        "GO_DESCRITION": "accessibilité arrêt de bus",
        "GPOLE_SUIVI_OPE_AMENAGEMENT_EP_COMMUNES": "Martignas-sur-Jalle",
        "GPOLE_SUIVI_OPE_AMENAGEMENT_EP_LIBELLE_PROJET": "MARTI-065...MOBILITES_Arrêt de bus Nauplie (av. de Nauplie)",
        "GPOLE_SUIVI_OPE_AMENAGEMENT_EP_STATUT_PROJET": "A lancer",
        "GPOLE_SUIVI_OPE_AMENAGEMENT_EP_CHEF_DE_PROJET": "GUERIN Karine",
        "GPOLE_SUIVI_OPE_AMENAGEMENT_EP_DESCRIPTION_PROJET": null,
        "GPOLE_SUIVI_OPE_AMENAGEMENT_EP_TYPE_PROJET": "PRJ_ Mobilités",
        "GPOLE_SUIVI_OPE_AMENAGEMENT_EP_PROG_FIN_PRINC_SAU": null,
        "GPOLE_SUIVI_OPE_AMENAGEMENT_EP_DEBUT_TRAVAUX": null,
        "GPOLE_SUIVI_OPE_AMENAGEMENT_EP_FIN_TRAVAUX": null
      },
      "geometry": {
        "type": "MultiLineString",
        "coordinates": [
          [
            [
              -0.791672386996549,
              44.84436159819289
            ],
            [
              -0.791627375983353,
              44.844348433473606
            ],
            [
              -0.791633366713926,
              44.844337324537186
            ],
            [
              -0.791679373298064,
              44.84435013833273
            ],
            [
              -0.791672386996549,
              44.84436159819289
            ]
          ]
        ]
      }
    },
    {
      "type": "Feature",
      "properties": {
        "fid": 532,
        "GID": 1652,
        "TERRIT_P": "PT_OUEST",
        "GO_DESCRITION": "accessibilité arrêt de bus",
        "GPOLE_SUIVI_OPE_AMENAGEMENT_EP_COMMUNES": "Martignas-sur-Jalle",
        "GPOLE_SUIVI_OPE_AMENAGEMENT_EP_LIBELLE_PROJET": "MARTI-065...MOBILITES_Arrêt de bus Nauplie (av. de Nauplie)",
        "GPOLE_SUIVI_OPE_AMENAGEMENT_EP_STATUT_PROJET": "A lancer",
        "GPOLE_SUIVI_OPE_AMENAGEMENT_EP_CHEF_DE_PROJET": "GUERIN Karine",
        "GPOLE_SUIVI_OPE_AMENAGEMENT_EP_DESCRIPTION_PROJET": null,
        "GPOLE_SUIVI_OPE_AMENAGEMENT_EP_TYPE_PROJET": "PRJ_ Mobilités",
        "GPOLE_SUIVI_OPE_AMENAGEMENT_EP_PROG_FIN_PRINC_SAU": null,
        "GPOLE_SUIVI_OPE_AMENAGEMENT_EP_DEBUT_TRAVAUX": null,
        "GPOLE_SUIVI_OPE_AMENAGEMENT_EP_FIN_TRAVAUX": null
      },
      "geometry": {
        "type": "MultiLineString",
        "coordinates": [
          [
            [
              -0.792104329861729,
              44.844381861231035
            ],
            [
              -0.792059684630075,
              44.84437098235751
            ],
            [
              -0.792066700449247,
              44.844357896485825
            ],
            [
              -0.792111127056614,
              44.84436904416171
            ],
            [
              -0.792104329861729,
              44.844381861231035
            ],
            [
              -0.792104329861729,
              44.844381861231035
            ],
            [
              -0.792104329861729,
              44.844381861231035
            ]
          ]
        ]
      }
    },
    {
      "type": "Feature",
      "properties": {
        "fid": 535,
        "GID": 1801,
        "TERRIT_P": "PT_OUEST",
        "GO_DESCRITION": "amgt général",
        "GPOLE_SUIVI_OPE_AMENAGEMENT_EP_COMMUNES": "Mérignac",
        "GPOLE_SUIVI_OPE_AMENAGEMENT_EP_LIBELLE_PROJET": "MERIG-138...Rue Pablo Casals",
        "GPOLE_SUIVI_OPE_AMENAGEMENT_EP_STATUT_PROJET": "A lancer",
        "GPOLE_SUIVI_OPE_AMENAGEMENT_EP_CHEF_DE_PROJET": "SINTES Philippe",
        "GPOLE_SUIVI_OPE_AMENAGEMENT_EP_DESCRIPTION_PROJET": "- Reprise de la chaussee,\n- Revêtement des trottoirs avec un matériaux clairs, perméable si possible mais qui permette une accessibilité PMR\n- Maintien du sens unique et du stationnement en chicanes,\n- Reprise du carrefour avec l’avenue Castelnau surdimensionne,\n- Végétalisation d’espaces en surlargeur de trottoir des que possible,\n- Mise en place d'un dispositif empêchant le contre sens des véhicules en shunt,\n- Extension ou la modernisation du réseau pluvial avec comme exutoire possible le futur parc du Renard phase 2",
        "GPOLE_SUIVI_OPE_AMENAGEMENT_EP_TYPE_PROJET": "Amgt EspPublic _ Géné",
        "GPOLE_SUIVI_OPE_AMENAGEMENT_EP_PROG_FIN_PRINC_SAU": "FIC",
        "GPOLE_SUIVI_OPE_AMENAGEMENT_EP_DEBUT_TRAVAUX": null,
        "GPOLE_SUIVI_OPE_AMENAGEMENT_EP_FIN_TRAVAUX": null
      },
      "geometry": {
        "type": "MultiLineString",
        "coordinates": [
          [
            [
              -0.666884165967536,
              44.847573423726274
            ],
            [
              -0.665822163744716,
              44.84776555185411
            ],
            [
              -0.665761868758471,
              44.84780109552962
            ],
            [
              -0.665733661074461,
              44.84785929818247
            ],
            [
              -0.66576070869744,
              44.84840767659178
            ],
            [
              -0.66568312949067,
              44.84859548032615
            ],
            [
              -0.665298575568232,
              44.849051804016064
            ]
          ]
        ]
      }
    },
    {
      "type": "Feature",
      "properties": {
        "fid": 536,
        "GID": 1841,
        "TERRIT_P": "PT_OUEST",
        "GO_DESCRITION": "requalif° parking",
        "GPOLE_SUIVI_OPE_AMENAGEMENT_EP_COMMUNES": "Martignas-sur-Jalle",
        "GPOLE_SUIVI_OPE_AMENAGEMENT_EP_LIBELLE_PROJET": "MARTI-064...Avenue du 18 juin 1940",
        "GPOLE_SUIVI_OPE_AMENAGEMENT_EP_STATUT_PROJET": "Conception",
        "GPOLE_SUIVI_OPE_AMENAGEMENT_EP_CHEF_DE_PROJET": "PIAGUET Emilie",
        "GPOLE_SUIVI_OPE_AMENAGEMENT_EP_DESCRIPTION_PROJET": "Requalification des parkings des commerces côté est de l’avenue du 18 juin 40 afin d’organiser le stationnement, de sécuriser les déplacements dans la zone et de diminuer les intersections avec le futur réseau REVE 11.",
        "GPOLE_SUIVI_OPE_AMENAGEMENT_EP_TYPE_PROJET": "Amgt EspPublic _ Géné",
        "GPOLE_SUIVI_OPE_AMENAGEMENT_EP_PROG_FIN_PRINC_SAU": "Plan vélo",
        "GPOLE_SUIVI_OPE_AMENAGEMENT_EP_DEBUT_TRAVAUX": null,
        "GPOLE_SUIVI_OPE_AMENAGEMENT_EP_FIN_TRAVAUX": null
      },
      "geometry": {
        "type": "MultiLineString",
        "coordinates": [
          [
            [
              -0.775352889392887,
              44.84088251774596
            ],
            [
              -0.775294757922654,
              44.84087368639898
            ],
            [
              -0.77522439194605,
              44.84086406535277
            ],
            [
              -0.775188296031234,
              44.84094147810561
            ],
            [
              -0.775122089919659,
              44.84109789828977
            ],
            [
              -0.775086809027596,
              44.841091596555174
            ],
            [
              -0.775066872304823,
              44.84114635583811
            ],
            [
              -0.775032229032242,
              44.84122670916381
            ],
            [
              -0.774989997151813,
              44.841281012427835
            ],
            [
              -0.774958380316686,
              44.84145242485974
            ],
            [
              -0.774932411522726,
              44.84152412166375
            ],
            [
              -0.774895034624617,
              44.841517889372
            ],
            [
              -0.774817907610907,
              44.84173205719334
            ],
            [
              -0.774811417557408,
              44.84174841218529
            ],
            [
              -0.774765363542219,
              44.841737984402876
            ],
            [
              -0.774758191471714,
              44.8417567530825
            ],
            [
              -0.774764939539148,
              44.84176997901684
            ],
            [
              -0.774906240222404,
              44.84179787044633
            ],
            [
              -0.774963493841252,
              44.84173559686242
            ],
            [
              -0.775058329901938,
              44.84156089189422
            ],
            [
              -0.775152466331751,
              44.84134346960141
            ],
            [
              -0.775227931785858,
              44.841174488067104
            ],
            [
              -0.775313626850825,
              44.840969300988895
            ],
            [
              -0.775351278613046,
              44.84089159374737
            ],
            [
              -0.775353017301862,
              44.840882868437895
            ]
          ]
        ]
      }
    },
    {
      "type": "Feature",
      "properties": {
        "fid": 537,
        "GID": 1083,
        "TERRIT_P": "PT_OUEST",
        "GO_DESCRITION": "sécurisat° accès",
        "GPOLE_SUIVI_OPE_AMENAGEMENT_EP_COMMUNES": "Eysines",
        "GPOLE_SUIVI_OPE_AMENAGEMENT_EP_LIBELLE_PROJET": "EYSIN-071...Av Mermoz (accès déchetterie)",
        "GPOLE_SUIVI_OPE_AMENAGEMENT_EP_STATUT_PROJET": "A lancer",
        "GPOLE_SUIVI_OPE_AMENAGEMENT_EP_CHEF_DE_PROJET": "GOURAUD Simon",
        "GPOLE_SUIVI_OPE_AMENAGEMENT_EP_DESCRIPTION_PROJET": "Sécurisation de l’entrée-sortie de la déchetterie. Séparation des flux avec obligation d'emprunter le giratoire de la Lande Blanche \n    \n-\tMatérialisation de l’entrée-sortie de la déchetterie,\n-\tSéparation des flux descendants et montants avec obligation de prendre le giratoire rue de la Lande Blanche",
        "GPOLE_SUIVI_OPE_AMENAGEMENT_EP_TYPE_PROJET": "Amgt EspPublic _ Géné",
        "GPOLE_SUIVI_OPE_AMENAGEMENT_EP_PROG_FIN_PRINC_SAU": "FIC",
        "GPOLE_SUIVI_OPE_AMENAGEMENT_EP_DEBUT_TRAVAUX": null,
        "GPOLE_SUIVI_OPE_AMENAGEMENT_EP_FIN_TRAVAUX": null
      },
      "geometry": {
        "type": "MultiLineString",
        "coordinates": [
          [
            [
              -0.659067166194749,
              44.8763725038781
            ],
            [
              -0.65927994407963,
              44.876196749733666
            ]
          ]
        ]
      }
    },
    {
      "type": "Feature",
      "properties": {
        "fid": 541,
        "GID": 1041,
        "TERRIT_P": "PT_OUEST",
        "GO_DESCRITION": "CVCB",
        "GPOLE_SUIVI_OPE_AMENAGEMENT_EP_COMMUNES": "Saint-Aubin de Médoc",
        "GPOLE_SUIVI_OPE_AMENAGEMENT_EP_LIBELLE_PROJET": "StAUB-082 -Chemin des Landes de Basson",
        "GPOLE_SUIVI_OPE_AMENAGEMENT_EP_STATUT_PROJET": "A lancer",
        "GPOLE_SUIVI_OPE_AMENAGEMENT_EP_CHEF_DE_PROJET": "GROULT Frederic",
        "GPOLE_SUIVI_OPE_AMENAGEMENT_EP_DESCRIPTION_PROJET": "StAUB-082 -Chemin des Landes de Basson - aménagement en faveur des modes actifs",
        "GPOLE_SUIVI_OPE_AMENAGEMENT_EP_TYPE_PROJET": "Amgt EspPublic _ Géné",
        "GPOLE_SUIVI_OPE_AMENAGEMENT_EP_PROG_FIN_PRINC_SAU": "FIC",
        "GPOLE_SUIVI_OPE_AMENAGEMENT_EP_DEBUT_TRAVAUX": 2027,
        "GPOLE_SUIVI_OPE_AMENAGEMENT_EP_FIN_TRAVAUX": 2027
      },
      "geometry": {
        "type": "MultiLineString",
        "coordinates": [
          [
            [
              -0.741311874392039,
              44.91117766004466
            ],
            [
              -0.743848267271345,
              44.91131498600077
            ],
            [
              -0.744528421479063,
              44.91135371628412
            ],
            [
              -0.745263754108813,
              44.91139288109964
            ],
            [
              -0.74631230325422,
              44.911688189394155
            ],
            [
              -0.747982419171195,
              44.912196806973675
            ],
            [
              -0.74826583530789,
              44.91227946480868
            ],
            [
              -0.74838823158448,
              44.91229778049474
            ]
          ]
        ]
      }
    },
    {
      "type": "Feature",
      "properties": {
        "fid": 542,
        "GID": 1061,
        "TERRIT_P": "PT_OUEST",
        "GO_DESCRITION": "trottoir",
        "GPOLE_SUIVI_OPE_AMENAGEMENT_EP_COMMUNES": "Saint-Aubin de Médoc",
        "GPOLE_SUIVI_OPE_AMENAGEMENT_EP_LIBELLE_PROJET": "StAUB-083 - Allée du Pic vert - Elargissement du trottoir et soutènement",
        "GPOLE_SUIVI_OPE_AMENAGEMENT_EP_STATUT_PROJET": "A lancer",
        "GPOLE_SUIVI_OPE_AMENAGEMENT_EP_CHEF_DE_PROJET": "GROULT Frederic",
        "GPOLE_SUIVI_OPE_AMENAGEMENT_EP_DESCRIPTION_PROJET": "Allée du Pic vert - Elargissement du trottoir côté ouest, par un soutènement dans le talus du bassin d’étalement (géré par la régie de l’eau)",
        "GPOLE_SUIVI_OPE_AMENAGEMENT_EP_TYPE_PROJET": "Amgt EspPublic _ Géné",
        "GPOLE_SUIVI_OPE_AMENAGEMENT_EP_PROG_FIN_PRINC_SAU": "FIC",
        "GPOLE_SUIVI_OPE_AMENAGEMENT_EP_DEBUT_TRAVAUX": 2027,
        "GPOLE_SUIVI_OPE_AMENAGEMENT_EP_FIN_TRAVAUX": 2027
      },
      "geometry": {
        "type": "MultiLineString",
        "coordinates": [
          [
            [
              -0.713812751305909,
              44.910430110927045
            ],
            [
              -0.713300510133739,
              44.912198904033744
            ]
          ]
        ]
      }
    },
    {
      "type": "Feature",
      "properties": {
        "fid": 545,
        "GID": 1084,
        "TERRIT_P": "PT_OUEST",
        "GO_DESCRITION": "acquisit°",
        "GPOLE_SUIVI_OPE_AMENAGEMENT_EP_COMMUNES": "Le Bouscat",
        "GPOLE_SUIVI_OPE_AMENAGEMENT_EP_LIBELLE_PROJET": "BOUSC-067... Impasse Coudol",
        "GPOLE_SUIVI_OPE_AMENAGEMENT_EP_STATUT_PROJET": "A lancer",
        "GPOLE_SUIVI_OPE_AMENAGEMENT_EP_CHEF_DE_PROJET": "SINTES Philippe",
        "GPOLE_SUIVI_OPE_AMENAGEMENT_EP_DESCRIPTION_PROJET": "Parcelle AB 79 à récupérer dans le DP en vue d'un aménagement de voirie , surement une \"aire piétonne\"\nLa Ville de Le Bouscat souhaite acquérir la parcelle « 069AB79 » afin qu’elle intègre le domaine public en vue \nd’un aménagement de voirie. Cette parcelle se trouve entre les rues Emiles Combes, Lansade, Bonnaous et \nCoudol (voir photo aérienne ci-dessous). La parcelle mesure environ 514 m² et a un statut particulier, celui \nd’état manifeste d'abandon\" (EAM).\n➢ L’EAM est une procédure qui facilite la réhabilitation des parcelles laissées en l’état d’abandon \nmanifeste, soit par l’action du propriétaire pour éviter la poursuite de la procédure, soit par l’action de la \ncollectivité qui peut aboutir à une expropriation.\nL’impasse Coudol se situe proche de la rue Bonnaous qui dessert le groupe scolaire Centre 1 & 2 du Bouscat. \nAussi, il est rapporté un sentiment d’insécurité par les habitants du secteur.\nLe Pôle Territorial Ouest est alors missionné pour aménager cette parcelle afin de la rendre publique, \npraticable et sécuritaire en privilégiant les modes de déplacements doux.",
        "GPOLE_SUIVI_OPE_AMENAGEMENT_EP_TYPE_PROJET": "Amgt EspPublic _ Géné",
        "GPOLE_SUIVI_OPE_AMENAGEMENT_EP_PROG_FIN_PRINC_SAU": "FIC",
        "GPOLE_SUIVI_OPE_AMENAGEMENT_EP_DEBUT_TRAVAUX": 2027,
        "GPOLE_SUIVI_OPE_AMENAGEMENT_EP_FIN_TRAVAUX": 2027
      },
      "geometry": {
        "type": "MultiLineString",
        "coordinates": [
          [
            [
              -0.600016822169429,
              44.86646221278459
            ],
            [
              -0.599913860045432,
              44.86645901562214
            ],
            [
              -0.599837946190434,
              44.86646447851505
            ],
            [
              -0.599710461467737,
              44.8664818410863
            ],
            [
              -0.5997470655652,
              44.86655473100176
            ],
            [
              -0.599281768936612,
              44.86665952212456
            ],
            [
              -0.599277343872778,
              44.866619125253145
            ],
            [
              -0.599380727667244,
              44.866603245711794
            ],
            [
              -0.599400277891039,
              44.866601907037676
            ],
            [
              -0.599696201938958,
              44.86652526086565
            ],
            [
              -0.599654013078025,
              44.86646029452047
            ],
            [
              -0.599625343794148,
              44.86646165128597
            ],
            [
              -0.599587880510849,
              44.866407435408995
            ],
            [
              -0.599564386126774,
              44.866414573953016
            ],
            [
              -0.599412149699181,
              44.86603392707048
            ],
            [
              -0.59944445117024,
              44.86602786136264
            ],
            [
              -0.59959712002032,
              44.866378947743804
            ],
            [
              -0.599897582094883,
              44.86642556947261
            ],
            [
              -0.599923933758804,
              44.86642969081575
            ],
            [
              -0.599991323807925,
              44.8664135073957
            ],
            [
              -0.600017555621394,
              44.86646231303468
            ]
          ]
        ]
      }
    },
    {
      "type": "Feature",
      "properties": {
        "fid": 546,
        "GID": 1821,
        "TERRIT_P": "PT_OUEST",
        "GO_DESCRITION": "Voie verte",
        "GPOLE_SUIVI_OPE_AMENAGEMENT_EP_COMMUNES": "Saint-Aubin de Médoc",
        "GPOLE_SUIVI_OPE_AMENAGEMENT_EP_LIBELLE_PROJET": "StAUB-092...Serpentine III",
        "GPOLE_SUIVI_OPE_AMENAGEMENT_EP_STATUT_PROJET": "A lancer",
        "GPOLE_SUIVI_OPE_AMENAGEMENT_EP_CHEF_DE_PROJET": "GROULT Frederic",
        "GPOLE_SUIVI_OPE_AMENAGEMENT_EP_DESCRIPTION_PROJET": "L’aménagement consiste à la mise en accessibilité de la piste cyclable Serpentine à Saint Aubin de médoc, très déformée et trop étroite, sur 400ml,\nen la transformant en une voie verte de 3m de large.",
        "GPOLE_SUIVI_OPE_AMENAGEMENT_EP_TYPE_PROJET": "Amgt EspPublic _ Géné",
        "GPOLE_SUIVI_OPE_AMENAGEMENT_EP_PROG_FIN_PRINC_SAU": "FIC",
        "GPOLE_SUIVI_OPE_AMENAGEMENT_EP_DEBUT_TRAVAUX": null,
        "GPOLE_SUIVI_OPE_AMENAGEMENT_EP_FIN_TRAVAUX": null
      },
      "geometry": {
        "type": "MultiLineString",
        "coordinates": [
          [
            [
              -0.73145850000011,
              44.91054840000005
            ],
            [
              -0.731395596378723,
              44.91055800644321
            ],
            [
              -0.731363597725122,
              44.91056579614421
            ],
            [
              -0.731072412802422,
              44.91064235660602
            ],
            [
              -0.730903033695263,
              44.910671595841194
            ],
            [
              -0.730802917881919,
              44.91068022606946
            ],
            [
              -0.730689341820706,
              44.91068219612829
            ],
            [
              -0.730496718518077,
              44.910680089739095
            ],
            [
              -0.729923747141864,
              44.91065104549438
            ],
            [
              -0.729871214683331,
              44.9106593223812
            ],
            [
              -0.729808184844669,
              44.910671494554755
            ],
            [
              -0.729426868850854,
              44.91081194608696
            ],
            [
              -0.729351139116883,
              44.91084140518954
            ],
            [
              -0.72925946920947,
              44.91088975227448
            ],
            [
              -0.729240183370036,
              44.91091728696118
            ],
            [
              -0.729205913681492,
              44.910997903825
            ],
            [
              -0.729181218259546,
              44.91112304313985
            ],
            [
              -0.729164160004411,
              44.91121027459558
            ],
            [
              -0.72916778872027,
              44.91130519744013
            ],
            [
              -0.729163957693073,
              44.91134319359091
            ],
            [
              -0.729149736423452,
              44.91139007038618
            ],
            [
              -0.729107252180199,
              44.91150108119181
            ],
            [
              -0.729097980855308,
              44.91155196002158
            ],
            [
              -0.729098509179772,
              44.91157352751516
            ],
            [
              -0.729088753016437,
              44.91160426592438
            ],
            [
              -0.729060230083987,
              44.91162450863601
            ],
            [
              -0.728995115659432,
              44.91164483728877
            ],
            [
              -0.7288863711438,
              44.91164854704663
            ],
            [
              -0.728802953210895,
              44.91164536022417
            ],
            [
              -0.728729621372197,
              44.91164411264494
            ],
            [
              -0.728700269395952,
              44.91163252048457
            ],
            [
              -0.728612959067713,
              44.911622227128326
            ],
            [
              -0.728492795761832,
              44.91161121548302
            ],
            [
              -0.728243843317851,
              44.91158588757007
            ],
            [
              -0.728184880065629,
              44.91157167767201
            ],
            [
              -0.728109890748672,
              44.91155679656305
            ],
            [
              -0.728074894987709,
              44.911548975391
            ]
          ]
        ]
      }
    },
    {
      "type": "Feature",
      "properties": {
        "fid": 547,
        "GID": 1261,
        "TERRIT_P": "PT_OUEST",
        "GO_DESCRITION": "amgt general",
        "GPOLE_SUIVI_OPE_AMENAGEMENT_EP_COMMUNES": "Bruges",
        "GPOLE_SUIVI_OPE_AMENAGEMENT_EP_LIBELLE_PROJET": "BRUGE-079...Rue de Daugère",
        "GPOLE_SUIVI_OPE_AMENAGEMENT_EP_STATUT_PROJET": "Conception",
        "GPOLE_SUIVI_OPE_AMENAGEMENT_EP_CHEF_DE_PROJET": "BRUN-ROUDIER Jean",
        "GPOLE_SUIVI_OPE_AMENAGEMENT_EP_DESCRIPTION_PROJET": "Requalification globale de la rue de Daugère en lien avec avec la réhabilitation du centre sportif et la création d’une nouvelle salle multisports (horizon 2027)",
        "GPOLE_SUIVI_OPE_AMENAGEMENT_EP_TYPE_PROJET": "Amgt EspPublic _ Géné",
        "GPOLE_SUIVI_OPE_AMENAGEMENT_EP_PROG_FIN_PRINC_SAU": "FIC",
        "GPOLE_SUIVI_OPE_AMENAGEMENT_EP_DEBUT_TRAVAUX": 2027,
        "GPOLE_SUIVI_OPE_AMENAGEMENT_EP_FIN_TRAVAUX": 2028
      },
      "geometry": {
        "type": "MultiLineString",
        "coordinates": [
          [
            [
              -0.591493619021135,
              44.887895561718615
            ],
            [
              -0.591678958718974,
              44.887991887571594
            ],
            [
              -0.591823022865697,
              44.88808753293056
            ],
            [
              -0.591932667294564,
              44.88818656960816
            ],
            [
              -0.591928124836763,
              44.88824089659726
            ],
            [
              -0.591869846543815,
              44.888277028202836
            ],
            [
              -0.59172061878074,
              44.88827944717081
            ],
            [
              -0.591587853396589,
              44.88826003089725
            ],
            [
              -0.591493823546693,
              44.888191093081026
            ],
            [
              -0.591493619021135,
              44.887895561718615
            ],
            [
              -0.591546473281016,
              44.88722374636426
            ],
            [
              -0.591869557333596,
              44.88625212686883
            ],
            [
              -0.592164461637264,
              44.8855940806997
            ],
            [
              -0.592282769312561,
              44.885302158670434
            ],
            [
              -0.592444650374554,
              44.884957282168344
            ],
            [
              -0.592662149552349,
              44.884620864002706
            ],
            [
              -0.592691157956142,
              44.88456718746691
            ],
            [
              -0.592974354025163,
              44.88430125273604
            ],
            [
              -0.593459269361215,
              44.883970400351544
            ],
            [
              -0.593807847961376,
              44.88374924268044
            ]
          ]
        ]
      }
    },
    {
      "type": "Feature",
      "properties": {
        "fid": 548,
        "GID": 1262,
        "TERRIT_P": "PT_OUEST",
        "GO_DESCRITION": "amgt general",
        "GPOLE_SUIVI_OPE_AMENAGEMENT_EP_COMMUNES": "Bruges",
        "GPOLE_SUIVI_OPE_AMENAGEMENT_EP_LIBELLE_PROJET": "BRUGE-072 - Terrefort - Projet La Fab",
        "GPOLE_SUIVI_OPE_AMENAGEMENT_EP_STATUT_PROJET": "Exécution",
        "GPOLE_SUIVI_OPE_AMENAGEMENT_EP_CHEF_DE_PROJET": "BRUN-ROUDIER Jean",
        "GPOLE_SUIVI_OPE_AMENAGEMENT_EP_DESCRIPTION_PROJET": "Restructuration du secteur de Terrefort à travers la requalification des espaces publics, la création d'un P+R et l'accompagnement de la mutation des fonciers.\nPar délibération n° 2022-31 du 28 janvier 2022, Bordeaux Métropole a décidé la création d’une opération d’aménagement dont elle a confier la réalisation à la FAB.",
        "GPOLE_SUIVI_OPE_AMENAGEMENT_EP_TYPE_PROJET": "Amgt EspPublic _ Géné",
        "GPOLE_SUIVI_OPE_AMENAGEMENT_EP_PROG_FIN_PRINC_SAU": "Autres",
        "GPOLE_SUIVI_OPE_AMENAGEMENT_EP_DEBUT_TRAVAUX": 2025,
        "GPOLE_SUIVI_OPE_AMENAGEMENT_EP_FIN_TRAVAUX": 2027
      },
      "geometry": {
        "type": "MultiLineString",
        "coordinates": [
          [
            [
              -0.615373949186708,
              44.88951038235023
            ],
            [
              -0.615201072066571,
              44.889544111076795
            ],
            [
              -0.615139144731201,
              44.88955212833386
            ],
            [
              -0.615053658507199,
              44.889561565669524
            ],
            [
              -0.614926676597178,
              44.88957299227053
            ],
            [
              -0.614839007211949,
              44.889577791765824
            ],
            [
              -0.614725975127566,
              44.88958541332642
            ],
            [
              -0.614206650952074,
              44.889615340855066
            ],
            [
              -0.613656004298464,
              44.889643570007614
            ],
            [
              -0.613361884159798,
              44.88965962469922
            ],
            [
              -0.613045731179531,
              44.889656204821534
            ],
            [
              -0.61259149516761,
              44.88965312895619
            ],
            [
              -0.611746495620282,
              44.88960326908375
            ],
            [
              -0.611552419105149,
              44.88945745532618
            ],
            [
              -0.611303733049815,
              44.88944382245263
            ],
            [
              -0.611098098257591,
              44.88909866516291
            ],
            [
              -0.610749719378455,
              44.888460822207165
            ],
            [
              -0.609827623726158,
              44.88754327935181
            ],
            [
              -0.609444209937917,
              44.88676869697284
            ],
            [
              -0.609103194156503,
              44.88606673644663
            ],
            [
              -0.609501749931544,
              44.88596669209324
            ],
            [
              -0.609786722697474,
              44.88625756091445
            ],
            [
              -0.6098261061545,
              44.8861917602808
            ],
            [
              -0.61047983949769,
              44.88632973125854
            ],
            [
              -0.610670369598097,
              44.88638151985253
            ],
            [
              -0.610760822429481,
              44.88616482228854
            ],
            [
              -0.610775997826621,
              44.886105168083965
            ],
            [
              -0.610987879036813,
              44.885743412171735
            ],
            [
              -0.611132325820883,
              44.88572403935149
            ],
            [
              -0.611628948425795,
              44.88592077847159
            ],
            [
              -0.611784701596644,
              44.885991150905554
            ],
            [
              -0.611837024156295,
              44.88601100924883
            ],
            [
              -0.611886160321969,
              44.886040382525636
            ],
            [
              -0.612002014072043,
              44.8861079853918
            ],
            [
              -0.612300271870438,
              44.88627873585629
            ],
            [
              -0.612305264367347,
              44.88628304810853
            ],
            [
              -0.61229985311275,
              44.886287254258946
            ],
            [
              -0.612300416428233,
              44.88631884024852
            ],
            [
              -0.612294682453979,
              44.88637819527333
            ],
            [
              -0.612288565908777,
              44.88641638112346
            ],
            [
              -0.612283819686253,
              44.886438721586956
            ],
            [
              -0.612270488094323,
              44.88648251563474
            ],
            [
              -0.612261388613684,
              44.886503313100576
            ],
            [
              -0.612243691446725,
              44.88653783168022
            ],
            [
              -0.611847231163829,
              44.88736470760056
            ],
            [
              -0.611842843762272,
              44.88738523323912
            ],
            [
              -0.611843782384072,
              44.88740772961828
            ],
            [
              -0.611852829286935,
              44.88743131372852
            ],
            [
              -0.611870393322582,
              44.887454963970114
            ],
            [
              -0.611892938873978,
              44.88747509413323
            ],
            [
              -0.611905695234192,
              44.88748242247945
            ],
            [
              -0.611923297967538,
              44.88749161440969
            ],
            [
              -0.611945945370602,
              44.88749829288946
            ],
            [
              -0.611958061299806,
              44.88750295184993
            ],
            [
              -0.612924970856481,
              44.88770225469829
            ],
            [
              -0.613043628914908,
              44.887724042948236
            ],
            [
              -0.613354206771506,
              44.88778950224431
            ],
            [
              -0.61348788512309,
              44.88780946870751
            ],
            [
              -0.613597933749546,
              44.88763383722023
            ],
            [
              -0.614060777500425,
              44.886930591301
            ],
            [
              -0.614624882903847,
              44.8871171076814
            ],
            [
              -0.614591150421543,
              44.88742345829445
            ],
            [
              -0.614645125563182,
              44.88795161489831
            ],
            [
              -0.614663668268646,
              44.88809626985993
            ],
            [
              -0.615732601152855,
              44.888247931855624
            ],
            [
              -0.615495619695583,
              44.88908320747294
            ],
            [
              -0.615495476550923,
              44.88909598806039
            ],
            [
              -0.61537391926806,
              44.889510024567464
            ]
          ]
        ]
      }
    },
    {
      "type": "Feature",
      "properties": {
        "fid": 549,
        "GID": 1301,
        "TERRIT_P": "PT_OUEST",
        "GO_DESCRITION": "renaturat°",
        "GPOLE_SUIVI_OPE_AMENAGEMENT_EP_COMMUNES": "Blanquefort",
        "GPOLE_SUIVI_OPE_AMENAGEMENT_EP_LIBELLE_PROJET": "BLANQ-083...Place de la Roseraie",
        "GPOLE_SUIVI_OPE_AMENAGEMENT_EP_STATUT_PROJET": "Conception",
        "GPOLE_SUIVI_OPE_AMENAGEMENT_EP_CHEF_DE_PROJET": "LANAU Ingrid",
        "GPOLE_SUIVI_OPE_AMENAGEMENT_EP_DESCRIPTION_PROJET": "Renaturation de la place de la Roseraie au droit du carrefour entre l’avenue du Général de Gaulle et la rue Marguerite Dumora",
        "GPOLE_SUIVI_OPE_AMENAGEMENT_EP_TYPE_PROJET": "Amgt EspPublic _ Géné",
        "GPOLE_SUIVI_OPE_AMENAGEMENT_EP_PROG_FIN_PRINC_SAU": "Autres",
        "GPOLE_SUIVI_OPE_AMENAGEMENT_EP_DEBUT_TRAVAUX": null,
        "GPOLE_SUIVI_OPE_AMENAGEMENT_EP_FIN_TRAVAUX": null
      },
      "geometry": {
        "type": "MultiLineString",
        "coordinates": [
          [
            [
              -0.638824734396426,
              44.909170894739006
            ],
            [
              -0.638812967109713,
              44.90917933968702
            ],
            [
              -0.638801030066171,
              44.90918510033448
            ],
            [
              -0.638786864814396,
              44.9091855526971
            ],
            [
              -0.638765059885435,
              44.90918490416671
            ],
            [
              -0.638619099789827,
              44.90915123671281
            ],
            [
              -0.638608414891099,
              44.90914687090474
            ],
            [
              -0.638599321641314,
              44.909137747259614
            ],
            [
              -0.638596881275407,
              44.90912908359777
            ],
            [
              -0.638596372044451,
              44.90912103069905
            ],
            [
              -0.638597709075775,
              44.909112246413635
            ],
            [
              -0.638706183842524,
              44.9088673800488
            ],
            [
              -0.638929133847665,
              44.90892145127133
            ],
            [
              -0.638922300554287,
              44.90893310081159
            ],
            [
              -0.638918088098885,
              44.90894130450195
            ],
            [
              -0.638824734145844,
              44.90917089077658
            ]
          ]
        ]
      }
    },
    {
      "type": "Feature",
      "properties": {
        "fid": 550,
        "GID": 1501,
        "TERRIT_P": "PT_OUEST",
        "GO_DESCRITION": "amgt général",
        "GPOLE_SUIVI_OPE_AMENAGEMENT_EP_COMMUNES": "Blanquefort",
        "GPOLE_SUIVI_OPE_AMENAGEMENT_EP_LIBELLE_PROJET": "BLANQ-085...Plan guide du Bourg de Caychac",
        "GPOLE_SUIVI_OPE_AMENAGEMENT_EP_STATUT_PROJET": "Conception",
        "GPOLE_SUIVI_OPE_AMENAGEMENT_EP_CHEF_DE_PROJET": "HARO Stéphanie",
        "GPOLE_SUIVI_OPE_AMENAGEMENT_EP_DESCRIPTION_PROJET": "Etude urbaine sur le centre-bourg de Caychac",
        "GPOLE_SUIVI_OPE_AMENAGEMENT_EP_TYPE_PROJET": "Amgt EspPublic _ Géné",
        "GPOLE_SUIVI_OPE_AMENAGEMENT_EP_PROG_FIN_PRINC_SAU": "CODEV",
        "GPOLE_SUIVI_OPE_AMENAGEMENT_EP_DEBUT_TRAVAUX": null,
        "GPOLE_SUIVI_OPE_AMENAGEMENT_EP_FIN_TRAVAUX": null
      },
      "geometry": {
        "type": "MultiLineString",
        "coordinates": [
          [
            [
              -0.629063688265045,
              44.93604176507807
            ],
            [
              -0.628813699784759,
              44.93589233599891
            ],
            [
              -0.628663900618681,
              44.935791527951466
            ],
            [
              -0.628449803699695,
              44.93564250039662
            ],
            [
              -0.628345412479928,
              44.93554375987301
            ],
            [
              -0.628315285621166,
              44.93551652301934
            ],
            [
              -0.628267845690465,
              44.93546011006279
            ],
            [
              -0.628141068203175,
              44.935293979721834
            ],
            [
              -0.627980065702304,
              44.935148216071305
            ],
            [
              -0.627780759721041,
              44.935022498350634
            ],
            [
              -0.627615323812347,
              44.93494515761415
            ],
            [
              -0.627472718451995,
              44.9348839355328
            ],
            [
              -0.627358619457049,
              44.93481622112208
            ],
            [
              -0.627120991297872,
              44.934726313275284
            ],
            [
              -0.626960163464969,
              44.93468179508956
            ],
            [
              -0.626606681546672,
              44.934600887055346
            ],
            [
              -0.626559943846582,
              44.93459579793481
            ],
            [
              -0.626316679640894,
              44.93456128811977
            ],
            [
              -0.625808728140625,
              44.934492407862415
            ],
            [
              -0.625577401860526,
              44.93445814736938
            ],
            [
              -0.62495027295985,
              44.934367650515796
            ],
            [
              -0.624903599985119,
              44.93434949677075
            ],
            [
              -0.624820602328001,
              44.934320427065316
            ],
            [
              -0.62476331851097,
              44.93430495280027
            ],
            [
              -0.624690837221667,
              44.93428779976941
            ],
            [
              -0.624618208668954,
              44.934268309243095
            ],
            [
              -0.624547924438427,
              44.93425180692249
            ],
            [
              -0.624480753442727,
              44.93423439483648
            ],
            [
              -0.624346543805728,
              44.934199656423516
            ],
            [
              -0.62420691653873,
              44.93416346862161
            ],
            [
              -0.623952992587358,
              44.9341026284912
            ],
            [
              -0.623903718699984,
              44.934091493351886
            ],
            [
              -0.623783133280827,
              44.93406767151545
            ],
            [
              -0.623579851136996,
              44.93403161474606
            ],
            [
              -0.623244436874504,
              44.93396156265336
            ],
            [
              -0.623179788338477,
              44.9339479431743
            ],
            [
              -0.623117255513479,
              44.933935697727264
            ],
            [
              -0.623055988382557,
              44.933923412019745
            ],
            [
              -0.622989188299724,
              44.933909860817096
            ],
            [
              -0.622909114035429,
              44.93389294800544
            ],
            [
              -0.622759298510418,
              44.933864108670804
            ],
            [
              -0.622646308036875,
              44.933840044294186
            ],
            [
              -0.622524665834037,
              44.93381553408777
            ],
            [
              -0.622402301655273,
              44.933765463426084
            ],
            [
              -0.622457558267055,
              44.93358372166315
            ],
            [
              -0.622545503188507,
              44.93324322186458
            ],
            [
              -0.622699512013056,
              44.932682458967506
            ],
            [
              -0.622783427722864,
              44.932358612644954
            ],
            [
              -0.622794230989668,
              44.93231872331612
            ],
            [
              -0.622834244964283,
              44.93216638939615
            ],
            [
              -0.622916042259097,
              44.93186194700634
            ],
            [
              -0.622976840063035,
              44.931658288117404
            ],
            [
              -0.623041587048332,
              44.93141714682881
            ],
            [
              -0.62308553389961,
              44.931068585400716
            ],
            [
              -0.623188493332435,
              44.93066976269862
            ],
            [
              -0.623210810483796,
              44.930597257960166
            ],
            [
              -0.62326190281628,
              44.930593021559346
            ],
            [
              -0.62352923741553,
              44.93059524344357
            ],
            [
              -0.623998049221427,
              44.93057889829424
            ],
            [
              -0.624585841114532,
              44.930509609080936
            ],
            [
              -0.625203770812559,
              44.93043467045358
            ],
            [
              -0.625873806430297,
              44.93035209387189
            ],
            [
              -0.626468482934415,
              44.930242025304864
            ],
            [
              -0.626939218975782,
              44.930158534154316
            ],
            [
              -0.627161386298165,
              44.93012020630777
            ],
            [
              -0.627488179114317,
              44.930081971625974
            ],
            [
              -0.627808061181766,
              44.93007692604643
            ],
            [
              -0.62813754483185,
              44.930090290248884
            ],
            [
              -0.628293493686879,
              44.930096967825186
            ],
            [
              -0.628901805040951,
              44.93014912856245
            ],
            [
              -0.62917853926336,
              44.93015563209921
            ],
            [
              -0.629389465130523,
              44.930162248533016
            ],
            [
              -0.629799814924725,
              44.93016438268935
            ],
            [
              -0.630007023623454,
              44.92852029000667
            ],
            [
              -0.630429554922106,
              44.927380511275835
            ],
            [
              -0.630558451697286,
              44.927014475705434
            ],
            [
              -0.630860960881038,
              44.92619004381804
            ],
            [
              -0.631709252338678,
              44.92647082986137
            ],
            [
              -0.632756488415276,
              44.926815533688675
            ],
            [
              -0.633040550562334,
              44.92690818298854
            ],
            [
              -0.633262776549884,
              44.926981453151384
            ],
            [
              -0.633561279330132,
              44.927079856591114
            ],
            [
              -0.633893285243333,
              44.927190703544404
            ],
            [
              -0.634189950308489,
              44.92728808300234
            ],
            [
              -0.63440255337893,
              44.92737156693977
            ],
            [
              -0.634489793667031,
              44.927411664502166
            ],
            [
              -0.634590437165572,
              44.927451129111304
            ],
            [
              -0.634714305192039,
              44.92750900122164
            ],
            [
              -0.634911018811945,
              44.92750957441532
            ],
            [
              -0.635239114363997,
              44.92750829930635
            ],
            [
              -0.635275859761587,
              44.927529918287625
            ],
            [
              -0.635621436557536,
              44.92750628453295
            ],
            [
              -0.635684524918853,
              44.927501299485755
            ],
            [
              -0.635867334725647,
              44.927480514507195
            ],
            [
              -0.63615641686742,
              44.92742174729606
            ],
            [
              -0.636360068245061,
              44.92738363133469
            ],
            [
              -0.63664597007282,
              44.92732271224382
            ],
            [
              -0.636986931819183,
              44.92723814543027
            ],
            [
              -0.637134671263988,
              44.9271841558888
            ],
            [
              -0.637253706135406,
              44.92713144247585
            ],
            [
              -0.637388301585437,
              44.927054090173264
            ],
            [
              -0.637530334267276,
              44.926992084673095
            ],
            [
              -0.637620716179374,
              44.92696352662848
            ],
            [
              -0.637760285016187,
              44.9269267325596
            ],
            [
              -0.637856467665125,
              44.9269177173208
            ],
            [
              -0.63809311831466,
              44.92690016481824
            ],
            [
              -0.63812023401643,
              44.92706424095913
            ],
            [
              -0.638154358793083,
              44.92737321678732
            ],
            [
              -0.638174659757505,
              44.927527781490156
            ],
            [
              -0.638216497516852,
              44.9278464202157
            ],
            [
              -0.63824930400983,
              44.9280483296284
            ],
            [
              -0.638269746870267,
              44.92825324607451
            ],
            [
              -0.638106533791228,
              44.92852374945911
            ],
            [
              -0.638193352386333,
              44.9286974505696
            ],
            [
              -0.638299212398049,
              44.928909549691376
            ],
            [
              -0.638407968239086,
              44.92912732159703
            ],
            [
              -0.63843127236813,
              44.92938547569661
            ],
            [
              -0.638630432786136,
              44.929360471143674
            ],
            [
              -0.638703213305655,
              44.92957281516693
            ],
            [
              -0.638751286434228,
              44.92972334033137
            ],
            [
              -0.638816713366237,
              44.92993168515311
            ],
            [
              -0.638494394774792,
              44.930022508175256
            ],
            [
              -0.638167920063862,
              44.93011580505792
            ],
            [
              -0.63820180624663,
              44.93036082963819
            ],
            [
              -0.638107692784967,
              44.930512920460046
            ],
            [
              -0.638109369662256,
              44.93057151082157
            ],
            [
              -0.638110996824384,
              44.930627310203604
            ],
            [
              -0.638115704116758,
              44.930679678215384
            ],
            [
              -0.638117171627717,
              44.93075701247318
            ],
            [
              -0.638120696285425,
              44.93101723916495
            ],
            [
              -0.638122107680486,
              44.93105358755385
            ],
            [
              -0.638130496623432,
              44.93126240189452
            ],
            [
              -0.638201339157531,
              44.93132581116105
            ],
            [
              -0.638410800896375,
              44.93147758115611
            ],
            [
              -0.638258735310289,
              44.93191843536497
            ],
            [
              -0.63821783694861,
              44.932125940141844
            ],
            [
              -0.638134349511989,
              44.93217139406545
            ],
            [
              -0.63770772540912,
              44.93211708703031
            ],
            [
              -0.637606956994086,
              44.932107871321705
            ],
            [
              -0.637455948050183,
              44.932094313257124
            ],
            [
              -0.637234393414008,
              44.932074177895004
            ],
            [
              -0.63676106212467,
              44.932031266795306
            ],
            [
              -0.636753569658683,
              44.93255040740121
            ],
            [
              -0.636754336374,
              44.93279736426966
            ],
            [
              -0.636753637656231,
              44.93287656922662
            ],
            [
              -0.63675155101733,
              44.93312436312883
            ],
            [
              -0.63675441954221,
              44.93355883037121
            ],
            [
              -0.636578765658674,
              44.93363091513657
            ],
            [
              -0.636409833314868,
              44.93370701908369
            ],
            [
              -0.636277446494499,
              44.93378547023556
            ],
            [
              -0.636059111516671,
              44.93394729987497
            ],
            [
              -0.6359433200812,
              44.934032955164696
            ],
            [
              -0.63574410153902,
              44.93416965873257
            ],
            [
              -0.635497470175089,
              44.93433877232931
            ],
            [
              -0.635456881491741,
              44.93437078492225
            ],
            [
              -0.635239323241785,
              44.9345267776315
            ],
            [
              -0.634834619344823,
              44.93479906221704
            ],
            [
              -0.634564714903128,
              44.93495720495093
            ],
            [
              -0.634414274943652,
              44.93501496986617
            ],
            [
              -0.634052630871494,
              44.935152344390325
            ],
            [
              -0.6339895331616,
              44.935229574717965
            ],
            [
              -0.633730302593217,
              44.935287743842984
            ],
            [
              -0.633690111296644,
              44.93529596130803
            ],
            [
              -0.633488574530312,
              44.935335895838755
            ],
            [
              -0.63323281796672,
              44.93538683655839
            ],
            [
              -0.633140548926061,
              44.93540383010487
            ],
            [
              -0.633131583645405,
              44.93539240511233
            ],
            [
              -0.632902022449301,
              44.93542638545956
            ],
            [
              -0.632635690084333,
              44.93546450980742
            ],
            [
              -0.632098191258572,
              44.93553451477278
            ],
            [
              -0.631564303636525,
              44.9355914302619
            ],
            [
              -0.631409623951854,
              44.93559617752829
            ],
            [
              -0.631309114946168,
              44.93558712800042
            ],
            [
              -0.631186087312518,
              44.9355729403219
            ],
            [
              -0.631029833751813,
              44.93555476620884
            ],
            [
              -0.630672838934386,
              44.93554496719874
            ],
            [
              -0.630476750699018,
              44.93553463701612
            ],
            [
              -0.630384798118372,
              44.93553053896032
            ],
            [
              -0.630182622033899,
              44.935528239309534
            ],
            [
              -0.63010998579638,
              44.93552676887911
            ],
            [
              -0.62998778701313,
              44.935525705542794
            ],
            [
              -0.629874718281217,
              44.93552462160761
            ],
            [
              -0.629736692608414,
              44.93552397187248
            ],
            [
              -0.629607353115325,
              44.93552430656125
            ],
            [
              -0.629529153387436,
              44.93554922683933
            ],
            [
              -0.62948966062407,
              44.9355901129265
            ],
            [
              -0.629401686517718,
              44.93570183077734
            ],
            [
              -0.629319101652127,
              44.935812018243446
            ],
            [
              -0.629176358761555,
              44.93600393366862
            ],
            [
              -0.629124633624809,
              44.936080618844414
            ],
            [
              -0.629063749562565,
              44.93604178322315
            ],
            [
              -0.629063826941379,
              44.93604196754422
            ],
            [
              -0.62906375544374,
              44.93604187642782
            ]
          ]
        ]
      }
    },
    {
      "type": "Feature",
      "properties": {
        "fid": 552,
        "GID": 842,
        "TERRIT_P": "PT_OUEST",
        "GO_DESCRITION": "amgt general",
        "GPOLE_SUIVI_OPE_AMENAGEMENT_EP_COMMUNES": "Le Taillan-Médoc",
        "GPOLE_SUIVI_OPE_AMENAGEMENT_EP_LIBELLE_PROJET": "TAILL-064-PAE Centre",
        "GPOLE_SUIVI_OPE_AMENAGEMENT_EP_STATUT_PROJET": "Exécution",
        "GPOLE_SUIVI_OPE_AMENAGEMENT_EP_CHEF_DE_PROJET": "BRUN-ROUDIER Jean",
        "GPOLE_SUIVI_OPE_AMENAGEMENT_EP_DESCRIPTION_PROJET": "Suivi de la réalisation du programme de constructions du PAE.\nSuivi de l'opération FAB sur la mutation de l'îlot BM/Ville face à la Mairie (concertation, cahier des charges, libération foncière, montage opérationnel…).",
        "GPOLE_SUIVI_OPE_AMENAGEMENT_EP_TYPE_PROJET": "Amgt EspPublic _ Géné",
        "GPOLE_SUIVI_OPE_AMENAGEMENT_EP_PROG_FIN_PRINC_SAU": null,
        "GPOLE_SUIVI_OPE_AMENAGEMENT_EP_DEBUT_TRAVAUX": null,
        "GPOLE_SUIVI_OPE_AMENAGEMENT_EP_FIN_TRAVAUX": null
      },
      "geometry": {
        "type": "MultiLineString",
        "coordinates": [
          [
            [
              -0.666616693210314,
              44.90878985410808
            ],
            [
              -0.666168124968003,
              44.908772938483345
            ],
            [
              -0.666018556627202,
              44.90878117402579
            ],
            [
              -0.665405933232742,
              44.90882367437077
            ],
            [
              -0.664847725941382,
              44.908860727718015
            ],
            [
              -0.664465948420315,
              44.908883366201685
            ],
            [
              -0.664328664577982,
              44.908883457178256
            ],
            [
              -0.664187302027287,
              44.908869265653486
            ],
            [
              -0.664046834224487,
              44.90884324413188
            ],
            [
              -0.663935144681088,
              44.90880530676464
            ],
            [
              -0.663538131677739,
              44.90862249925067
            ],
            [
              -0.663519202503653,
              44.908599956192866
            ],
            [
              -0.6636797827221,
              44.907960328964315
            ],
            [
              -0.663729746038955,
              44.90796259605744
            ],
            [
              -0.663743295512438,
              44.90791657769394
            ],
            [
              -0.66369333223498,
              44.907914310606756
            ],
            [
              -0.663846591346159,
              44.90740463985922
            ],
            [
              -0.664018181600487,
              44.906665294693546
            ],
            [
              -0.664055034860449,
              44.90650150723852
            ],
            [
              -0.664122609548364,
              44.90650365819077
            ],
            [
              -0.664208209737975,
              44.90608219304585
            ],
            [
              -0.664301973639732,
              44.905538130577575
            ],
            [
              -0.664379994714809,
              44.90510916164725
            ],
            [
              -0.664365499233915,
              44.90510845674975
            ],
            [
              -0.66440037764441,
              44.90490572603702
            ],
            [
              -0.664503014301645,
              44.904843419671636
            ],
            [
              -0.665059174553696,
              44.904898228665736
            ],
            [
              -0.665352315609526,
              44.90493122834433
            ],
            [
              -0.665431855504825,
              44.9049282190588
            ],
            [
              -0.66569311342246,
              44.90491639057613
            ],
            [
              -0.665916987024282,
              44.904896755903316
            ],
            [
              -0.666113680968152,
              44.90489817428647
            ],
            [
              -0.666461738447044,
              44.90491571121468
            ],
            [
              -0.666577758925586,
              44.904924229088444
            ],
            [
              -0.66659324014935,
              44.904819052642196
            ],
            [
              -0.666625347601924,
              44.90460478924908
            ],
            [
              -0.66665084877356,
              44.90445992337387
            ],
            [
              -0.666677743262853,
              44.90435483001887
            ],
            [
              -0.666687739400001,
              44.90427099993474
            ],
            [
              -0.666691248153684,
              44.90409729407047
            ],
            [
              -0.666727003978246,
              44.90401191428072
            ],
            [
              -0.666750091486943,
              44.90381127360261
            ],
            [
              -0.666667044137517,
              44.90374926560088
            ],
            [
              -0.666692771149632,
              44.90364375936958
            ],
            [
              -0.666703942995014,
              44.90364403041783
            ],
            [
              -0.666728428310027,
              44.903536942612625
            ],
            [
              -0.666703845332113,
              44.90321081686996
            ],
            [
              -0.666732173532221,
              44.90309441674757
            ],
            [
              -0.666778173375256,
              44.902845564044036
            ],
            [
              -0.666790412351623,
              44.90283075660915
            ],
            [
              -0.66678064976861,
              44.902828728611404
            ],
            [
              -0.666966221840948,
              44.902611958027286
            ],
            [
              -0.667129513460272,
              44.9024155426874
            ],
            [
              -0.667281381957303,
              44.9022328272938
            ],
            [
              -0.66741839986475,
              44.902067705785406
            ],
            [
              -0.667486391091329,
              44.90198498145534
            ],
            [
              -0.66818181412618,
              44.90254264816295
            ],
            [
              -0.668248222368683,
              44.90257429176549
            ],
            [
              -0.668346043833708,
              44.902430610066595
            ],
            [
              -0.668454570600866,
              44.90226000858496
            ],
            [
              -0.668502981449687,
              44.902184310094704
            ],
            [
              -0.668998711503366,
              44.90230752751361
            ],
            [
              -0.669183534220262,
              44.902283918731364
            ],
            [
              -0.669646901264844,
              44.902306843998126
            ],
            [
              -0.670174851976385,
              44.90233522670972
            ],
            [
              -0.670160874677209,
              44.90239828588391
            ],
            [
              -0.670153045334324,
              44.902420608864475
            ],
            [
              -0.670138740066386,
              44.90245268944343
            ],
            [
              -0.670121788799842,
              44.90249098102074
            ],
            [
              -0.670112012194133,
              44.90250264664034
            ],
            [
              -0.670086445645451,
              44.90252112684094
            ],
            [
              -0.670055176079636,
              44.90253564684901
            ],
            [
              -0.670023912950642,
              44.90254629299647
            ],
            [
              -0.670005431848684,
              44.90255463561244
            ],
            [
              -0.669935830773417,
              44.902590208984414
            ],
            [
              -0.669896532819221,
              44.90261399603106
            ],
            [
              -0.669859299610248,
              44.90263438341945
            ],
            [
              -0.669841933244284,
              44.90264629348945
            ],
            [
              -0.669823692507683,
              44.90266039375458
            ],
            [
              -0.669810195866699,
              44.902671368408676
            ],
            [
              -0.669797791441837,
              44.90268356906613
            ],
            [
              -0.669778727178115,
              44.90270463237417
            ],
            [
              -0.669753037826332,
              44.902733115853884
            ],
            [
              -0.669716241854253,
              44.90278222613611
            ],
            [
              -0.669706901931418,
              44.90279477849796
            ],
            [
              -0.66968488585254,
              44.902827197456304
            ],
            [
              -0.669661526176903,
              44.902880289088046
            ],
            [
              -0.669641986628506,
              44.90295154486848
            ],
            [
              -0.669641346696305,
              44.90299120275821
            ],
            [
              -0.669645152052064,
              44.903027023994696
            ],
            [
              -0.66984545745212,
              44.90305336297057
            ],
            [
              -0.670028739520781,
              44.90307115140866
            ],
            [
              -0.670212701816478,
              44.903079728998215
            ],
            [
              -0.670514806042232,
              44.903080446375654
            ],
            [
              -0.670629997329561,
              44.90307799640018
            ],
            [
              -0.670657235038794,
              44.90307180385371
            ],
            [
              -0.670783933398882,
              44.9030927653665
            ],
            [
              -0.670985463707429,
              44.903122396034924
            ],
            [
              -0.671032035756131,
              44.90312918322848
            ],
            [
              -0.671241874573353,
              44.90315989701177
            ],
            [
              -0.671293229702271,
              44.90299131502942
            ],
            [
              -0.671305983681955,
              44.90294883444268
            ],
            [
              -0.671346746962215,
              44.902783116104914
            ],
            [
              -0.671351367008416,
              44.9027641395012
            ],
            [
              -0.671366427294059,
              44.90269794768858
            ],
            [
              -0.671387255768089,
              44.90262533340513
            ],
            [
              -0.671425083785807,
              44.902475204194026
            ],
            [
              -0.671469177546757,
              44.90229613598427
            ],
            [
              -0.671484510095821,
              44.90223447428488
            ],
            [
              -0.67175195071806,
              44.90225986723457
            ],
            [
              -0.671933214740159,
              44.90227811822301
            ],
            [
              -0.671960168210768,
              44.902285357151236
            ],
            [
              -0.671980112609848,
              44.90229399308035
            ],
            [
              -0.672016947491733,
              44.902317038703636
            ],
            [
              -0.672029008554624,
              44.90232926184798
            ],
            [
              -0.672037228913785,
              44.90234088810092
            ],
            [
              -0.672063071982478,
              44.902432031792664
            ],
            [
              -0.672103419490907,
              44.90257765974596
            ],
            [
              -0.672046346407624,
              44.902587066388676
            ],
            [
              -0.6721128121257,
              44.90275266213093
            ],
            [
              -0.672120215076591,
              44.90277134134393
            ],
            [
              -0.672159758945401,
              44.9028706014865
            ],
            [
              -0.672131319058542,
              44.90300097006939
            ],
            [
              -0.672110577796513,
              44.90309307470067
            ],
            [
              -0.672100334225486,
              44.90311529547703
            ],
            [
              -0.671982362116098,
              44.90329863683188
            ],
            [
              -0.671779612518281,
              44.90349227738162
            ],
            [
              -0.671692939804892,
              44.90356821948906
            ],
            [
              -0.671749561155659,
              44.90366296566853
            ],
            [
              -0.671864471529387,
              44.903854746416314
            ],
            [
              -0.671990161023393,
              44.904064466884435
            ],
            [
              -0.672103630177291,
              44.90425350125117
            ],
            [
              -0.671855050732357,
              44.904332859914746
            ],
            [
              -0.671617036119542,
              44.90439304982956
            ],
            [
              -0.671495779936629,
              44.90440776752122
            ],
            [
              -0.671503434353745,
              44.90443634799445
            ],
            [
              -0.671500250537423,
              44.90449969011949
            ],
            [
              -0.671489360416322,
              44.90468264292871
            ],
            [
              -0.671487313966452,
              44.904716130332794
            ],
            [
              -0.671485388586818,
              44.90474754188492
            ],
            [
              -0.671474683778672,
              44.90492148023253
            ],
            [
              -0.671449990437341,
              44.905051007115965
            ],
            [
              -0.671434404996945,
              44.90518024049737
            ],
            [
              -0.671423636678428,
              44.90539093545874
            ],
            [
              -0.671420459648233,
              44.90551994915354
            ],
            [
              -0.671424699222298,
              44.90561818511762
            ],
            [
              -0.671423791240345,
              44.90583441783878
            ],
            [
              -0.671420367229728,
              44.90596154770268
            ],
            [
              -0.671417709073087,
              44.90604505185607
            ],
            [
              -0.671408432519574,
              44.9060923750258
            ],
            [
              -0.671380945565758,
              44.906211902375496
            ],
            [
              -0.671369989693573,
              44.906260721007534
            ],
            [
              -0.671322072097491,
              44.90633325744573
            ],
            [
              -0.671090718957644,
              44.906622465283476
            ],
            [
              -0.670977513894446,
              44.90677108512639
            ],
            [
              -0.670982562244917,
              44.90677272416898
            ],
            [
              -0.670830193901108,
              44.90695158682425
            ],
            [
              -0.670779881139814,
              44.90701338436054
            ],
            [
              -0.670703072196954,
              44.9071049526778
            ],
            [
              -0.670694091054305,
              44.907101278288565
            ],
            [
              -0.670553190763478,
              44.907257249873844
            ],
            [
              -0.670432044479815,
              44.907397000254946
            ],
            [
              -0.670311363489344,
              44.90753610490434
            ],
            [
              -0.669813317827053,
              44.90733161986893
            ],
            [
              -0.669568965158443,
              44.90723102786088
            ],
            [
              -0.669422007780064,
              44.907170809671406
            ],
            [
              -0.669479999102667,
              44.90707633501773
            ],
            [
              -0.669340826621353,
              44.907022892623736
            ],
            [
              -0.669189968889221,
              44.90700486929665
            ],
            [
              -0.669055471611907,
              44.90698100394342
            ],
            [
              -0.66887546092159,
              44.90699085428701
            ],
            [
              -0.668449915518754,
              44.90695906343679
            ],
            [
              -0.66827465926454,
              44.906946058434734
            ],
            [
              -0.667985528910418,
              44.90692446760823
            ],
            [
              -0.667541291407329,
              44.906889761843765
            ],
            [
              -0.667396610910061,
              44.90694477608148
            ],
            [
              -0.667285496535443,
              44.90693772252117
            ],
            [
              -0.666599163074622,
              44.90689341870763
            ],
            [
              -0.666598912452043,
              44.906907389872956
            ],
            [
              -0.666598502858977,
              44.906984515400296
            ],
            [
              -0.666597969145916,
              44.90707560802082
            ],
            [
              -0.666602400150216,
              44.90727644398108
            ],
            [
              -0.666608663376165,
              44.90755775652705
            ],
            [
              -0.666609727462173,
              44.90760429597594
            ],
            [
              -0.666612458576564,
              44.90772474116051
            ],
            [
              -0.666614813045075,
              44.90783330730887
            ],
            [
              -0.666615091387907,
              44.90796698375743
            ],
            [
              -0.666615374983716,
              44.90810273197791
            ],
            [
              -0.6666154609345,
              44.908199570051494
            ],
            [
              -0.666615834765549,
              44.90836657468488
            ],
            [
              -0.666616207644923,
              44.90853754306268
            ],
            [
              -0.666616589122449,
              44.90872058248179
            ],
            [
              -0.666616609181576,
              44.90875670571844
            ],
            [
              -0.666616693210314,
              44.90878985410808
            ]
          ]
        ]
      }
    },
    {
      "type": "Feature",
      "properties": {
        "fid": 554,
        "GID": 844,
        "TERRIT_P": "PT_OUEST",
        "GO_DESCRITION": "requalification",
        "GPOLE_SUIVI_OPE_AMENAGEMENT_EP_COMMUNES": "Saint-Médard-en-Jalles",
        "GPOLE_SUIVI_OPE_AMENAGEMENT_EP_LIBELLE_PROJET": "StMED-075 - Secteur Berlincan - Projet La FAB",
        "GPOLE_SUIVI_OPE_AMENAGEMENT_EP_STATUT_PROJET": "Conception",
        "GPOLE_SUIVI_OPE_AMENAGEMENT_EP_CHEF_DE_PROJET": "BRUN-ROUDIER Jean",
        "GPOLE_SUIVI_OPE_AMENAGEMENT_EP_DESCRIPTION_PROJET": "Le secteur de Berlincan est composé de deux sites : le patrimoine Clairsienne, sur lequel une opération lourde de requalification est prévue par l'opérateur, le secteur économique, compris entre le patrimoine de logements sociaux et la route principale.\nDes études sont en cours par La Fab, aboutissant potentiellement à la définition d'une opération d'aménagement. La Fab poursuit les études opérationnelles permettant d'exposer le montage de l'opération et les impacts financiers qui seront supportés par la métropole.",
        "GPOLE_SUIVI_OPE_AMENAGEMENT_EP_TYPE_PROJET": "Amgt EspPublic _ Géné",
        "GPOLE_SUIVI_OPE_AMENAGEMENT_EP_PROG_FIN_PRINC_SAU": "CODEV",
        "GPOLE_SUIVI_OPE_AMENAGEMENT_EP_DEBUT_TRAVAUX": null,
        "GPOLE_SUIVI_OPE_AMENAGEMENT_EP_FIN_TRAVAUX": null
      },
      "geometry": {
        "type": "MultiLineString",
        "coordinates": [
          [
            [
              -0.694371515902463,
              44.88728326349384
            ],
            [
              -0.69290428025666,
              44.88758479729513
            ],
            [
              -0.692801232472748,
              44.88742643377375
            ],
            [
              -0.692043137310652,
              44.887461369831875
            ],
            [
              -0.691938459613847,
              44.88721630557654
            ],
            [
              -0.691830430956432,
              44.88717188138812
            ],
            [
              -0.691828549317759,
              44.88713266486098
            ],
            [
              -0.691634074506077,
              44.886763849981634
            ],
            [
              -0.691500868689428,
              44.886561960397316
            ],
            [
              -0.69131936640081,
              44.88641118328088
            ],
            [
              -0.691216562252469,
              44.88635334660158
            ],
            [
              -0.691104957261764,
              44.88635390055255
            ],
            [
              -0.690734651602159,
              44.88628031886701
            ],
            [
              -0.690513687577614,
              44.88627099306163
            ],
            [
              -0.690221761998483,
              44.88632099040438
            ],
            [
              -0.689586481142972,
              44.88580447299022
            ],
            [
              -0.688451120524233,
              44.88662581058807
            ],
            [
              -0.688477245402448,
              44.88542375926301
            ],
            [
              -0.68847163332752,
              44.885367817492465
            ],
            [
              -0.688384476075122,
              44.88519812553054
            ],
            [
              -0.688106441588225,
              44.885120736716665
            ],
            [
              -0.688767647494518,
              44.88307797568671
            ],
            [
              -0.68877736079114,
              44.88287559830713
            ],
            [
              -0.689369187872241,
              44.88323668109021
            ],
            [
              -0.690099221087451,
              44.88372354756225
            ],
            [
              -0.690488331530052,
              44.884000741579605
            ],
            [
              -0.690840369102115,
              44.88423948603179
            ],
            [
              -0.691671299975242,
              44.88480700351992
            ],
            [
              -0.693528566738154,
              44.88606687261221
            ],
            [
              -0.693795699245767,
              44.88648650292401
            ],
            [
              -0.694059585843372,
              44.886884106156565
            ],
            [
              -0.694233912970778,
              44.88712755340521
            ],
            [
              -0.694371515902463,
              44.88728326349384
            ]
          ]
        ]
      }
    },
    {
      "type": "Feature",
      "properties": {
        "fid": 555,
        "GID": 1601,
        "TERRIT_P": "PT_OUEST",
        "GO_DESCRITION": "réfect° terrain sport et piste",
        "GPOLE_SUIVI_OPE_AMENAGEMENT_EP_COMMUNES": "Le Bouscat",
        "GPOLE_SUIVI_OPE_AMENAGEMENT_EP_LIBELLE_PROJET": "BOUSC-087...Réfection de terrains sportifs en terrain synthétique du stade Jean Jaurès et réhabilitation de la piste",
        "GPOLE_SUIVI_OPE_AMENAGEMENT_EP_STATUT_PROJET": "A lancer",
        "GPOLE_SUIVI_OPE_AMENAGEMENT_EP_CHEF_DE_PROJET": "GOURAUD Simon",
        "GPOLE_SUIVI_OPE_AMENAGEMENT_EP_DESCRIPTION_PROJET": null,
        "GPOLE_SUIVI_OPE_AMENAGEMENT_EP_TYPE_PROJET": "Amgt EspPublic _ Géné",
        "GPOLE_SUIVI_OPE_AMENAGEMENT_EP_PROG_FIN_PRINC_SAU": "Autres",
        "GPOLE_SUIVI_OPE_AMENAGEMENT_EP_DEBUT_TRAVAUX": 2027,
        "GPOLE_SUIVI_OPE_AMENAGEMENT_EP_FIN_TRAVAUX": 2027
      },
      "geometry": {
        "type": "MultiLineString",
        "coordinates": [
          [
            [
              -0.587566288952756,
              44.866857770361904
            ],
            [
              -0.587313486146509,
              44.86692656447487
            ],
            [
              -0.586828330999099,
              44.86698069915594
            ],
            [
              -0.586293661324346,
              44.86703265566128
            ],
            [
              -0.586164644303582,
              44.86703597204793
            ],
            [
              -0.585999586056708,
              44.86701726242026
            ],
            [
              -0.585897513567564,
              44.866980879321545
            ],
            [
              -0.58580413518314,
              44.86693226826705
            ],
            [
              -0.58573664537907,
              44.86687761198203
            ],
            [
              -0.585681765317111,
              44.86680612175811
            ],
            [
              -0.585653702323003,
              44.86674349967817
            ],
            [
              -0.585639854437958,
              44.86667295870295
            ],
            [
              -0.585647534600198,
              44.86661070528866
            ],
            [
              -0.585667239878592,
              44.866539107633464
            ],
            [
              -0.585715348302541,
              44.866468109811095
            ],
            [
              -0.585870274878426,
              44.866357885835924
            ],
            [
              -0.586043927528832,
              44.86627845122028
            ],
            [
              -0.586278406504485,
              44.866247905159426
            ],
            [
              -0.587918022730514,
              44.86609904920939
            ],
            [
              -0.587867311042684,
              44.86639800417884
            ],
            [
              -0.587839041710916,
              44.86655130910125
            ],
            [
              -0.587737693617432,
              44.86674576735274
            ],
            [
              -0.587566288952756,
              44.866857770361904
            ]
          ]
        ]
      }
    },
    {
      "type": "Feature",
      "properties": {
        "fid": 556,
        "GID": 1621,
        "TERRIT_P": "PT_OUEST",
        "GO_DESCRITION": "accessibilité arrêt de bus",
        "GPOLE_SUIVI_OPE_AMENAGEMENT_EP_COMMUNES": "Parempuyre",
        "GPOLE_SUIVI_OPE_AMENAGEMENT_EP_LIBELLE_PROJET": "PAREM-055...MOBILITES_Arrêts de bus Gare de Parempuyre et Crébadin (rue des Chênes)",
        "GPOLE_SUIVI_OPE_AMENAGEMENT_EP_STATUT_PROJET": "A lancer",
        "GPOLE_SUIVI_OPE_AMENAGEMENT_EP_CHEF_DE_PROJET": "STAEFFEN-FERRER Thomas",
        "GPOLE_SUIVI_OPE_AMENAGEMENT_EP_DESCRIPTION_PROJET": null,
        "GPOLE_SUIVI_OPE_AMENAGEMENT_EP_TYPE_PROJET": "PRJ_ Mobilités",
        "GPOLE_SUIVI_OPE_AMENAGEMENT_EP_PROG_FIN_PRINC_SAU": "Mobilité",
        "GPOLE_SUIVI_OPE_AMENAGEMENT_EP_DEBUT_TRAVAUX": null,
        "GPOLE_SUIVI_OPE_AMENAGEMENT_EP_FIN_TRAVAUX": null
      },
      "geometry": {
        "type": "MultiLineString",
        "coordinates": [
          [
            [
              -0.616437229632507,
              44.94853599317237
            ],
            [
              -0.616417186571443,
              44.948535148978884
            ],
            [
              -0.61641938741289,
              44.948517225515346
            ],
            [
              -0.616439142509879,
              44.948518313855956
            ],
            [
              -0.616437229632507,
              44.94853599317237
            ]
          ]
        ]
      }
    },
    {
      "type": "Feature",
      "properties": {
        "fid": 557,
        "GID": 881,
        "TERRIT_P": "PT_OUEST",
        "GO_DESCRITION": "chem piéton",
        "GPOLE_SUIVI_OPE_AMENAGEMENT_EP_COMMUNES": "Saint-Aubin de Médoc",
        "GPOLE_SUIVI_OPE_AMENAGEMENT_EP_LIBELLE_PROJET": "StAUB-079 - chemin de la Tuilerie entre route de Picot et l'allée de Jardin de la TuilerieCréation d'un cheminement modes doux",
        "GPOLE_SUIVI_OPE_AMENAGEMENT_EP_STATUT_PROJET": "A lancer",
        "GPOLE_SUIVI_OPE_AMENAGEMENT_EP_CHEF_DE_PROJET": "GROULT Frederic",
        "GPOLE_SUIVI_OPE_AMENAGEMENT_EP_DESCRIPTION_PROJET": "Création d'un cheminement pour les modes actifs entre chemin de la Tuilerie entre route de Picot et l'allée de Jardin de la Tuilerie",
        "GPOLE_SUIVI_OPE_AMENAGEMENT_EP_TYPE_PROJET": "Amgt EspPublic _ Géné",
        "GPOLE_SUIVI_OPE_AMENAGEMENT_EP_PROG_FIN_PRINC_SAU": "FIC",
        "GPOLE_SUIVI_OPE_AMENAGEMENT_EP_DEBUT_TRAVAUX": 2027,
        "GPOLE_SUIVI_OPE_AMENAGEMENT_EP_FIN_TRAVAUX": 2027
      },
      "geometry": {
        "type": "MultiLineString",
        "coordinates": [
          [
            [
              -0.747672055912591,
              44.91009605975574
            ],
            [
              -0.74751905135545,
              44.909635742087715
            ],
            [
              -0.747370572018397,
              44.90921869995788
            ],
            [
              -0.747239589218026,
              44.90894825317011
            ],
            [
              -0.747108551120527,
              44.90862170687506
            ],
            [
              -0.746986729277059,
              44.90832041127893
            ],
            [
              -0.746917449404852,
              44.908244682951306
            ],
            [
              -0.746721762721322,
              44.908058791316016
            ],
            [
              -0.746240092889137,
              44.90769535588193
            ],
            [
              -0.745827182174898,
              44.9073995950207
            ],
            [
              -0.745505898451471,
              44.90720303624834
            ]
          ]
        ]
      }
    },
    {
      "type": "Feature",
      "properties": {
        "fid": 559,
        "GID": 1625,
        "TERRIT_P": "PT_OUEST",
        "GO_DESCRITION": "accessibilités arrêt de bus",
        "GPOLE_SUIVI_OPE_AMENAGEMENT_EP_COMMUNES": "Parempuyre",
        "GPOLE_SUIVI_OPE_AMENAGEMENT_EP_LIBELLE_PROJET": "PAREM-055...MOBILITES_Arrêts de bus Gare de Parempuyre et Crébadin (rue des Chênes)",
        "GPOLE_SUIVI_OPE_AMENAGEMENT_EP_STATUT_PROJET": "A lancer",
        "GPOLE_SUIVI_OPE_AMENAGEMENT_EP_CHEF_DE_PROJET": "STAEFFEN-FERRER Thomas",
        "GPOLE_SUIVI_OPE_AMENAGEMENT_EP_DESCRIPTION_PROJET": null,
        "GPOLE_SUIVI_OPE_AMENAGEMENT_EP_TYPE_PROJET": "PRJ_ Mobilités",
        "GPOLE_SUIVI_OPE_AMENAGEMENT_EP_PROG_FIN_PRINC_SAU": "Mobilité",
        "GPOLE_SUIVI_OPE_AMENAGEMENT_EP_DEBUT_TRAVAUX": null,
        "GPOLE_SUIVI_OPE_AMENAGEMENT_EP_FIN_TRAVAUX": null
      },
      "geometry": {
        "type": "MultiLineString",
        "coordinates": [
          [
            [
              -0.616939894859951,
              44.945136797287844
            ],
            [
              -0.61691985297551,
              44.945135953182195
            ],
            [
              -0.616922053530376,
              44.945118029699266
            ],
            [
              -0.616941807469888,
              44.945119117953446
            ],
            [
              -0.616939894859951,
              44.945136797287844
            ]
          ]
        ]
      }
    },
    {
      "type": "Feature",
      "properties": {
        "fid": 560,
        "GID": 1626,
        "TERRIT_P": "PT_OUEST",
        "GO_DESCRITION": "accessiblité arrêt de bus",
        "GPOLE_SUIVI_OPE_AMENAGEMENT_EP_COMMUNES": "Parempuyre",
        "GPOLE_SUIVI_OPE_AMENAGEMENT_EP_LIBELLE_PROJET": "PAREM-055...MOBILITES_Arrêts de bus Gare de Parempuyre et Crébadin (rue des Chênes)",
        "GPOLE_SUIVI_OPE_AMENAGEMENT_EP_STATUT_PROJET": "A lancer",
        "GPOLE_SUIVI_OPE_AMENAGEMENT_EP_CHEF_DE_PROJET": "STAEFFEN-FERRER Thomas",
        "GPOLE_SUIVI_OPE_AMENAGEMENT_EP_DESCRIPTION_PROJET": null,
        "GPOLE_SUIVI_OPE_AMENAGEMENT_EP_TYPE_PROJET": "PRJ_ Mobilités",
        "GPOLE_SUIVI_OPE_AMENAGEMENT_EP_PROG_FIN_PRINC_SAU": "Mobilité",
        "GPOLE_SUIVI_OPE_AMENAGEMENT_EP_DEBUT_TRAVAUX": null,
        "GPOLE_SUIVI_OPE_AMENAGEMENT_EP_FIN_TRAVAUX": null
      },
      "geometry": {
        "type": "MultiLineString",
        "coordinates": [
          [
            [
              -0.616580768796161,
              44.94838449382116
            ],
            [
              -0.616560999116957,
              44.94838381338699
            ],
            [
              -0.616563160702236,
              44.94836590708026
            ],
            [
              -0.616582691322096,
              44.9483669686602
            ],
            [
              -0.616580768796161,
              44.94838449382116
            ]
          ]
        ]
      }
    },
    {
      "type": "Feature",
      "properties": {
        "fid": 561,
        "GID": 1742,
        "TERRIT_P": "PT_OUEST",
        "GO_DESCRITION": "amgt général",
        "GPOLE_SUIVI_OPE_AMENAGEMENT_EP_COMMUNES": "Le Haillan",
        "GPOLE_SUIVI_OPE_AMENAGEMENT_EP_LIBELLE_PROJET": "HAILL-005 ... Avenue de la République + Carrefour Hustin/République",
        "GPOLE_SUIVI_OPE_AMENAGEMENT_EP_STATUT_PROJET": "Exécution",
        "GPOLE_SUIVI_OPE_AMENAGEMENT_EP_CHEF_DE_PROJET": "LEFEVRE Coralie",
        "GPOLE_SUIVI_OPE_AMENAGEMENT_EP_DESCRIPTION_PROJET": "Résorption discontinuité cyclable, aménagements cyclables à réaliser + Transformation d'un carrefour en \"croix\" en minigiratoire et sécurisation de la sortie d'une nouvelle résidence",
        "GPOLE_SUIVI_OPE_AMENAGEMENT_EP_TYPE_PROJET": "Amgt EspPublic _ Géné",
        "GPOLE_SUIVI_OPE_AMENAGEMENT_EP_PROG_FIN_PRINC_SAU": "FIC",
        "GPOLE_SUIVI_OPE_AMENAGEMENT_EP_DEBUT_TRAVAUX": 2025,
        "GPOLE_SUIVI_OPE_AMENAGEMENT_EP_FIN_TRAVAUX": 2026
      },
      "geometry": {
        "type": "MultiLineString",
        "coordinates": [
          [
            [
              -0.685135461722249,
              44.87374040385361
            ],
            [
              -0.684957036769863,
              44.87371935032987
            ],
            [
              -0.684228005885637,
              44.873655286235284
            ],
            [
              -0.683552364889281,
              44.87359597665373
            ],
            [
              -0.683086702553144,
              44.873535457051815
            ],
            [
              -0.682958367919032,
              44.873480061153174
            ],
            [
              -0.682720612685379,
              44.87338370157018
            ],
            [
              -0.68235282379808,
              44.87323506282947
            ],
            [
              -0.681640226516476,
              44.87290082450953
            ],
            [
              -0.68145395783511,
              44.87282182386106
            ]
          ]
        ]
      }
    },
    {
      "type": "Feature",
      "properties": {
        "fid": 562,
        "GID": 1761,
        "TERRIT_P": "PT_OUEST",
        "GO_DESCRITION": "amgt général",
        "GPOLE_SUIVI_OPE_AMENAGEMENT_EP_COMMUNES": "Eysines",
        "GPOLE_SUIVI_OPE_AMENAGEMENT_EP_LIBELLE_PROJET": "EYSIN-075...ZAC Carès Cantinolle",
        "GPOLE_SUIVI_OPE_AMENAGEMENT_EP_STATUT_PROJET": "Exécution",
        "GPOLE_SUIVI_OPE_AMENAGEMENT_EP_CHEF_DE_PROJET": "FALGERE Eric",
        "GPOLE_SUIVI_OPE_AMENAGEMENT_EP_DESCRIPTION_PROJET": null,
        "GPOLE_SUIVI_OPE_AMENAGEMENT_EP_TYPE_PROJET": null,
        "GPOLE_SUIVI_OPE_AMENAGEMENT_EP_PROG_FIN_PRINC_SAU": "Autres",
        "GPOLE_SUIVI_OPE_AMENAGEMENT_EP_DEBUT_TRAVAUX": null,
        "GPOLE_SUIVI_OPE_AMENAGEMENT_EP_FIN_TRAVAUX": null
      },
      "geometry": {
        "type": "MultiLineString",
        "coordinates": [
          [
            [
              -0.665162477157932,
              44.89249111830904
            ],
            [
              -0.665639058688311,
              44.89258038499693
            ],
            [
              -0.665641640074662,
              44.892554898536865
            ],
            [
              -0.665636312826914,
              44.89250426326701
            ],
            [
              -0.665623828801493,
              44.892473284373416
            ],
            [
              -0.665605050971867,
              44.89244250805284
            ],
            [
              -0.665580264494117,
              44.892416408002745
            ],
            [
              -0.665551377058227,
              44.89239193423336
            ],
            [
              -0.665533738956547,
              44.892379052978946
            ],
            [
              -0.665518293923114,
              44.89236759542979
            ],
            [
              -0.665505421386178,
              44.89236352673699
            ],
            [
              -0.665948714336853,
              44.89117566034209
            ],
            [
              -0.666440933058339,
              44.89128429450619
            ],
            [
              -0.66675025250087,
              44.89136324961395
            ],
            [
              -0.667133870878443,
              44.89146899782464
            ],
            [
              -0.667302765510194,
              44.89143897241519
            ],
            [
              -0.667190613905624,
              44.891264597748155
            ],
            [
              -0.667020157785426,
              44.89099460809406
            ],
            [
              -0.666892680040136,
              44.89079796273218
            ],
            [
              -0.666835701976455,
              44.89071839584045
            ],
            [
              -0.666805019269983,
              44.89067604838269
            ],
            [
              -0.666792269836315,
              44.890657406267195
            ],
            [
              -0.666742581330665,
              44.89059101439118
            ],
            [
              -0.666724820847925,
              44.89056795724147
            ],
            [
              -0.666701743201156,
              44.89053961523753
            ],
            [
              -0.666663134970859,
              44.89049453422397
            ],
            [
              -0.666653175392757,
              44.890482752629005
            ],
            [
              -0.666638124358126,
              44.890469227904745
            ],
            [
              -0.666604275804218,
              44.89043844941787
            ],
            [
              -0.66649745142997,
              44.89036754320707
            ],
            [
              -0.666535322361649,
              44.89036186458211
            ],
            [
              -0.666480147679371,
              44.89013984597522
            ],
            [
              -0.66637202072339,
              44.889702878636236
            ],
            [
              -0.666406608905727,
              44.88970102515201
            ],
            [
              -0.666511099477909,
              44.88969549263278
            ],
            [
              -0.666592009101239,
              44.889691438235225
            ],
            [
              -0.666682476946869,
              44.88968810810314
            ],
            [
              -0.666849139654593,
              44.88968219661969
            ],
            [
              -0.666924731680152,
              44.88968293854244
            ],
            [
              -0.667000957632519,
              44.889683216381954
            ],
            [
              -0.667056888840961,
              44.889683657221106
            ],
            [
              -0.667182616373259,
              44.88968460609527
            ],
            [
              -0.667215523649024,
              44.88968505963454
            ],
            [
              -0.667300337354559,
              44.88970268905846
            ],
            [
              -0.667360063295006,
              44.88971010557559
            ],
            [
              -0.667407519917158,
              44.88971053891415
            ],
            [
              -0.667627442151965,
              44.889687674111414
            ],
            [
              -0.66782571822249,
              44.88966737379685
            ],
            [
              -0.667988467977888,
              44.889650365251036
            ],
            [
              -0.668164031061314,
              44.889632383461766
            ],
            [
              -0.668168629011334,
              44.88956228264113
            ],
            [
              -0.668137011412743,
              44.88943393960847
            ],
            [
              -0.668131902866601,
              44.88941150257461
            ],
            [
              -0.668117794031092,
              44.88937586115593
            ],
            [
              -0.668099207560823,
              44.88931819864448
            ],
            [
              -0.668093446767913,
              44.88930305007493
            ],
            [
              -0.66808861131145,
              44.88929155147069
            ],
            [
              -0.668020206442692,
              44.889205195954176
            ],
            [
              -0.667985483426365,
              44.88916129780931
            ],
            [
              -0.667853465262268,
              44.889017079256014
            ],
            [
              -0.667750835833045,
              44.8890012847778
            ],
            [
              -0.667685357198701,
              44.88899120517721
            ],
            [
              -0.667610325706333,
              44.88897965863448
            ],
            [
              -0.667539936601358,
              44.8889688031195
            ],
            [
              -0.667499338397089,
              44.8889625920386
            ],
            [
              -0.667461526200519,
              44.8889568049089
            ],
            [
              -0.667409247672953,
              44.88894872840144
            ],
            [
              -0.667359829615914,
              44.888941213537436
            ],
            [
              -0.667296937490442,
              44.888931517414065
            ],
            [
              -0.667251890685271,
              44.88892456222406
            ],
            [
              -0.667206051281415,
              44.888917539139904
            ],
            [
              -0.667152515387193,
              44.88890931620867
            ],
            [
              -0.66704989525009,
              44.88889366090229
            ],
            [
              -0.66698421128884,
              44.888883447421776
            ],
            [
              -0.666911176437502,
              44.88887230312106
            ],
            [
              -0.666833490377929,
              44.88886032786156
            ],
            [
              -0.666740944721891,
              44.888846075763944
            ],
            [
              -0.666665055453103,
              44.88883446282671
            ],
            [
              -0.666454887968459,
              44.888800041053784
            ],
            [
              -0.666278566703613,
              44.8887710204084
            ],
            [
              -0.666175345427518,
              44.88875416954609
            ],
            [
              -0.666066543340155,
              44.8887363307814
            ],
            [
              -0.665970488269082,
              44.88872060331097
            ],
            [
              -0.665872109124742,
              44.88870448358955
            ],
            [
              -0.665794301555531,
              44.88869162429747
            ],
            [
              -0.665699569622076,
              44.88867604081285
            ],
            [
              -0.665644005175621,
              44.88866690182464
            ],
            [
              -0.66556006596607,
              44.88865162465255
            ],
            [
              -0.665519528078738,
              44.88864429019902
            ],
            [
              -0.665474532701793,
              44.88863607183916
            ],
            [
              -0.665398042626339,
              44.8886222359369
            ],
            [
              -0.665383395738289,
              44.888672813545
            ],
            [
              -0.665368838104411,
              44.88872376185487
            ],
            [
              -0.665346559171497,
              44.888799941719796
            ],
            [
              -0.665331253125707,
              44.888852548517264
            ],
            [
              -0.665314900302421,
              44.88890831771743
            ],
            [
              -0.665305087675522,
              44.888943002733434
            ],
            [
              -0.665291771159405,
              44.88898765364762
            ],
            [
              -0.665283560190511,
              44.88901654334903
            ],
            [
              -0.665271430384643,
              44.88905816743628
            ],
            [
              -0.665262104124736,
              44.88909017504265
            ],
            [
              -0.665251283547201,
              44.8891276009353
            ],
            [
              -0.665246284804159,
              44.88914503980754
            ],
            [
              -0.665239642820152,
              44.88916762157205
            ],
            [
              -0.665235529753386,
              44.88918246359184
            ],
            [
              -0.665230229921099,
              44.88920033243026
            ],
            [
              -0.664608112572205,
              44.88911630769557
            ],
            [
              -0.664302122404519,
              44.88907480697198
            ],
            [
              -0.664142963791761,
              44.8890532519675
            ],
            [
              -0.66407121422828,
              44.889043523747866
            ],
            [
              -0.664032582759588,
              44.88903828894085
            ],
            [
              -0.664010755160424,
              44.88903532944761
            ],
            [
              -0.663992946755779,
              44.88903291425543
            ],
            [
              -0.663983744402199,
              44.889031663422536
            ],
            [
              -0.663974278341394,
              44.889030397722664
            ],
            [
              -0.663962748860168,
              44.88902883649276
            ],
            [
              -0.663951889066227,
              44.88902734711398
            ],
            [
              -0.663940144304309,
              44.88902575778372
            ],
            [
              -0.663932441472008,
              44.88902471554639
            ],
            [
              -0.663922874853527,
              44.889023418054464
            ],
            [
              -0.663913068000648,
              44.889022087429545
            ],
            [
              -0.663900263591129,
              44.889020362903125
            ],
            [
              -0.663891193094193,
              44.88901911949585
            ],
            [
              -0.663827074988921,
              44.889010535534545
            ],
            [
              -0.663785989337071,
              44.88900646354835
            ],
            [
              -0.663721368499825,
              44.88900004319011
            ],
            [
              -0.663620188223181,
              44.888989965535096
            ],
            [
              -0.663574704564067,
              44.888985427866416
            ],
            [
              -0.66355951295056,
              44.88904347092234
            ],
            [
              -0.663553712168718,
              44.88906586207015
            ],
            [
              -0.663547210273168,
              44.88909117099892
            ],
            [
              -0.663540821838423,
              44.88911568242616
            ],
            [
              -0.663534937533493,
              44.88913830974404
            ],
            [
              -0.663527949428984,
              44.88916526871353
            ],
            [
              -0.66351856134335,
              44.889201480897775
            ],
            [
              -0.663502597005434,
              44.889262350632364
            ],
            [
              -0.663488905124118,
              44.88931508569271
            ],
            [
              -0.663480945922021,
              44.889345881722456
            ],
            [
              -0.663461987779506,
              44.88941854541627
            ],
            [
              -0.66345018611973,
              44.88946431477108
            ],
            [
              -0.663441045649883,
              44.889499258153776
            ],
            [
              -0.663431036885668,
              44.88953810533681
            ],
            [
              -0.66342099250123,
              44.88957639329595
            ],
            [
              -0.663410631889465,
              44.88961590555638
            ],
            [
              -0.663408555367814,
              44.88962456464613
            ],
            [
              -0.663399933962202,
              44.88965734325152
            ],
            [
              -0.663004796627804,
              44.88960036317726
            ],
            [
              -0.662854326181347,
              44.889566312516614
            ],
            [
              -0.662743821520495,
              44.88953101382961
            ],
            [
              -0.662661107940671,
              44.88951125885035
            ],
            [
              -0.662641371019111,
              44.88950666340763
            ],
            [
              -0.662590862590246,
              44.88948923501239
            ],
            [
              -0.662495614775205,
              44.889454192679864
            ],
            [
              -0.662294034939256,
              44.88938334342214
            ],
            [
              -0.662282618180475,
              44.88937735965822
            ],
            [
              -0.661992274808906,
              44.88919990542202
            ],
            [
              -0.661862814981565,
              44.889106189949665
            ],
            [
              -0.661746558853533,
              44.889021762955615
            ],
            [
              -0.66142925127482,
              44.88879212607966
            ],
            [
              -0.661391528440626,
              44.888752618676925
            ],
            [
              -0.661285759991089,
              44.88867607282997
            ],
            [
              -0.66115177482144,
              44.88857727199226
            ],
            [
              -0.660922370929641,
              44.88840846601647
            ],
            [
              -0.660800505980692,
              44.88831990087909
            ],
            [
              -0.660742600195945,
              44.888277025984706
            ],
            [
              -0.660672319609096,
              44.88822548951129
            ],
            [
              -0.66053314695033,
              44.88812358594367
            ],
            [
              -0.660461264487223,
              44.88806957917672
            ],
            [
              -0.660257034024726,
              44.88791206959417
            ],
            [
              -0.660315798614205,
              44.88790175431879
            ],
            [
              -0.660360413459951,
              44.88786062559071
            ],
            [
              -0.660378376492241,
              44.88783578910851
            ],
            [
              -0.660394470302841,
              44.88781358104265
            ],
            [
              -0.660436676899511,
              44.887754623608785
            ],
            [
              -0.660460199727214,
              44.887718751635674
            ],
            [
              -0.660548784129366,
              44.88758795398188
            ],
            [
              -0.660592135830429,
              44.88752921685235
            ],
            [
              -0.660606444950034,
              44.88750923719699
            ],
            [
              -0.660632246979142,
              44.88748235118776
            ],
            [
              -0.660677344061113,
              44.88744036829928
            ],
            [
              -0.660704615084859,
              44.88742090631379
            ],
            [
              -0.660737209499069,
              44.887397537826736
            ],
            [
              -0.660767197572745,
              44.887378268317576
            ],
            [
              -0.660805103986711,
              44.88736490871617
            ],
            [
              -0.660835411316285,
              44.887353941408705
            ],
            [
              -0.660844612717392,
              44.887350664056875
            ],
            [
              -0.66088394969276,
              44.887340690692604
            ],
            [
              -0.660921931367374,
              44.887332388270075
            ],
            [
              -0.660941200733981,
              44.88733042171216
            ],
            [
              -0.660965233009133,
              44.88732799852746
            ],
            [
              -0.660992343802566,
              44.88732732362214
            ],
            [
              -0.661018021903798,
              44.887326581969
            ],
            [
              -0.661054369201237,
              44.88732757147763
            ],
            [
              -0.661075645942499,
              44.88732785850361
            ],
            [
              -0.661093828163065,
              44.88732764765173
            ],
            [
              -0.661134666683673,
              44.887331471673164
            ],
            [
              -0.661168923463174,
              44.887334059628046
            ],
            [
              -0.661173616344165,
              44.8873345158443
            ],
            [
              -0.661301919776212,
              44.887359294911434
            ],
            [
              -0.661353108447256,
              44.88736909728737
            ],
            [
              -0.661381525239291,
              44.88737759369475
            ],
            [
              -0.661530142597728,
              44.88740905329607
            ],
            [
              -0.661685684494168,
              44.88744197123099
            ],
            [
              -0.661709581819166,
              44.88744176333921
            ],
            [
              -0.661747521629272,
              44.88743512674782
            ],
            [
              -0.661779827105012,
              44.88741839788503
            ],
            [
              -0.661800357827964,
              44.887398311767264
            ],
            [
              -0.661811328852324,
              44.887380774469044
            ],
            [
              -0.661820665904612,
              44.88736646510976
            ],
            [
              -0.661841477335406,
              44.887326009949795
            ],
            [
              -0.661848870822187,
              44.88731419132284
            ],
            [
              -0.661890778156793,
              44.88723775478631
            ],
            [
              -0.661906043415555,
              44.88720924562489
            ],
            [
              -0.661908834228243,
              44.88720355223971
            ],
            [
              -0.661974811243472,
              44.88710897040622
            ],
            [
              -0.662042912135019,
              44.88700647512389
            ],
            [
              -0.662077935572962,
              44.886949872681235
            ],
            [
              -0.662101267388117,
              44.88692838891606
            ],
            [
              -0.662172704225123,
              44.88686594594606
            ],
            [
              -0.662230109239062,
              44.88681422749478
            ],
            [
              -0.662243400940889,
              44.88680330838582
            ],
            [
              -0.662254185691935,
              44.88680295461528
            ],
            [
              -0.662272785829841,
              44.88677761866267
            ],
            [
              -0.662303256328279,
              44.886736599494185
            ],
            [
              -0.66231098077328,
              44.886737728692836
            ],
            [
              -0.662345111291956,
              44.886705554227326
            ],
            [
              -0.662354402948699,
              44.886696990016155
            ],
            [
              -0.662364635154195,
              44.88668746163818
            ],
            [
              -0.662383420368239,
              44.88666885579825
            ],
            [
              -0.662402779481165,
              44.88664971785615
            ],
            [
              -0.662432704541164,
              44.88662036365479
            ],
            [
              -0.662441692282413,
              44.886611669117016
            ],
            [
              -0.662450795225277,
              44.88660194355593
            ],
            [
              -0.662458449578486,
              44.886593712187626
            ],
            [
              -0.662488359149492,
              44.88656179014485
            ],
            [
              -0.662525070197764,
              44.88652269143753
            ],
            [
              -0.662572268038791,
              44.88647470991564
            ],
            [
              -0.662596664266814,
              44.88644982960642
            ],
            [
              -0.662617212482779,
              44.886428995605804
            ],
            [
              -0.662629981359507,
              44.88641597672664
            ],
            [
              -0.662637997688973,
              44.88640775705565
            ],
            [
              -0.662659284061408,
              44.88638458779057
            ],
            [
              -0.662670276744134,
              44.88637255996807
            ],
            [
              -0.662751766276074,
              44.88628385295845
            ],
            [
              -0.662762043293489,
              44.88627348254587
            ],
            [
              -0.662825736457586,
              44.88620963037881
            ],
            [
              -0.662843017941073,
              44.88619165652644
            ],
            [
              -0.662854117539462,
              44.88617857455571
            ],
            [
              -0.662885969386005,
              44.88614131310869
            ],
            [
              -0.662902764486041,
              44.886125502964205
            ],
            [
              -0.662905547699889,
              44.886122814749996
            ],
            [
              -0.662930583125733,
              44.886091854826084
            ],
            [
              -0.662941533948394,
              44.8860750418449
            ],
            [
              -0.662945678988335,
              44.88606895463213
            ],
            [
              -0.662955484345127,
              44.88605633455026
            ],
            [
              -0.66296210344514,
              44.886042159180455
            ],
            [
              -0.662970575657569,
              44.886018911632334
            ],
            [
              -0.662981224051658,
              44.885992185194276
            ],
            [
              -0.662988496796848,
              44.885974346411885
            ],
            [
              -0.663018673961849,
              44.88589837090598
            ],
            [
              -0.663086209225737,
              44.88573171222938
            ],
            [
              -0.663113749913061,
              44.88566419150636
            ],
            [
              -0.663166166326863,
              44.8855485642205
            ],
            [
              -0.663178684124441,
              44.88552375993409
            ],
            [
              -0.663102161649359,
              44.88550939133122
            ],
            [
              -0.66294215772037,
              44.88549609176159
            ],
            [
              -0.662909370784478,
              44.88549387737993
            ],
            [
              -0.662811563218025,
              44.885486885042404
            ],
            [
              -0.66273635820069,
              44.88548594133492
            ],
            [
              -0.66268408771743,
              44.885479797917064
            ],
            [
              -0.662665953291204,
              44.885481525166895
            ],
            [
              -0.662634209091105,
              44.88548460066835
            ],
            [
              -0.662614476052101,
              44.88548649606026
            ],
            [
              -0.662588638360612,
              44.88548897300862
            ],
            [
              -0.662567863155823,
              44.88549100697368
            ],
            [
              -0.662548506295564,
              44.885492878581964
            ],
            [
              -0.662527647667353,
              44.885494891873556
            ],
            [
              -0.662504909364844,
              44.88549781783042
            ],
            [
              -0.662481011960319,
              44.885500851101696
            ],
            [
              -0.662452667309117,
              44.885504447648984
            ],
            [
              -0.662432208495909,
              44.88550706680676
            ],
            [
              -0.662416912807843,
              44.88550901794021
            ],
            [
              -0.662396844340285,
              44.885511577842145
            ],
            [
              -0.66238014521066,
              44.88551366749374
            ],
            [
              -0.662398515095218,
              44.88544646893433
            ],
            [
              -0.662345997137701,
              44.88543760074087
            ],
            [
              -0.662228106281074,
              44.88541822961151
            ],
            [
              -0.662111646878868,
              44.885398705900116
            ],
            [
              -0.661992301029039,
              44.885379114140946
            ],
            [
              -0.661851027757328,
              44.88535563787331
            ],
            [
              -0.661869621017642,
              44.88524913921256
            ],
            [
              -0.661675513247937,
              44.88521345671681
            ],
            [
              -0.66144984014989,
              44.885171999436956
            ],
            [
              -0.661306965802768,
              44.88514502500432
            ],
            [
              -0.661349386733513,
              44.88504626614672
            ],
            [
              -0.661368383853774,
              44.884998965592985
            ],
            [
              -0.661155718326125,
              44.884968389776354
            ],
            [
              -0.661011661128544,
              44.88494759370747
            ],
            [
              -0.660976192462069,
              44.88494245300745
            ],
            [
              -0.660814208120105,
              44.88491915091223
            ],
            [
              -0.660835049729408,
              44.884874515715595
            ],
            [
              -0.660860896752638,
              44.884728839163785
            ],
            [
              -0.66086945131866,
              44.884680022383826
            ],
            [
              -0.660881560027796,
              44.88461066130669
            ],
            [
              -0.660886031990493,
              44.88458544113086
            ],
            [
              -0.660916434177816,
              44.88455843018698
            ],
            [
              -0.66093697552864,
              44.884540071658954
            ],
            [
              -0.660946954094954,
              44.88453120531465
            ],
            [
              -0.660949290744129,
              44.88452921561955
            ],
            [
              -0.660881524710012,
              44.88453237460423
            ],
            [
              -0.66081488389587,
              44.8845393029252
            ],
            [
              -0.660666190263305,
              44.88455479930738
            ],
            [
              -0.660740465630009,
              44.88462171077265
            ],
            [
              -0.660726961094703,
              44.88468850150125
            ],
            [
              -0.660708602591699,
              44.884779404079296
            ],
            [
              -0.660703925522868,
              44.884802949736475
            ],
            [
              -0.660701961566782,
              44.88481286598479
            ],
            [
              -0.660675067217343,
              44.88491466653271
            ],
            [
              -0.660671646718221,
              44.88492750147443
            ],
            [
              -0.660670978289046,
              44.88493041818767
            ],
            [
              -0.660668847616075,
              44.88493507846241
            ],
            [
              -0.660625613042959,
              44.8850289131576
            ],
            [
              -0.660575598138164,
              44.88513903585902
            ],
            [
              -0.6605278186384,
              44.885238822503304
            ],
            [
              -0.66048287169666,
              44.88533781749837
            ],
            [
              -0.660478122432803,
              44.885345768577146
            ],
            [
              -0.660409638148661,
              44.885438001970236
            ],
            [
              -0.66038762777058,
              44.88546373905939
            ],
            [
              -0.660221499295439,
              44.88569397192499
            ],
            [
              -0.660137148719211,
              44.88580539377885
            ],
            [
              -0.660032167780961,
              44.885947738336725
            ],
            [
              -0.659968704309677,
              44.886040557110746
            ],
            [
              -0.659947025364937,
              44.88607151355531
            ],
            [
              -0.659931307628091,
              44.88609704834489
            ],
            [
              -0.659897703243759,
              44.88614706686229
            ],
            [
              -0.659875188733742,
              44.88618141233017
            ],
            [
              -0.659812821039835,
              44.886274942950585
            ],
            [
              -0.659784653248339,
              44.88631955665646
            ],
            [
              -0.659581051037109,
              44.886632432450945
            ],
            [
              -0.659485847315871,
              44.88677645365478
            ],
            [
              -0.659461225973873,
              44.88681410539662
            ],
            [
              -0.659334402007684,
              44.88696835827139
            ],
            [
              -0.659275066790971,
              44.88704348580833
            ],
            [
              -0.659243259490403,
              44.88708535118765
            ],
            [
              -0.659135766106408,
              44.88720890978116
            ],
            [
              -0.659040243625161,
              44.887223185809304
            ],
            [
              -0.658983413705953,
              44.88736591349973
            ],
            [
              -0.658993498204712,
              44.887446779409565
            ],
            [
              -0.658879827356662,
              44.88758815758628
            ],
            [
              -0.658724212727341,
              44.88771942556178
            ],
            [
              -0.658700461571961,
              44.88774260315134
            ],
            [
              -0.658623136229054,
              44.88775044052518
            ],
            [
              -0.658537623638097,
              44.88780984754299
            ],
            [
              -0.658534837398139,
              44.887865226514265
            ],
            [
              -0.658208547236348,
              44.888105830217256
            ],
            [
              -0.658238336295894,
              44.8881163910852
            ],
            [
              -0.658106174297199,
              44.88821982051908
            ],
            [
              -0.657996560663152,
              44.888297682736265
            ],
            [
              -0.657961515247772,
              44.88828710382704
            ],
            [
              -0.657878874909802,
              44.88835189511524
            ],
            [
              -0.657806234875663,
              44.88840715237093
            ],
            [
              -0.657680468112909,
              44.88850057341529
            ],
            [
              -0.657627592144827,
              44.88854017779327
            ],
            [
              -0.657611444952544,
              44.88854916016748
            ],
            [
              -0.657600158781705,
              44.888555558193126
            ],
            [
              -0.657585337808365,
              44.888563960959395
            ],
            [
              -0.657570680695894,
              44.88857054894677
            ],
            [
              -0.657554424664022,
              44.888577818687565
            ],
            [
              -0.657539032900945,
              44.88858473379358
            ],
            [
              -0.657532645378088,
              44.88858758896746
            ],
            [
              -0.657507844161507,
              44.888596580705844
            ],
            [
              -0.657491503719068,
              44.88860252227851
            ],
            [
              -0.657469267777049,
              44.88860665685196
            ],
            [
              -0.657451900396306,
              44.88860987626166
            ],
            [
              -0.657431501798785,
              44.88861320467459
            ],
            [
              -0.657410543755079,
              44.888616516025465
            ],
            [
              -0.657379426023201,
              44.88861836742919
            ],
            [
              -0.657339737197113,
              44.88862153304697
            ],
            [
              -0.657304801267032,
              44.888624289206895
            ],
            [
              -0.657279327884635,
              44.8886263212527
            ],
            [
              -0.657227986005288,
              44.888620031244784
            ],
            [
              -0.657188889652949,
              44.88861520424872
            ],
            [
              -0.657155768190646,
              44.888611107668154
            ],
            [
              -0.657124470244034,
              44.88860727941089
            ],
            [
              -0.657096764234615,
              44.88860389618416
            ],
            [
              -0.656932991845647,
              44.88858406626772
            ],
            [
              -0.656928027430662,
              44.888596250898765
            ],
            [
              -0.656784749569175,
              44.88857514046357
            ],
            [
              -0.656700630857553,
              44.888561128103376
            ],
            [
              -0.656654026658996,
              44.88855547959576
            ],
            [
              -0.656647217717781,
              44.88857031438756
            ],
            [
              -0.656423385151703,
              44.888569116697305
            ],
            [
              -0.656150700343049,
              44.88857002476479
            ],
            [
              -0.656069817191145,
              44.8885707531065
            ],
            [
              -0.655952699909816,
              44.88857189724885
            ],
            [
              -0.656060355550474,
              44.88867827338208
            ],
            [
              -0.656165803696311,
              44.88866666169528
            ],
            [
              -0.656347187666058,
              44.88865188176907
            ],
            [
              -0.656361371411471,
              44.888651800031255
            ],
            [
              -0.656433244278564,
              44.88864986643549
            ],
            [
              -0.656543970194212,
              44.88865565136823
            ],
            [
              -0.656860509362626,
              44.88867500191563
            ],
            [
              -0.657150971869435,
              44.8886892116177
            ],
            [
              -0.657291520305187,
              44.88869291757342
            ],
            [
              -0.657395692444504,
              44.88869480276569
            ],
            [
              -0.657445562299056,
              44.88869394860748
            ],
            [
              -0.657506377721866,
              44.888683403529654
            ],
            [
              -0.657540104870049,
              44.88869315426727
            ],
            [
              -0.657879978758295,
              44.88878198524606
            ],
            [
              -0.658203501015635,
              44.888869846090785
            ],
            [
              -0.658297581031532,
              44.88889484283506
            ],
            [
              -0.658338149969162,
              44.88890474717165
            ],
            [
              -0.65849957591111,
              44.88892272421746
            ],
            [
              -0.658638714456447,
              44.88893730754618
            ],
            [
              -0.658746172838788,
              44.88894954612495
            ],
            [
              -0.659112862702309,
              44.88898894707521
            ],
            [
              -0.659511728137476,
              44.88904673916281
            ],
            [
              -0.65986175235492,
              44.889096759771924
            ],
            [
              -0.660035668376693,
              44.889121057753286
            ],
            [
              -0.660331129762862,
              44.88916423787674
            ],
            [
              -0.660469958256163,
              44.88918219118786
            ],
            [
              -0.660648713426902,
              44.88920820062194
            ],
            [
              -0.660963245679191,
              44.889253754868015
            ],
            [
              -0.661202811156359,
              44.889285654076254
            ],
            [
              -0.661286051132685,
              44.88929717444676
            ],
            [
              -0.661678437679638,
              44.88935217870841
            ],
            [
              -0.661888945601477,
              44.889381648404246
            ],
            [
              -0.661974673211685,
              44.8893924733945
            ],
            [
              -0.662133970139106,
              44.88941673241034
            ],
            [
              -0.662153588390065,
              44.88941946386774
            ],
            [
              -0.662173182864319,
              44.88942182249665
            ],
            [
              -0.662208197317144,
              44.8894352662961
            ],
            [
              -0.662352994053912,
              44.88950569999053
            ],
            [
              -0.662435109353022,
              44.88953257240392
            ],
            [
              -0.662499728011001,
              44.88955701870423
            ],
            [
              -0.66265959979267,
              44.88960006965873
            ],
            [
              -0.662789008598312,
              44.88963513411869
            ],
            [
              -0.662980369318698,
              44.889685764375415
            ],
            [
              -0.663000654467603,
              44.88969071572181
            ],
            [
              -0.66327180627909,
              44.88973168150143
            ],
            [
              -0.663410254984222,
              44.88975188499505
            ],
            [
              -0.663532929960254,
              44.889747192304284
            ],
            [
              -0.663712402551333,
              44.889776162595105
            ],
            [
              -0.663901595529313,
              44.88982574032048
            ],
            [
              -0.663956611162913,
              44.88983966096777
            ],
            [
              -0.663957821483597,
              44.889858674548094
            ],
            [
              -0.663632074953748,
              44.89065919591957
            ],
            [
              -0.663753334087522,
              44.8906817449278
            ],
            [
              -0.663753334087522,
              44.8906817449278
            ],
            [
              -0.663753334087522,
              44.8906817449278
            ],
            [
              -0.663753334087522,
              44.8906817449278
            ],
            [
              -0.663830945129503,
              44.89071212350943
            ],
            [
              -0.663971112027338,
              44.890734512756694
            ],
            [
              -0.66407771370436,
              44.89075798137641
            ],
            [
              -0.664218450407943,
              44.89078931766313
            ],
            [
              -0.664359187736073,
              44.89082065392492
            ],
            [
              -0.664512891364532,
              44.89085755007328
            ],
            [
              -0.66490935947911,
              44.89094341926334
            ],
            [
              -0.664607448267802,
              44.89168235819968
            ],
            [
              -0.664509163524838,
              44.89192162173807
            ],
            [
              -0.664441952271565,
              44.892100860218775
            ],
            [
              -0.664766394496898,
              44.89197984336012
            ],
            [
              -0.665311813372738,
              44.89209379411532
            ],
            [
              -0.665161818596141,
              44.89249155057235
            ]
          ]
        ]
      }
    },
    {
      "type": "Feature",
      "properties": {
        "fid": 563,
        "GID": 1781,
        "TERRIT_P": "PT_OUEST",
        "GO_DESCRITION": "amgt carref",
        "GPOLE_SUIVI_OPE_AMENAGEMENT_EP_COMMUNES": "Le Haillan",
        "GPOLE_SUIVI_OPE_AMENAGEMENT_EP_LIBELLE_PROJET": "HAILL-070...Carrefour Bernède",
        "GPOLE_SUIVI_OPE_AMENAGEMENT_EP_STATUT_PROJET": "A lancer",
        "GPOLE_SUIVI_OPE_AMENAGEMENT_EP_CHEF_DE_PROJET": "LEFEVRE Coralie",
        "GPOLE_SUIVI_OPE_AMENAGEMENT_EP_DESCRIPTION_PROJET": "Réaménagement du carrefour",
        "GPOLE_SUIVI_OPE_AMENAGEMENT_EP_TYPE_PROJET": "Amgt EspPublic _ Géné",
        "GPOLE_SUIVI_OPE_AMENAGEMENT_EP_PROG_FIN_PRINC_SAU": "CODEV",
        "GPOLE_SUIVI_OPE_AMENAGEMENT_EP_DEBUT_TRAVAUX": null,
        "GPOLE_SUIVI_OPE_AMENAGEMENT_EP_FIN_TRAVAUX": null
      },
      "geometry": {
        "type": "MultiLineString",
        "coordinates": [
          [
            [
              -0.677310566883782,
              44.87807585634773
            ],
            [
              -0.677278473043448,
              44.878096150236495
            ],
            [
              -0.677245923644982,
              44.8781098627559
            ],
            [
              -0.677197048877527,
              44.878122199897106
            ],
            [
              -0.677154056505041,
              44.87812533453123
            ],
            [
              -0.677106898159233,
              44.87812181472957
            ],
            [
              -0.677076397676875,
              44.87811533664849
            ],
            [
              -0.677047342956506,
              44.878105668717765
            ],
            [
              -0.677020319647449,
              44.87809302734594
            ],
            [
              -0.677007730303506,
              44.878085651569045
            ],
            [
              -0.676984696560006,
              44.87806901545476
            ],
            [
              -0.676974366185481,
              44.87805981866956
            ],
            [
              -0.676956312908022,
              44.87803989539015
            ],
            [
              -0.676942065669136,
              44.87801826923611
            ],
            [
              -0.676931893746791,
              44.87799536853188
            ],
            [
              -0.676928390702127,
              44.877983564521074
            ],
            [
              -0.676924658589266,
              44.877959565049
            ],
            [
              -0.676925317128013,
              44.87793544062244
            ],
            [
              -0.676927297844837,
              44.877923409129934
            ],
            [
              -0.676930372218846,
              44.877911628067686
            ],
            [
              -0.676934510802711,
              44.87789998072805
            ],
            [
              -0.676945942607142,
              44.87787752545932
            ],
            [
              -0.676953176411125,
              44.87786682029857
            ],
            [
              -0.676961382895501,
              44.87785653755693
            ],
            [
              -0.676970498359179,
              44.87784671290748
            ],
            [
              -0.676980482120152,
              44.8778373980885
            ],
            [
              -0.676991315444461,
              44.87782864412984
            ],
            [
              -0.677002913754634,
              44.87782050418727
            ],
            [
              -0.677028213158563,
              44.877806156595625
            ],
            [
              -0.677041810941401,
              44.877800053131764
            ],
            [
              -0.677055916765026,
              44.87779467282974
            ],
            [
              -0.677085465718076,
              44.87778625582478
            ],
            [
              -0.677100756285105,
              44.87778324085576
            ],
            [
              -0.67713198097092,
              44.877779711384
            ],
            [
              -0.677147761456148,
              44.877779201841506
            ],
            [
              -0.677163553756843,
              44.87777956594941
            ],
            [
              -0.677179329497307,
              44.87778070377342
            ],
            [
              -0.677194941471893,
              44.877782720917736
            ],
            [
              -0.677225441791486,
              44.877789198967356
            ],
            [
              -0.677240197379335,
              44.87779364735153
            ],
            [
              -0.677281519604593,
              44.87781150816995
            ],
            [
              -0.677305990590174,
              44.877826887613494
            ],
            [
              -0.677317142656653,
              44.877835519969146
            ],
            [
              -0.677327473045679,
              44.877844716723594
            ],
            [
              -0.677345503370993,
              44.87786462387983
            ],
            [
              -0.677353110158268,
              44.877875253248234
            ],
            [
              -0.677365357079176,
              44.87789758266521
            ],
            [
              -0.677373426998389,
              44.87792097142124
            ],
            [
              -0.677375861112971,
              44.87793291078882
            ],
            [
              -0.677377401837513,
              44.8779570314401
            ],
            [
              -0.677374517107414,
              44.877981076486904
            ],
            [
              -0.677371446034709,
              44.877992907882344
            ],
            [
              -0.677362095171742,
              44.878015917910524
            ],
            [
              -0.677355874795681,
              44.87802699377458
            ],
            [
              -0.677340457624765,
              44.87804799779483
            ],
            [
              -0.677331342192329,
              44.878057822473586
            ],
            [
              -0.677327272440768,
              44.87806195310277
            ],
            [
              -0.67732133543034,
              44.87806712125805
            ],
            [
              -0.677317802588371,
              44.878070762754696
            ],
            [
              -0.677310566883782,
              44.87807585634773
            ]
          ]
        ]
      }
    },
    {
      "type": "Feature",
      "properties": {
        "fid": 564,
        "GID": 1881,
        "TERRIT_P": "PT_OUEST",
        "GO_DESCRITION": "amgt général",
        "GPOLE_SUIVI_OPE_AMENAGEMENT_EP_COMMUNES": "Parempuyre",
        "GPOLE_SUIVI_OPE_AMENAGEMENT_EP_LIBELLE_PROJET": "PAREM-057...Rue de Landegrand (tronçon 3)",
        "GPOLE_SUIVI_OPE_AMENAGEMENT_EP_STATUT_PROJET": "Conception",
        "GPOLE_SUIVI_OPE_AMENAGEMENT_EP_CHEF_DE_PROJET": "GOURAUD Simon",
        "GPOLE_SUIVI_OPE_AMENAGEMENT_EP_DESCRIPTION_PROJET": null,
        "GPOLE_SUIVI_OPE_AMENAGEMENT_EP_TYPE_PROJET": "Amgt EspPublic _ Géné",
        "GPOLE_SUIVI_OPE_AMENAGEMENT_EP_PROG_FIN_PRINC_SAU": "CODEV",
        "GPOLE_SUIVI_OPE_AMENAGEMENT_EP_DEBUT_TRAVAUX": 2027,
        "GPOLE_SUIVI_OPE_AMENAGEMENT_EP_FIN_TRAVAUX": 2027
      },
      "geometry": {
        "type": "MultiLineString",
        "coordinates": [
          [
            [
              -0.610199096951376,
              44.95461993418069
            ],
            [
              -0.610079061999593,
              44.95433673603264
            ],
            [
              -0.609754456819895,
              44.95371905686804
            ],
            [
              -0.609562610922754,
              44.9533851637693
            ],
            [
              -0.609359448285186,
              44.95309729967048
            ],
            [
              -0.609065110336893,
              44.95273926522672
            ],
            [
              -0.608941804423913,
              44.95263218790394
            ],
            [
              -0.608822881260178,
              44.95255046468137
            ],
            [
              -0.608530320770663,
              44.95236821085716
            ],
            [
              -0.608215064629691,
              44.95216388398982
            ],
            [
              -0.606460881364564,
              44.95110653514215
            ],
            [
              -0.606399819227032,
              44.95107286638374
            ],
            [
              -0.606315370100205,
              44.95106638498606
            ]
          ]
        ]
      }
    },
    {
      "type": "Feature",
      "properties": {
        "fid": 565,
        "GID": 1921,
        "TERRIT_P": "PT_OUEST",
        "GO_DESCRITION": "amgt général",
        "GPOLE_SUIVI_OPE_AMENAGEMENT_EP_COMMUNES": "Saint-Médard-en-Jalles",
        "GPOLE_SUIVI_OPE_AMENAGEMENT_EP_LIBELLE_PROJET": "StMED-078...Aménagement des abords de la Maison de la Petite Enfance",
        "GPOLE_SUIVI_OPE_AMENAGEMENT_EP_STATUT_PROJET": "Conception",
        "GPOLE_SUIVI_OPE_AMENAGEMENT_EP_CHEF_DE_PROJET": "BRUN-ROUDIER Jean",
        "GPOLE_SUIVI_OPE_AMENAGEMENT_EP_DESCRIPTION_PROJET": "L’enjeu de l’aménagement est de traiter les abords directs de la Maison de la Petite Enfance et d’assurer son accès pour les futurs usagers depuis l’allée du Preuilha, spécialement pour les modes actifs. \nLes objectifs de l’aménagement sont de :\n-\ttraiter le raccordement du parvis du bâtiment aux trottoirs à créer sur les façades Sud et Ouest,\n-\tsécuriser les abords de l’équipement,\n-\tassurer son accès pour les usagers depuis les voies adjacentes, par l’aménagement de trottoirs aux normes PMR et la création de traversées piétonnes et cycles.",
        "GPOLE_SUIVI_OPE_AMENAGEMENT_EP_TYPE_PROJET": "Amgt EspPublic _ Géné",
        "GPOLE_SUIVI_OPE_AMENAGEMENT_EP_PROG_FIN_PRINC_SAU": "FIC",
        "GPOLE_SUIVI_OPE_AMENAGEMENT_EP_DEBUT_TRAVAUX": 2026,
        "GPOLE_SUIVI_OPE_AMENAGEMENT_EP_FIN_TRAVAUX": 2026
      },
      "geometry": {
        "type": "MultiLineString",
        "coordinates": [
          [
            [
              -0.704954975974701,
              44.89551165362366
            ],
            [
              -0.704682236864637,
              44.89549850089422
            ],
            [
              -0.704787536275402,
              44.89474764119192
            ],
            [
              -0.704747718201517,
              44.894709597488784
            ],
            [
              -0.703562522098535,
              44.89462306009058
            ],
            [
              -0.703558906658247,
              44.89459627940166
            ],
            [
              -0.703559585711739,
              44.894577428559884
            ],
            [
              -0.703567471915674,
              44.8945529637507
            ],
            [
              -0.703578702592182,
              44.89452166564515
            ],
            [
              -0.703600064926254,
              44.8945007974264
            ],
            [
              -0.703619711826368,
              44.89448267480026
            ],
            [
              -0.703639531445998,
              44.89446723637826
            ],
            [
              -0.703665360966678,
              44.89445698219915
            ],
            [
              -0.703689215962748,
              44.894445447300384
            ],
            [
              -0.703720882644268,
              44.8944376931457
            ],
            [
              -0.703748945758592,
              44.894432745971955
            ],
            [
              -0.703773405310868,
              44.89443060578172
            ],
            [
              -0.703801900265562,
              44.89443236911345
            ],
            [
              -0.703847561293486,
              44.894436264112436
            ],
            [
              -0.703878462629918,
              44.89444601865422
            ],
            [
              -0.703901897755263,
              44.89445736086596
            ],
            [
              -0.703929195560131,
              44.89446992238837
            ],
            [
              -0.703948854406824,
              44.894481387378455
            ],
            [
              -0.703958986140012,
              44.89449181723464
            ],
            [
              -0.703969204250681,
              44.894503589193505
            ],
            [
              -0.703983285040092,
              44.89451658046516
            ],
            [
              -0.703997711333271,
              44.894534940149114
            ],
            [
              -0.703999772233049,
              44.89453756296092
            ],
            [
              -0.704043298189381,
              44.8945670806387
            ],
            [
              -0.704758080981814,
              44.89461915131808
            ],
            [
              -0.704813170482173,
              44.89459315121854
            ],
            [
              -0.704832162216931,
              44.894447282972195
            ],
            [
              -0.705086513420263,
              44.89446649697302
            ],
            [
              -0.704954975974701,
              44.89551165362366
            ]
          ]
        ]
      }
    },
    {
      "type": "Feature",
      "properties": {
        "fid": 566,
        "GID": 1182,
        "TERRIT_P": "PT_OUEST",
        "GO_DESCRITION": "requalif° voies",
        "GPOLE_SUIVI_OPE_AMENAGEMENT_EP_COMMUNES": "Bruges",
        "GPOLE_SUIVI_OPE_AMENAGEMENT_EP_LIBELLE_PROJET": "BRUGE-064 ... Requalification voiries autour îlots C2 : rues Manaud, de l'Avenir, des Ecoles",
        "GPOLE_SUIVI_OPE_AMENAGEMENT_EP_STATUT_PROJET": "Conception",
        "GPOLE_SUIVI_OPE_AMENAGEMENT_EP_CHEF_DE_PROJET": "DEFOUG Anne Helene",
        "GPOLE_SUIVI_OPE_AMENAGEMENT_EP_DESCRIPTION_PROJET": "Initialement : projet d'ouverture de la rue des écoles (actuellement en impasse) vers le boulevard Chaban.\nFonctionnement uniquement en TAD => pas de traversée du Boulevard.\nProjet d'étude dans le cadre de l'aménagement du dernier ilot de la ZAC du Tasta, avec deux sous-îlots, séparés par une emprise publique de 10 m, à aménager en cheminement piéton paysagé.\n\nModification du périmètre et des objectifs du projet :\n1. requalification des voies (avec possible renforcement des réseaux) autour des îlots C2. Ces deux îlots contigus vont être cédés à Mésolia pour être bâtis. Sont à requalifier :\n- rue Raymond Manaud (entre rue de l'Avenir et rue des Ecoles) \n- rue de l'Avenir (entre rue Raymond Manaud et boulevard Chaban-Delmas) \n- rue des Ecoles (entre rue Raymond Manaud et boulevard Chaban-Delmas), avec ouverture de la rue sur le boulevard (uniquement en TAD) + élargissement de la rue selon l'esquisse réalisée par le SEMO en avril 2023.\nIl s'agit principalement de refaire le tapis des rues, créer des trottoirs plantés côté îlots à bâtir, en intégrant si nécessaire le renforcement des réseaux.\n2. création d'un cheminement piéton paysagé entre la rue Manaud et le boulevard Chaban-Delmas.",
        "GPOLE_SUIVI_OPE_AMENAGEMENT_EP_TYPE_PROJET": "Amgt EspPublic _ Géné",
        "GPOLE_SUIVI_OPE_AMENAGEMENT_EP_PROG_FIN_PRINC_SAU": "CODEV",
        "GPOLE_SUIVI_OPE_AMENAGEMENT_EP_DEBUT_TRAVAUX": 2028,
        "GPOLE_SUIVI_OPE_AMENAGEMENT_EP_FIN_TRAVAUX": 2028
      },
      "geometry": {
        "type": "MultiLineString",
        "coordinates": [
          [
            [
              -0.584741102830375,
              44.88083016400269
            ],
            [
              -0.583945617215029,
              44.88104428378678
            ],
            [
              -0.584741102830375,
              44.88083016400269
            ],
            [
              -0.583945617215029,
              44.88104428378678
            ],
            [
              -0.584741102830375,
              44.88083016400269
            ],
            [
              -0.584830764644825,
              44.88099633338319
            ],
            [
              -0.585063437620039,
              44.88155685180376
            ],
            [
              -0.585100376367211,
              44.88170688064201
            ],
            [
              -0.585387940848128,
              44.88239268456451
            ],
            [
              -0.585469782934252,
              44.882522743098185
            ],
            [
              -0.585722320465939,
              44.88312593693678
            ],
            [
              -0.584893216210112,
              44.88335149311726
            ]
          ]
        ]
      }
    },
    {
      "type": "Feature",
      "properties": {
        "fid": 569,
        "GID": 1202,
        "TERRIT_P": "PT_OUEST",
        "GO_DESCRITION": "gir",
        "GPOLE_SUIVI_OPE_AMENAGEMENT_EP_COMMUNES": "Bruges",
        "GPOLE_SUIVI_OPE_AMENAGEMENT_EP_LIBELLE_PROJET": "BRUGE-056 ... Liaison Est/Ouest P2",
        "GPOLE_SUIVI_OPE_AMENAGEMENT_EP_STATUT_PROJET": "Exécution",
        "GPOLE_SUIVI_OPE_AMENAGEMENT_EP_CHEF_DE_PROJET": "BRUN-ROUDIER Jean",
        "GPOLE_SUIVI_OPE_AMENAGEMENT_EP_DESCRIPTION_PROJET": "Réaménagement global de la rue Maumey avec création d'une voie verte et pose d'un réseau d'assainissement pluvial.\nCréation de deux giratoires aux intersections avec la voie nouvelle LEO P1 et l'avenue d'Aquitaine.\nCréation d'un nouveau pont de franchissement de la voie de tramway.",
        "GPOLE_SUIVI_OPE_AMENAGEMENT_EP_TYPE_PROJET": "Amgt EspPublic _ Géné",
        "GPOLE_SUIVI_OPE_AMENAGEMENT_EP_PROG_FIN_PRINC_SAU": "CODEV",
        "GPOLE_SUIVI_OPE_AMENAGEMENT_EP_DEBUT_TRAVAUX": 2024,
        "GPOLE_SUIVI_OPE_AMENAGEMENT_EP_FIN_TRAVAUX": 2026
      },
      "geometry": {
        "type": "MultiLineString",
        "coordinates": [
          [
            [
              -0.60054391501814,
              44.8744013329173
            ],
            [
              -0.600529449082503,
              44.874483206080725
            ],
            [
              -0.600521202036291,
              44.87452312076844
            ],
            [
              -0.600507891181302,
              44.874559853530776
            ],
            [
              -0.600492849364938,
              44.874591596447566
            ],
            [
              -0.600474528862978,
              44.87462378533432
            ],
            [
              -0.600449182111215,
              44.874658889805886
            ],
            [
              -0.600429588656297,
              44.87468774086925
            ],
            [
              -0.600403781177318,
              44.87471730185885
            ]
          ],
          [
            [
              -0.600608317568772,
              44.874389941981306
            ],
            [
              -0.600562990794134,
              44.874399762824076
            ],
            [
              -0.60054391501814,
              44.8744013329173
            ],
            [
              -0.600516246196703,
              44.87439833076661
            ],
            [
              -0.600472402728206,
              44.874386193964874
            ],
            [
              -0.600436534764677,
              44.874364561406324
            ],
            [
              -0.600412344685018,
              44.87433554134837
            ],
            [
              -0.600402670050122,
              44.874302638809766
            ],
            [
              -0.600408188947803,
              44.87426908472554
            ],
            [
              -0.600428671932994,
              44.87423882342725
            ],
            [
              -0.600461698064442,
              44.87421501264317
            ],
            [
              -0.600503821374217,
              44.8741996442672
            ],
            [
              -0.600550234620853,
              44.87419578030109
            ],
            [
              -0.600596122421511,
              44.87420254593033
            ],
            [
              -0.600636474558996,
              44.874219757218285
            ],
            [
              -0.600666886663542,
              44.87424549930365
            ],
            [
              -0.600684078070419,
              44.8742767947317
            ],
            [
              -0.600686182807099,
              44.87431045013729
            ],
            [
              -0.600672976485142,
              44.874342877888814
            ],
            [
              -0.600645886997781,
              44.874370266928935
            ],
            [
              -0.600608317568772,
              44.874389941981306
            ]
          ]
        ]
      }
    },
    {
      "type": "Feature",
      "properties": {
        "fid": 571,
        "GID": 1421,
        "TERRIT_P": "PT_OUEST",
        "GO_DESCRITION": "amgt général",
        "GPOLE_SUIVI_OPE_AMENAGEMENT_EP_COMMUNES": "Blanquefort",
        "GPOLE_SUIVI_OPE_AMENAGEMENT_EP_LIBELLE_PROJET": "BLANQ-084...Chemin Palus",
        "GPOLE_SUIVI_OPE_AMENAGEMENT_EP_STATUT_PROJET": "Conception",
        "GPOLE_SUIVI_OPE_AMENAGEMENT_EP_CHEF_DE_PROJET": "GUIRAUD Sebastien",
        "GPOLE_SUIVI_OPE_AMENAGEMENT_EP_DESCRIPTION_PROJET": "Chemin limitrophe entre Blanquefort et le Pian Médoc avec pour principal enjeu, de rendre ce dernier traficable et de manière pérenne sur sa section Ouest (env. 440m). L’objectif à court terme et urgent étant de permettre un accès « normal » au poste de transformation RTE et à la STEP.",
        "GPOLE_SUIVI_OPE_AMENAGEMENT_EP_TYPE_PROJET": "Amgt EspPublic _ Géné",
        "GPOLE_SUIVI_OPE_AMENAGEMENT_EP_PROG_FIN_PRINC_SAU": "FIC",
        "GPOLE_SUIVI_OPE_AMENAGEMENT_EP_DEBUT_TRAVAUX": 2026,
        "GPOLE_SUIVI_OPE_AMENAGEMENT_EP_FIN_TRAVAUX": 2026
      },
      "geometry": {
        "type": "MultiLineString",
        "coordinates": [
          [
            [
              -0.625159139346971,
              44.94765863795031
            ],
            [
              -0.625899052248947,
              44.94788017136352
            ],
            [
              -0.626247932395012,
              44.94797367543351
            ],
            [
              -0.627490030638053,
              44.94808359350117
            ],
            [
              -0.628789709906238,
              44.94817224022593
            ],
            [
              -0.62933643064367,
              44.948199667747325
            ],
            [
              -0.630118445163187,
              44.94822109618224
            ],
            [
              -0.630566401924507,
              44.94821729376554
            ],
            [
              -0.630566401924507,
              44.94821729376554
            ],
            [
              -0.630566401924507,
              44.94821729376554
            ]
          ]
        ]
      }
    },
    {
      "type": "Feature",
      "properties": {
        "fid": 573,
        "GID": 1224,
        "TERRIT_P": "PT_OUEST",
        "GO_DESCRITION": "zone de rencontre",
        "GPOLE_SUIVI_OPE_AMENAGEMENT_EP_COMMUNES": "Le Bouscat",
        "GPOLE_SUIVI_OPE_AMENAGEMENT_EP_LIBELLE_PROJET": "BOUSC-083...Avenue Lakanal (section Maumey/Lavisse)",
        "GPOLE_SUIVI_OPE_AMENAGEMENT_EP_STATUT_PROJET": "Conception",
        "GPOLE_SUIVI_OPE_AMENAGEMENT_EP_CHEF_DE_PROJET": "SINTES Philippe",
        "GPOLE_SUIVI_OPE_AMENAGEMENT_EP_DESCRIPTION_PROJET": "Aménagement d'une zone de rencontre et/ou rue école.",
        "GPOLE_SUIVI_OPE_AMENAGEMENT_EP_TYPE_PROJET": "Amgt EspPublic _ Géné",
        "GPOLE_SUIVI_OPE_AMENAGEMENT_EP_PROG_FIN_PRINC_SAU": "FIC",
        "GPOLE_SUIVI_OPE_AMENAGEMENT_EP_DEBUT_TRAVAUX": 2027,
        "GPOLE_SUIVI_OPE_AMENAGEMENT_EP_FIN_TRAVAUX": 2027
      },
      "geometry": {
        "type": "MultiLineString",
        "coordinates": [
          [
            [
              -0.616677785738373,
              44.86576047527925
            ],
            [
              -0.616677700000015,
              44.865760400000035
            ],
            [
              -0.616677785738373,
              44.86576047527925
            ],
            [
              -0.616122183522831,
              44.865394911284476
            ],
            [
              -0.616122183522831,
              44.865394911284476
            ],
            [
              -0.616122183522831,
              44.865394911284476
            ],
            [
              -0.616122183522831,
              44.865394911284476
            ],
            [
              -0.616122183522831,
              44.865394911284476
            ]
          ]
        ]
      }
    },
    {
      "type": "Feature",
      "properties": {
        "fid": 575,
        "GID": 1226,
        "TERRIT_P": "PT_OUEST",
        "GO_DESCRITION": "amgt parvis ecole",
        "GPOLE_SUIVI_OPE_AMENAGEMENT_EP_COMMUNES": "Le Bouscat",
        "GPOLE_SUIVI_OPE_AMENAGEMENT_EP_LIBELLE_PROJET": "BOUSC-084...Avenue Robert Schuman",
        "GPOLE_SUIVI_OPE_AMENAGEMENT_EP_STATUT_PROJET": "Conception",
        "GPOLE_SUIVI_OPE_AMENAGEMENT_EP_CHEF_DE_PROJET": "SINTES Philippe",
        "GPOLE_SUIVI_OPE_AMENAGEMENT_EP_DESCRIPTION_PROJET": "Aménagement d'un parvis devant l'école",
        "GPOLE_SUIVI_OPE_AMENAGEMENT_EP_TYPE_PROJET": "Amgt EspPublic _ Géné",
        "GPOLE_SUIVI_OPE_AMENAGEMENT_EP_PROG_FIN_PRINC_SAU": "FIC",
        "GPOLE_SUIVI_OPE_AMENAGEMENT_EP_DEBUT_TRAVAUX": 2027,
        "GPOLE_SUIVI_OPE_AMENAGEMENT_EP_FIN_TRAVAUX": 2027
      },
      "geometry": {
        "type": "MultiLineString",
        "coordinates": [
          [
            [
              -0.596820166064717,
              44.85963239380272
            ],
            [
              -0.596781204813531,
              44.8592372641951
            ],
            [
              -0.596748078099725,
              44.859011486524636
            ],
            [
              -0.596722473368157,
              44.85890237220369
            ]
          ]
        ]
      }
    },
    {
      "type": "Feature",
      "properties": {
        "fid": 576,
        "GID": 1242,
        "TERRIT_P": "PT_OUEST",
        "GO_DESCRITION": "echangeur",
        "GPOLE_SUIVI_OPE_AMENAGEMENT_EP_COMMUNES": "Martignas-sur-Jalle,Mérignac",
        "GPOLE_SUIVI_OPE_AMENAGEMENT_EP_LIBELLE_PROJET": "MARTI-063 - Echangeur sur la déviation de Martignas/RD211",
        "GPOLE_SUIVI_OPE_AMENAGEMENT_EP_STATUT_PROJET": "Conception",
        "GPOLE_SUIVI_OPE_AMENAGEMENT_EP_CHEF_DE_PROJET": "PIAGUET Emilie",
        "GPOLE_SUIVI_OPE_AMENAGEMENT_EP_DESCRIPTION_PROJET": "La route entre Martignas et St Jean d'Illac (RD211) est actuellement sans carrefour avec la déviation de Martignas. La présente fiche étudie la création d'un échangeur dénivelé.\nL'intérêt général de cet échangeur est recherché. La présente fiche action permettra d'élaborer des études complémentaires dans cet objectif et d'amorcer le cas échéant les dossiers réglementaires.",
        "GPOLE_SUIVI_OPE_AMENAGEMENT_EP_TYPE_PROJET": "Amgt EspPublic _ Géné",
        "GPOLE_SUIVI_OPE_AMENAGEMENT_EP_PROG_FIN_PRINC_SAU": "CODEV",
        "GPOLE_SUIVI_OPE_AMENAGEMENT_EP_DEBUT_TRAVAUX": null,
        "GPOLE_SUIVI_OPE_AMENAGEMENT_EP_FIN_TRAVAUX": null
      },
      "geometry": {
        "type": "MultiLineString",
        "coordinates": [
          [
            [
              -0.776673270683039,
              44.830322858593156
            ],
            [
              -0.776533038942819,
              44.83032812170553
            ],
            [
              -0.776346195381412,
              44.83030166156845
            ],
            [
              -0.77618365202056,
              44.83024031309772
            ],
            [
              -0.776098414101704,
              44.83018207913975
            ],
            [
              -0.776046191542867,
              44.83013066124472
            ],
            [
              -0.775994127898897,
              44.83004109916688
            ],
            [
              -0.775986446752771,
              44.82992389441502
            ],
            [
              -0.776040166297342,
              44.82981053510528
            ],
            [
              -0.776149423497219,
              44.829712981975646
            ],
            [
              -0.776302903857982,
              44.829641145105725
            ],
            [
              -0.776431832339426,
              44.829610493338855
            ],
            [
              -0.77677137179125,
              44.829614032607886
            ],
            [
              -0.776941686686777,
              44.829667210435964
            ],
            [
              -0.777013659843364,
              44.82970559744582
            ],
            [
              -0.77708851212029,
              44.829767624225084
            ],
            [
              -0.777157131097554,
              44.82985623053928
            ],
            [
              -0.777180373700455,
              44.82997251296802
            ],
            [
              -0.777141751198691,
              44.83008800898075
            ],
            [
              -0.777045441179285,
              44.83019040783232
            ],
            [
              -0.776901418013556,
              44.83026964068433
            ],
            [
              -0.7767742260928,
              44.8303065241599
            ],
            [
              -0.776673270683039,
              44.830322858593156
            ]
          ]
        ]
      }
    },
    {
      "type": "Feature",
      "properties": {
        "fid": 577,
        "GID": 1581,
        "TERRIT_P": "PT_OUEST",
        "GO_DESCRITION": "voie d'insertion",
        "GPOLE_SUIVI_OPE_AMENAGEMENT_EP_COMMUNES": "Eysines",
        "GPOLE_SUIVI_OPE_AMENAGEMENT_EP_LIBELLE_PROJET": "EYSIN-074...Voie d'insertion giratoire Mermoz/Route de Lacanau",
        "GPOLE_SUIVI_OPE_AMENAGEMENT_EP_STATUT_PROJET": "Conception",
        "GPOLE_SUIVI_OPE_AMENAGEMENT_EP_CHEF_DE_PROJET": "LEFEVRE Coralie",
        "GPOLE_SUIVI_OPE_AMENAGEMENT_EP_DESCRIPTION_PROJET": "Projet de shunt sur le giratoire de Mermoz avec voie d'entrecroisement sur la RD1215 (route de Lacanau) entre ce giratoire et la rocade dans le sens entrant vers Bordeaux.",
        "GPOLE_SUIVI_OPE_AMENAGEMENT_EP_TYPE_PROJET": "Amgt EspPublic _ Géné",
        "GPOLE_SUIVI_OPE_AMENAGEMENT_EP_PROG_FIN_PRINC_SAU": "CODEV",
        "GPOLE_SUIVI_OPE_AMENAGEMENT_EP_DEBUT_TRAVAUX": null,
        "GPOLE_SUIVI_OPE_AMENAGEMENT_EP_FIN_TRAVAUX": null
      },
      "geometry": {
        "type": "MultiLineString",
        "coordinates": [
          [
            [
              -0.660513393552336,
              44.874307345561654
            ],
            [
              -0.660540032236901,
              44.87446189794663
            ],
            [
              -0.66060375824062,
              44.87460479793927
            ],
            [
              -0.660636036539189,
              44.87471583396961
            ],
            [
              -0.660639912741148,
              44.87480985118087
            ],
            [
              -0.660618538192298,
              44.874870310883196
            ],
            [
              -0.660544541566007,
              44.87492947345371
            ],
            [
              -0.660440625566522,
              44.874947756942625
            ],
            [
              -0.660286776917478,
              44.87490787273403
            ],
            [
              -0.660206333134227,
              44.87486562899924
            ],
            [
              -0.660137643399408,
              44.874743808733825
            ],
            [
              -0.660009495239543,
              44.87454619515515
            ],
            [
              -0.659888397958906,
              44.87436030930909
            ]
          ]
        ]
      }
    },
    {
      "type": "Feature",
      "properties": {
        "fid": 578,
        "GID": 1244,
        "TERRIT_P": "PT_OUEST",
        "GO_DESCRITION": "amgt general",
        "GPOLE_SUIVI_OPE_AMENAGEMENT_EP_COMMUNES": "Eysines",
        "GPOLE_SUIVI_OPE_AMENAGEMENT_EP_LIBELLE_PROJET": "EYSIN-073...Avenue du Haillan",
        "GPOLE_SUIVI_OPE_AMENAGEMENT_EP_STATUT_PROJET": "Conception",
        "GPOLE_SUIVI_OPE_AMENAGEMENT_EP_CHEF_DE_PROJET": "PIAGUET Emilie",
        "GPOLE_SUIVI_OPE_AMENAGEMENT_EP_DESCRIPTION_PROJET": "Requalification générale avec pose de collecteur, dans périmètre de protection",
        "GPOLE_SUIVI_OPE_AMENAGEMENT_EP_TYPE_PROJET": "Amgt EspPublic _ Géné",
        "GPOLE_SUIVI_OPE_AMENAGEMENT_EP_PROG_FIN_PRINC_SAU": "FIC",
        "GPOLE_SUIVI_OPE_AMENAGEMENT_EP_DEBUT_TRAVAUX": null,
        "GPOLE_SUIVI_OPE_AMENAGEMENT_EP_FIN_TRAVAUX": null
      },
      "geometry": {
        "type": "MultiLineString",
        "coordinates": [
          [
            [
              -0.664151825180833,
              44.8847781108223
            ],
            [
              -0.663804921725199,
              44.88481062067867
            ],
            [
              -0.663646801474861,
              44.88479102381558
            ],
            [
              -0.663526808662458,
              44.8847672275511
            ],
            [
              -0.663138771952405,
              44.884649175757914
            ],
            [
              -0.662863328461047,
              44.88456407609784
            ],
            [
              -0.662621521251019,
              44.88450176654852
            ],
            [
              -0.662210743610299,
              44.88443849376227
            ],
            [
              -0.661597871500852,
              44.88442522768587
            ],
            [
              -0.661060899514811,
              44.884449786377374
            ],
            [
              -0.660799609348998,
              44.88447160765105
            ],
            [
              -0.660086897994801,
              44.88455018556177
            ],
            [
              -0.659564561574147,
              44.88459768877851
            ],
            [
              -0.659152723923296,
              44.88464127925293
            ],
            [
              -0.658921498420779,
              44.884681588501266
            ],
            [
              -0.658435058288288,
              44.884778461426
            ],
            [
              -0.657741977353097,
              44.88494596869571
            ],
            [
              -0.656964101190868,
              44.88517956090762
            ],
            [
              -0.656735278751978,
              44.88525176836918
            ],
            [
              -0.656666667784547,
              44.885286761842266
            ],
            [
              -0.656666667784547,
              44.885286761842266
            ]
          ]
        ]
      }
    },
    {
      "type": "Feature",
      "properties": {
        "fid": 579,
        "GID": 1245,
        "TERRIT_P": "PT_OUEST",
        "GO_DESCRITION": "amgt general",
        "GPOLE_SUIVI_OPE_AMENAGEMENT_EP_COMMUNES": "Mérignac",
        "GPOLE_SUIVI_OPE_AMENAGEMENT_EP_LIBELLE_PROJET": "MERIG-117...Avenue Bon-Air (section Mitterrand / Briand)",
        "GPOLE_SUIVI_OPE_AMENAGEMENT_EP_STATUT_PROJET": "A lancer",
        "GPOLE_SUIVI_OPE_AMENAGEMENT_EP_CHEF_DE_PROJET": "DEFOUG Anne Helene",
        "GPOLE_SUIVI_OPE_AMENAGEMENT_EP_DESCRIPTION_PROJET": "Requalifier la rue en créant un aménagement cyclable, sur le même principe que ce qui a été fait sur les deux autres sections de Bon Air.",
        "GPOLE_SUIVI_OPE_AMENAGEMENT_EP_TYPE_PROJET": "Amgt EspPublic _ Géné",
        "GPOLE_SUIVI_OPE_AMENAGEMENT_EP_PROG_FIN_PRINC_SAU": "FIC",
        "GPOLE_SUIVI_OPE_AMENAGEMENT_EP_DEBUT_TRAVAUX": null,
        "GPOLE_SUIVI_OPE_AMENAGEMENT_EP_FIN_TRAVAUX": null
      },
      "geometry": {
        "type": "MultiLineString",
        "coordinates": [
          [
            [
              -0.649556053342359,
              44.820240259575655
            ],
            [
              -0.649768423746292,
              44.82151706377326
            ],
            [
              -0.650021199228254,
              44.82299598267606
            ],
            [
              -0.650157420262388,
              44.82378769091956
            ]
          ]
        ]
      }
    },
    {
      "type": "Feature",
      "properties": {
        "fid": 580,
        "GID": 1246,
        "TERRIT_P": "PT_OUEST",
        "GO_DESCRITION": "prolongt piste cycl",
        "GPOLE_SUIVI_OPE_AMENAGEMENT_EP_COMMUNES": "Mérignac",
        "GPOLE_SUIVI_OPE_AMENAGEMENT_EP_LIBELLE_PROJET": "MERIG-119...Avenue de l'Argonne",
        "GPOLE_SUIVI_OPE_AMENAGEMENT_EP_STATUT_PROJET": "Conception",
        "GPOLE_SUIVI_OPE_AMENAGEMENT_EP_CHEF_DE_PROJET": "HERVE Laurent",
        "GPOLE_SUIVI_OPE_AMENAGEMENT_EP_DESCRIPTION_PROJET": "L’objectif est de sécuriser les déplacements des modes actifs en prolongeant la récente piste cyclable existante de l’avenue de l’Argonne entre le centre du quartier de Beutre et giratoire de l'avenue François Mitterrand",
        "GPOLE_SUIVI_OPE_AMENAGEMENT_EP_TYPE_PROJET": "PRJ_ OIM",
        "GPOLE_SUIVI_OPE_AMENAGEMENT_EP_PROG_FIN_PRINC_SAU": "OIM",
        "GPOLE_SUIVI_OPE_AMENAGEMENT_EP_DEBUT_TRAVAUX": null,
        "GPOLE_SUIVI_OPE_AMENAGEMENT_EP_FIN_TRAVAUX": null
      },
      "geometry": {
        "type": "MultiLineString",
        "coordinates": [
          [
            [
              -0.699460438511778,
              44.81865021449249
            ],
            [
              -0.6998901786014,
              44.818434958974585
            ],
            [
              -0.700414494878368,
              44.818171696756146
            ],
            [
              -0.701172813882816,
              44.817841091071024
            ],
            [
              -0.701958531052578,
              44.81750562460854
            ],
            [
              -0.702602841246853,
              44.81726761408831
            ],
            [
              -0.703383972389567,
              44.81701735008827
            ],
            [
              -0.703881665903747,
              44.81687899322333
            ],
            [
              -0.704842394877657,
              44.816609331831884
            ],
            [
              -0.705203336973397,
              44.81651048069739
            ],
            [
              -0.709391151109983,
              44.81534725229155
            ],
            [
              -0.711598614753673,
              44.814496799027566
            ],
            [
              -0.712616041697753,
              44.81420963941071
            ],
            [
              -0.713298947483207,
              44.81385951872664
            ]
          ]
        ]
      }
    },
    {
      "type": "Feature",
      "properties": {
        "fid": 582,
        "GID": 1922,
        "TERRIT_P": "PT_OUEST",
        "GO_DESCRITION": "amgt général",
        "GPOLE_SUIVI_OPE_AMENAGEMENT_EP_COMMUNES": "Eysines",
        "GPOLE_SUIVI_OPE_AMENAGEMENT_EP_LIBELLE_PROJET": "EYSIN-076...Rue Gilbert Cauderan",
        "GPOLE_SUIVI_OPE_AMENAGEMENT_EP_STATUT_PROJET": "A lancer",
        "GPOLE_SUIVI_OPE_AMENAGEMENT_EP_CHEF_DE_PROJET": "FALGERE Eric",
        "GPOLE_SUIVI_OPE_AMENAGEMENT_EP_DESCRIPTION_PROJET": "Reprise partielle de la rue Gilbert Cauderan suite à la requalification du magasin Lidl",
        "GPOLE_SUIVI_OPE_AMENAGEMENT_EP_TYPE_PROJET": "Amgt EspPublic _ Géné",
        "GPOLE_SUIVI_OPE_AMENAGEMENT_EP_PROG_FIN_PRINC_SAU": "FIC",
        "GPOLE_SUIVI_OPE_AMENAGEMENT_EP_DEBUT_TRAVAUX": null,
        "GPOLE_SUIVI_OPE_AMENAGEMENT_EP_FIN_TRAVAUX": null
      },
      "geometry": {
        "type": "MultiLineString",
        "coordinates": [
          [
            [
              -0.631823400000037,
              44.8831933
            ],
            [
              -0.632143943077097,
              44.882769874103815
            ],
            [
              -0.632195768353468,
              44.88275182620826
            ],
            [
              -0.63226395262438,
              44.88276010133394
            ],
            [
              -0.63252671752095,
              44.88287612571359
            ],
            [
              -0.632696342035987,
              44.88294778184179
            ]
          ]
        ]
      }
    },
    {
      "type": "Feature",
      "properties": {
        "fid": 583,
        "GID": 1923,
        "TERRIT_P": "PT_OUEST",
        "GO_DESCRITION": "amgt général",
        "GPOLE_SUIVI_OPE_AMENAGEMENT_EP_COMMUNES": "Eysines",
        "GPOLE_SUIVI_OPE_AMENAGEMENT_EP_LIBELLE_PROJET": "EYSIN-076...Rue Gilbert Cauderan",
        "GPOLE_SUIVI_OPE_AMENAGEMENT_EP_STATUT_PROJET": "A lancer",
        "GPOLE_SUIVI_OPE_AMENAGEMENT_EP_CHEF_DE_PROJET": "FALGERE Eric",
        "GPOLE_SUIVI_OPE_AMENAGEMENT_EP_DESCRIPTION_PROJET": "Reprise partielle de la rue Gilbert Cauderan suite à la requalification du magasin Lidl",
        "GPOLE_SUIVI_OPE_AMENAGEMENT_EP_TYPE_PROJET": "Amgt EspPublic _ Géné",
        "GPOLE_SUIVI_OPE_AMENAGEMENT_EP_PROG_FIN_PRINC_SAU": "FIC",
        "GPOLE_SUIVI_OPE_AMENAGEMENT_EP_DEBUT_TRAVAUX": null,
        "GPOLE_SUIVI_OPE_AMENAGEMENT_EP_FIN_TRAVAUX": null
      },
      "geometry": {
        "type": "MultiLineString",
        "coordinates": [
          [
            [
              -0.631823400000037,
              44.8831933
            ],
            [
              -0.632143943077097,
              44.882769874103815
            ],
            [
              -0.632195768353468,
              44.88275182620826
            ],
            [
              -0.63226395262438,
              44.88276010133394
            ],
            [
              -0.632707735169455,
              44.88295228681891
            ]
          ]
        ]
      }
    }
  ]
}
